{"type":"FeatureCollection","features":[{"type":"Feature","id":"","properties":{"name":"","ISO_A3":""},"geometry":{"type":"Polygon","coordinates":[[[48.883,38.442],[48.832,38.871],[48.968,39.184],[49.079,38.963],[49.391,39.305],[49.285,39.522],[49.493,40.154],[49.893,40.369],[50.386,40.256],[50.052,40.584],[49.539,40.654],[49.042,41.414],[47.462,43.021],[47.702,43.874],[47.404,43.511],[47.503,43.781],[47.246,44.212],[46.68,44.528],[47.37,45.186],[47.57,45.574],[47.385,45.75],[47.654,45.559],[47.58,45.771],[47.818,45.608],[48.573,45.971],[48.744,45.841],[48.642,46.081],[49.306,46.263],[49.168,46.409],[49.367,46.389],[49.323,46.568],[49.817,46.54],[51.187,47.117],[52.113,46.813],[52.456,47.001],[53.052,46.898],[53.208,46.695],[52.998,46.485],[53.157,46.272],[52.732,45.554],[53.261,45.343],[51.416,45.39],[51.273,45.025],[50.96,44.886],[51.56,44.511],[50.311,44.662],[50.23,44.391],[50.847,44.189],[51.315,43.462],[51.276,43.154],[51.651,43.191],[51.912,42.842],[52.736,42.701],[52.564,42.742],[52.676,42.538],[52.435,42.15],[52.446,41.761],[52.85,41.086],[52.897,41.669],[52.751,41.737],[53.122,42.09],[53.682,42.144],[53.897,42.079],[54.061,41.503],[54.76,40.965],[54.25,40.891],[54.404,40.674],[53.721,40.626],[53.615,40.892],[53.483,40.737],[53.107,40.774],[52.917,41.085],[52.702,40.312],[53.04,39.742],[52.914,40.022],[53.567,39.95],[53.417,39.65],[53.736,39.518],[53.217,39.525],[53.276,39.665],[53.085,39.4],[53.161,39.18],[53.17,39.352],[53.565,39.345],[53.971,38.934],[53.807,38.032],[54.014,36.821],[53.609,36.877],[54.007,36.953],[51.909,36.583],[51.089,36.737],[50.196,37.389],[49.132,37.623],[48.885,38.407],[48.883,38.442]]]}},{"type":"Feature","id":"AFG","properties":{"name":"Afghanistan","ISO_A3":"AFG"},"geometry":{"type":"Polygon","coordinates":[[[74.89,37.234],[74.501,37.239],[74.544,36.967],[74.121,36.838],[72.653,36.852],[71.807,36.399],[71.637,36.477],[71.197,36.041],[71.553,35.723],[71.681,35.209],[71.011,34.534],[71.173,34.365],[71.083,34.063],[69.905,34.04],[70.328,33.343],[69.5,33.021],[69.24,32.464],[69.324,31.926],[68.908,31.597],[68.576,31.834],[68.171,31.835],[67.571,31.525],[67.773,31.322],[66.729,31.201],[66.392,30.941],[66.25,29.85],[64.128,29.378],[62.469,29.389],[60.873,29.858],[61.838,31.036],[61.707,31.376],[60.856,31.487],[60.883,32.198],[60.583,33.13],[60.946,33.514],[60.581,33.597],[60.523,34.107],[60.918,34.305],[60.742,34.527],[61.001,34.643],[61.287,35.614],[62.064,35.434],[62.31,35.132],[62.713,35.24],[63.103,35.428],[63.248,35.681],[63.121,35.863],[64.069,35.997],[64.526,36.305],[64.756,37.113],[65.531,37.238],[65.707,37.539],[66.309,37.323],[67.045,37.38],[67.262,37.183],[67.5,37.282],[68.016,36.924],[68.91,37.334],[69.251,37.094],[69.537,37.591],[70.174,37.532],[70.303,37.692],[70.171,37.929],[70.997,38.488],[71.374,38.256],[71.257,37.923],[71.592,37.913],[71.43,37.074],[71.676,36.672],[72.678,37.022],[73.306,37.464],[73.776,37.439],[73.617,37.271],[73.759,37.222],[74.375,37.424],[74.887,37.258],[74.89,37.234]]]}},{"type":"Feature","id":"AGO","properties":{"name":"Angola","ISO_A3":"AGO"},"geometry":{"type":"MultiPolygon","coordinates":[[[[12.015,-5.03],[12.772,-4.39],[13.111,-4.674],[12.464,-5.08],[12.528,-5.742],[12.171,-5.734],[12.018,-5.044],[12.015,-5.03]]],[[[11.803,-16.013],[12.289,-14.746],[12.528,-13.45],[13.652,-12.244],[13.865,-11.016],[12.993,-9.094],[13.397,-8.743],[13.394,-8.395],[12.33,-6.08],[13.219,-5.864],[16.572,-5.871],[16.942,-7.238],[17.566,-8.125],[18.531,-7.917],[19.381,-8.0],[19.548,-7.0],[20.628,-6.917],[20.553,-7.283],[21.789,-7.283],[21.752,-7.943],[21.952,-8.502],[21.791,-9.418],[22.328,-10.387],[22.25,-11.264],[22.556,-11.031],[24.023,-10.968],[24.077,-12.381],[23.894,-12.841],[24.058,-13.001],[22.004,-13.0],[22.0,-16.207],[23.434,-17.638],[20.801,-18.037],[18.904,-17.82],[18.422,-17.39],[13.955,-17.433],[13.17,-16.964],[12.564,-17.243],[11.792,-17.273],[11.806,-16.026],[11.803,-16.013]]]]}},{"type":"Feature","id":"ALB","properties":{"name":"Albania","ISO_A3":"ALB"},"geometry":{"type":"Polygon","coordinates":[[[19.439,41.309],[19.618,41.781],[19.374,41.855],[19.493,42.054],[19.357,42.232],[19.662,42.628],[19.831,42.466],[20.079,42.556],[20.568,42.121],[20.515,41.232],[20.732,40.912],[20.968,40.911],[21.057,40.617],[20.677,40.099],[20.312,39.991],[20.415,39.816],[20.219,39.646],[19.297,40.418],[19.485,40.349],[19.313,40.647],[19.474,41.313],[19.439,41.309]]]}},{"type":"Feature","id":"ARE","properties":{"name":"United Arab Emirates","ISO_A3":"ARE"},"geometry":{"type":"Polygon","coordinates":[[[56.087,26.051],[56.177,25.618],[56.356,25.594],[56.377,24.981],[56.113,24.738],[56.007,24.995],[55.812,24.911],[55.753,24.235],[56.018,24.066],[55.485,23.94],[55.573,23.632],[55.137,22.631],[52.581,22.939],[51.591,24.127],[51.584,24.364],[51.834,23.985],[52.081,23.961],[52.595,24.197],[53.63,24.045],[54.128,24.161],[54.244,24.413],[54.3,24.242],[54.488,24.304],[54.708,24.814],[56.07,25.99],[56.087,26.051]]]}},{"type":"Feature","id":"ARG","properties":{"name":"Argentina","ISO_A3":"ARG"},"geometry":{"type":"MultiPolygon","coordinates":[[[[-68.607,-54.894],[-68.607,-52.657],[-68.253,-53.031],[-68.547,-53.25],[-68.136,-53.332],[-67.447,-53.978],[-66.46,-54.48],[-65.127,-54.651],[-65.382,-54.94],[-66.456,-55.058],[-68.559,-54.891],[-68.607,-54.894]]],[[[-64.703,-42.215],[-64.464,-42.239],[-64.617,-42.422],[-64.119,-42.427],[-64.059,-42.276],[-64.374,-42.236],[-63.758,-42.077],[-63.637,-42.769],[-64.144,-42.874],[-64.213,-42.623],[-64.567,-42.492],[-64.976,-42.647],[-65.016,-42.781],[-64.307,-42.979],[-64.989,-43.265],[-65.332,-43.658],[-65.222,-44.363],[-65.689,-44.718],[-65.585,-45.008],[-66.196,-44.985],[-66.966,-45.274],[-67.62,-46.048],[-67.443,-46.546],[-66.793,-46.998],[-65.739,-47.205],[-65.846,-47.738],[-66.195,-47.82],[-65.912,-47.761],[-65.786,-47.946],[-67.549,-49.012],[-67.905,-49.998],[-68.352,-50.118],[-68.608,-49.824],[-68.759,-49.967],[-68.362,-50.163],[-68.88,-50.335],[-69.395,-51.08],[-69.164,-50.983],[-68.946,-51.549],[-69.544,-51.603],[-68.956,-51.629],[-68.355,-52.337],[-69.996,-52.001],[-72.026,-51.97],[-71.944,-51.876],[-72.444,-51.585],[-72.264,-51.278],[-72.41,-51.107],[-72.266,-51.035],[-72.287,-50.66],[-73.144,-50.781],[-73.559,-49.948],[-73.466,-49.284],[-73.087,-49.284],[-72.952,-48.952],[-72.525,-48.791],[-72.588,-48.487],[-72.241,-48.346],[-72.523,-47.743],[-71.883,-47.228],[-71.955,-46.816],[-71.648,-46.689],[-71.908,-46.145],[-71.615,-45.976],[-71.797,-45.623],[-71.337,-45.237],[-72.062,-44.757],[-71.275,-44.809],[-71.091,-44.532],[-71.84,-44.35],[-71.581,-43.652],[-71.931,-43.457],[-71.73,-43.198],[-72.142,-42.901],[-72.011,-42.489],[-72.188,-42.157],[-71.727,-42.123],[-71.965,-40.738],[-71.656,-40.35],[-71.83,-40.216],[-71.592,-39.902],[-71.699,-39.589],[-71.461,-39.582],[-71.426,-38.922],[-70.825,-38.592],[-71.211,-37.698],[-71.18,-36.843],[-71.038,-36.477],[-70.421,-36.153],[-70.317,-35.819],[-70.583,-35.266],[-70.378,-35.173],[-70.032,-34.292],[-69.797,-34.207],[-69.902,-33.764],[-69.769,-33.349],[-70.065,-33.205],[-69.989,-32.899],[-70.388,-32.044],[-70.209,-31.96],[-70.567,-31.583],[-70.525,-31.189],[-70.276,-31.048],[-70.144,-30.34],[-69.955,-30.386],[-69.817,-30.18],[-70.025,-29.386],[-69.789,-29.127],[-69.655,-28.416],[-69.122,-27.9],[-68.842,-27.154],[-68.294,-27.039],[-68.588,-26.492],[-68.381,-26.178],[-68.589,-25.448],[-68.343,-25.111],[-68.503,-24.618],[-67.323,-24.034],[-66.99,-23.0],[-67.181,-22.814],[-66.739,-22.238],[-66.288,-22.085],[-66.221,-21.781],[-65.747,-22.109],[-64.638,-22.195],[-64.304,-22.87],[-63.931,-21.999],[-62.813,-21.999],[-61.986,-23.022],[-60.992,-23.808],[-60.039,-24.012],[-59.12,-24.621],[-57.848,-25.098],[-57.575,-25.563],[-58.117,-26.152],[-58.192,-26.639],[-58.652,-27.129],[-58.607,-27.299],[-56.607,-27.432],[-56.393,-27.607],[-56.097,-27.311],[-55.739,-27.445],[-55.552,-27.098],[-54.788,-26.633],[-54.594,-25.592],[-54.436,-25.696],[-54.093,-25.502],[-53.641,-26.216],[-53.776,-27.102],[-54.282,-27.447],[-54.809,-27.53],[-55.033,-27.857],[-55.769,-28.241],[-55.692,-28.418],[-55.878,-28.361],[-57.888,-30.502],[-57.806,-30.892],[-58.205,-31.867],[-58.126,-33.019],[-58.433,-33.089],[-58.471,-33.823],[-58.876,-33.934],[-58.389,-34.244],[-58.543,-34.432],[-58.316,-34.658],[-57.225,-35.271],[-57.126,-35.435],[-57.382,-35.967],[-57.061,-36.303],[-56.735,-36.32],[-56.669,-36.886],[-57.407,-37.616],[-57.546,-38.101],[-58.33,-38.483],[-60.853,-38.98],[-61.812,-38.992],[-62.299,-38.792],[-62.309,-39.203],[-62.003,-39.396],[-62.238,-39.323],[-62.037,-39.445],[-62.115,-39.871],[-62.309,-39.884],[-62.465,-40.339],[-62.338,-40.634],[-62.172,-40.585],[-62.311,-40.871],[-63.104,-41.155],[-63.786,-41.158],[-65.019,-40.764],[-65.167,-41.018],[-64.993,-41.501],[-65.069,-42.009],[-64.721,-42.216],[-64.703,-42.215]]]]}},{"type":"Feature","id":"ARM","properties":{"name":"Armenia","ISO_A3":"ARM"},"geometry":{"type":"Polygon","coordinates":[[[44.766,39.714],[44.352,40.028],[43.655,40.114],[43.547,40.467],[43.748,40.732],[43.459,41.12],[45.016,41.297],[45.203,41.16],[45.063,41.056],[45.602,40.883],[45.364,40.653],[45.978,40.188],[45.61,39.974],[46.175,39.586],[46.566,39.57],[46.381,39.436],[46.616,39.222],[46.432,39.188],[46.534,38.867],[46.141,38.845],[45.777,39.584],[45.447,39.506],[45.061,39.794],[44.77,39.717],[44.766,39.714]]]}},{"type":"Feature","id":"ATA","properties":{"name":"Antarctica","ISO_A3":"ATA"},"geometry":{"type":"MultiPolygon","coordinates":[[[[-159.502,-79.487],[-158.975,-79.722],[-159.07,-79.819],[-160.713,-79.855],[-164.318,-79.288],[-164.246,-79.043],[-163.243,-78.706],[-162.144,-78.792],[-159.566,-79.433],[-159.502,-79.487]]],[[[-120.296,-73.952],[-121.047,-74.167],[-120.944,-74.309],[-121.099,-74.348],[-122.243,-74.413],[-123.028,-74.248],[-122.327,-73.916],[-123.275,-73.754],[-120.54,-73.753],[-120.378,-73.831],[-120.735,-73.879],[-120.261,-73.928],[-120.296,-73.952]]],[[[-125.21,-73.661],[-125.878,-73.705],[-125.776,-73.81],[-124.992,-73.882],[-124.534,-73.728],[-123.754,-74.073],[-123.928,-74.262],[-124.784,-74.226],[-126.475,-73.842],[-126.547,-73.67],[-127.229,-73.733],[-127.166,-73.603],[-127.495,-73.44],[-127.149,-73.277],[-126.104,-73.296],[-125.213,-73.64],[-125.21,-73.661]]],[[[-97.773,-72.071],[-97.892,-71.911],[-97.493,-71.909],[-97.365,-71.98],[-97.618,-72.096],[-97.394,-72.208],[-96.99,-71.847],[-96.209,-71.861],[-96.139,-72.014],[-97.0,-72.214],[-95.658,-72.048],[-95.541,-72.177],[-96.416,-72.29],[-95.429,-72.334],[-96.023,-72.436],[-96.055,-72.584],[-98.58,-72.573],[-99.397,-72.498],[-99.186,-72.375],[-102.292,-72.127],[-102.087,-71.974],[-100.133,-71.822],[-99.993,-71.933],[-100.452,-71.998],[-99.499,-71.93],[-98.686,-72.107],[-99.153,-71.916],[-98.532,-71.757],[-97.982,-71.86],[-98.353,-72.156],[-97.754,-72.094],[-97.773,-72.071]]],[[[-67.302,-78.618],[-69.296,-79.218],[-69.781,-79.442],[-69.492,-79.533],[-69.647,-79.604],[-70.342,-79.697],[-71.781,-79.524],[-71.395,-79.102],[-67.578,-78.372],[-66.664,-78.337],[-67.159,-78.553],[-67.302,-78.618]]],[[[-74.592,-73.309],[-74.361,-73.46],[-74.593,-73.615],[-76.031,-73.284],[-76.039,-73.084],[-75.036,-73.039],[-75.762,-72.896],[-75.296,-72.82],[-74.219,-72.991],[-74.717,-73.309],[-74.592,-73.309]]],[[[-91.025,-73.15],[-91.525,-73.193],[-91.333,-72.898],[-91.687,-72.61],[-90.816,-72.603],[-90.918,-72.834],[-90.724,-72.913],[-90.918,-73.101],[-91.025,-73.15]]],[[[-76.406,-71.108],[-76.469,-70.919],[-75.2,-70.777],[-75.0,-70.593],[-74.596,-70.794],[-74.463,-70.577],[-73.884,-70.571],[-73.559,-70.75],[-74.401,-70.975],[-76.346,-71.123],[-76.406,-71.108]]],[[[-70.095,-69.281],[-69.739,-69.294],[-69.317,-69.626],[-69.285,-69.923],[-68.33,-70.8],[-68.47,-70.811],[-68.299,-70.869],[-68.161,-71.606],[-68.221,-71.858],[-68.483,-71.897],[-68.436,-72.241],[-68.763,-72.223],[-69.218,-72.543],[-72.408,-72.674],[-73.147,-72.453],[-72.82,-72.292],[-70.183,-72.274],[-72.055,-72.158],[-70.77,-71.99],[-70.837,-71.851],[-71.788,-71.899],[-72.339,-71.613],[-72.859,-71.921],[-73.879,-71.864],[-73.501,-72.012],[-74.005,-72.174],[-75.429,-71.875],[-75.177,-71.753],[-75.414,-71.661],[-75.125,-71.545],[-74.29,-71.658],[-74.437,-71.451],[-74.222,-71.382],[-73.525,-71.606],[-73.336,-71.537],[-73.585,-71.323],[-72.189,-71.373],[-73.054,-71.182],[-72.786,-71.063],[-71.69,-71.159],[-71.357,-70.971],[-70.411,-70.945],[-69.838,-71.152],[-69.837,-70.838],[-71.267,-70.68],[-70.999,-70.466],[-69.588,-70.393],[-70.196,-70.14],[-71.077,-70.222],[-71.784,-70.042],[-71.912,-69.708],[-71.616,-69.455],[-72.08,-69.318],[-72.197,-69.082],[-70.47,-68.781],[-70.106,-68.891],[-69.994,-69.094],[-70.126,-69.243],[-70.095,-69.281]]],[[[-74.609,-69.983],[-74.873,-70.184],[-75.786,-70.08],[-75.726,-69.891],[-74.963,-69.717],[-74.407,-69.938],[-74.573,-69.986],[-74.609,-69.983]]],[[[-67.682,-67.151],[-68.251,-67.369],[-67.965,-67.395],[-68.123,-67.569],[-68.913,-67.755],[-69.155,-67.476],[-68.321,-66.789],[-67.659,-66.649],[-68.026,-66.941],[-67.706,-67.14],[-67.682,-67.151]]],[[[-59.854,-79.817],[-59.678,-79.957],[-59.961,-80.084],[-59.299,-80.195],[-59.58,-80.211],[-59.827,-80.516],[-59.467,-80.491],[-60.653,-80.96],[-62.522,-80.865],[-63.141,-80.592],[-64.285,-80.751],[-66.769,-80.29],[-61.75,-80.368],[-61.185,-80.253],[-61.806,-80.051],[-61.291,-80.015],[-61.515,-79.894],[-60.077,-79.656],[-60.487,-79.738],[-59.799,-79.774],[-59.854,-79.817]]],[[[-63.307,-64.38],[-63.09,-64.459],[-63.257,-64.584],[-62.83,-64.57],[-63.336,-64.759],[-64.295,-64.688],[-63.575,-64.265],[-63.179,-64.278],[-63.302,-64.364],[-63.307,-64.38]]],[[[-57.834,-64.017],[-57.155,-64.085],[-57.4,-64.146],[-57.113,-64.207],[-57.565,-64.287],[-57.296,-64.371],[-58.23,-64.38],[-58.013,-64.239],[-58.461,-64.129],[-58.304,-63.925],[-57.795,-63.791],[-57.818,-64.004],[-57.834,-64.017]]],[[[-43.453,-79.111],[-43.149,-79.179],[-43.348,-79.239],[-42.936,-79.522],[-43.137,-79.952],[-43.857,-79.997],[-43.532,-80.2],[-49.798,-80.791],[-54.162,-80.877],[-54.378,-80.577],[-53.407,-80.108],[-52.302,-80.061],[-52.396,-80.185],[-50.264,-79.536],[-50.713,-79.282],[-50.484,-79.129],[-50.561,-78.96],[-50.214,-78.833],[-50.431,-78.813],[-50.204,-78.593],[-49.072,-78.042],[-47.223,-77.773],[-45.934,-77.817],[-43.819,-78.248],[-43.718,-78.367],[-43.9,-78.584],[-45.37,-78.786],[-43.739,-78.801],[-43.43,-79.085],[-43.453,-79.111]]],[[[-56.98,-63.471],[-56.822,-63.638],[-57.445,-63.444],[-58.457,-63.843],[-58.82,-64.219],[-59.108,-64.227],[-58.77,-64.282],[-58.949,-64.357],[-58.816,-64.543],[-59.516,-64.317],[-59.662,-64.392],[-59.591,-64.588],[-59.958,-64.387],[-61.052,-65.011],[-61.75,-64.975],[-61.628,-65.241],[-62.198,-65.304],[-61.701,-65.546],[-62.08,-65.596],[-62.372,-65.916],[-61.596,-66.166],[-61.618,-66.022],[-61.309,-66.087],[-61.333,-65.92],[-60.578,-65.94],[-60.698,-66.116],[-61.024,-66.083],[-60.876,-66.188],[-60.995,-66.341],[-61.444,-66.123],[-61.78,-66.213],[-61.751,-66.478],[-61.993,-66.197],[-62.668,-66.227],[-62.761,-66.316],[-62.514,-66.478],[-62.704,-66.581],[-62.458,-66.643],[-62.589,-66.725],[-63.235,-66.239],[-63.812,-66.189],[-63.583,-66.394],[-63.903,-66.382],[-63.797,-66.588],[-64.135,-66.643],[-63.756,-66.898],[-64.624,-66.772],[-64.966,-67.034],[-64.69,-67.148],[-65.066,-67.202],[-64.749,-67.307],[-65.616,-67.369],[-65.337,-67.658],[-65.707,-67.859],[-65.329,-67.984],[-65.761,-68.166],[-64.756,-68.108],[-65.481,-68.308],[-64.976,-68.408],[-65.339,-68.526],[-65.244,-68.629],[-64.033,-68.831],[-64.257,-68.574],[-62.872,-68.421],[-63.742,-68.572],[-63.813,-68.718],[-63.212,-68.839],[-63.897,-68.983],[-63.321,-69.05],[-63.396,-69.186],[-62.397,-69.515],[-62.53,-69.864],[-61.869,-70.208],[-62.393,-70.219],[-62.413,-70.391],[-61.354,-70.561],[-62.129,-70.723],[-62.044,-70.886],[-61.305,-70.856],[-61.371,-71.016],[-60.935,-71.182],[-61.277,-71.224],[-60.984,-71.367],[-61.417,-71.323],[-61.129,-71.415],[-62.112,-71.64],[-61.119,-71.539],[-60.798,-71.782],[-62.441,-71.92],[-62.112,-72.01],[-62.254,-72.135],[-61.192,-72.166],[-60.694,-71.998],[-61.072,-72.191],[-60.687,-72.231],[-60.998,-72.356],[-60.643,-72.43],[-61.465,-72.407],[-61.215,-72.638],[-61.42,-72.646],[-61.12,-72.78],[-60.552,-72.656],[-60.764,-73.074],[-59.949,-72.895],[-60.027,-73.279],[-60.599,-73.185],[-60.734,-73.398],[-60.878,-73.242],[-61.083,-73.347],[-62.065,-73.13],[-61.646,-73.252],[-62.002,-73.231],[-61.568,-73.353],[-61.935,-73.372],[-61.688,-73.536],[-60.8,-73.578],[-61.146,-73.738],[-60.735,-73.716],[-60.987,-73.955],[-61.791,-73.907],[-61.582,-73.97],[-61.859,-74.03],[-61.133,-74.164],[-61.978,-74.244],[-60.691,-74.239],[-60.978,-74.497],[-62.364,-74.403],[-61.782,-74.722],[-61.873,-74.851],[-62.526,-74.997],[-62.701,-74.678],[-63.264,-74.674],[-63.102,-74.914],[-64.086,-74.999],[-63.041,-75.147],[-64.434,-75.318],[-63.162,-75.409],[-66.219,-76.011],[-70.101,-76.424],[-69.746,-76.469],[-70.05,-76.499],[-69.816,-76.522],[-70.1,-76.565],[-70.014,-76.694],[-73.767,-76.719],[-76.584,-76.52],[-76.708,-76.674],[-77.693,-76.488],[-77.524,-76.73],[-76.822,-77.005],[-77.0,-77.036],[-75.527,-77.541],[-72.722,-77.576],[-73.431,-77.999],[-74.996,-78.22],[-80.769,-77.67],[-81.667,-77.841],[-77.413,-78.42],[-77.329,-78.598],[-77.754,-78.736],[-80.295,-78.847],[-82.487,-78.466],[-83.831,-77.982],[-82.945,-78.473],[-83.681,-78.327],[-83.886,-78.419],[-83.72,-78.56],[-81.106,-79.203],[-81.319,-79.299],[-81.117,-79.47],[-80.439,-79.566],[-80.429,-79.258],[-76.066,-79.435],[-75.925,-79.52],[-76.098,-79.734],[-76.632,-79.939],[-79.687,-79.983],[-78.273,-80.178],[-76.274,-80.081],[-75.414,-80.489],[-75.712,-80.638],[-75.03,-80.772],[-75.554,-80.891],[-74.163,-80.8],[-72.589,-80.961],[-72.462,-80.75],[-70.821,-80.61],[-69.976,-80.976],[-68.449,-80.977],[-65.174,-81.512],[-62.189,-81.599],[-65.692,-81.711],[-63.476,-81.837],[-66.256,-81.948],[-65.63,-81.987],[-66.08,-82.292],[-64.44,-82.41],[-60.401,-82.17],[-62.795,-82.52],[-61.932,-82.972],[-62.139,-83.037],[-61.066,-82.91],[-61.113,-83.165],[-61.851,-83.368],[-60.952,-83.476],[-59.47,-83.46],[-54.303,-82.192],[-48.38,-81.89],[-47.38,-81.924],[-47.585,-82.02],[-47.296,-82.07],[-46.279,-81.91],[-46.027,-82.154],[-46.689,-82.405],[-45.52,-82.527],[-43.353,-82.209],[-43.148,-82.114],[-43.19,-81.9],[-41.941,-81.611],[-41.047,-81.181],[-38.755,-80.871],[-37.23,-81.089],[-36.033,-80.921],[-35.215,-80.695],[-35.358,-80.615],[-30.388,-80.498],[-31.319,-80.309],[-29.761,-80.176],[-22.532,-79.917],[-24.256,-79.715],[-30.673,-79.588],[-29.541,-79.28],[-30.525,-79.286],[-29.942,-79.111],[-30.184,-79.044],[-32.82,-79.244],[-36.251,-78.852],[-36.441,-78.611],[-36.013,-78.211],[-35.581,-78.15],[-35.313,-77.844],[-34.508,-77.853],[-34.774,-77.687],[-34.321,-77.466],[-31.915,-77.151],[-28.859,-76.353],[-24.214,-75.756],[-18.251,-75.46],[-18.874,-75.249],[-17.802,-74.777],[-17.966,-74.638],[-17.623,-74.585],[-17.571,-74.37],[-15.196,-74.361],[-15.302,-74.221],[-14.362,-73.858],[-16.517,-73.885],[-15.826,-73.789],[-16.583,-73.686],[-16.544,-73.469],[-15.541,-73.077],[-13.917,-73.106],[-14.365,-72.709],[-13.379,-72.836],[-11.388,-72.418],[-11.361,-72.163],[-10.847,-71.781],[-11.988,-71.679],[-12.381,-71.395],[-11.807,-71.26],[-10.758,-71.577],[-10.6,-71.527],[-10.653,-71.325],[-9.989,-71.119],[-10.425,-71.019],[-10.267,-70.931],[-9.055,-71.207],[-9.127,-71.416],[-8.429,-71.73],[-7.589,-71.612],[-7.774,-71.447],[-7.564,-71.151],[-7.912,-70.844],[-6.618,-70.924],[-6.014,-70.68],[-5.567,-70.842],[-6.281,-71.311],[-6.15,-71.366],[-3.937,-71.294],[-3.471,-71.521],[-3.309,-71.29],[-2.677,-71.257],[-2.088,-71.483],[-1.395,-71.443],[-1.138,-71.255],[-0.813,-71.378],[-0.952,-71.624],[-0.518,-71.765],[0.232,-71.35],[2.52,-70.901],[7.567,-70.524],[7.479,-70.19],[7.894,-70.177],[7.93,-70.472],[8.443,-70.482],[9.157,-70.36],[8.898,-70.185],[9.294,-70.079],[9.979,-70.454],[11.854,-70.782],[12.322,-70.37],[13.018,-70.242],[12.445,-70.07],[12.969,-70.046],[13.849,-70.348],[15.827,-70.378],[15.963,-70.19],[16.577,-70.131],[16.505,-70.454],[18.094,-70.542],[18.498,-70.503],[18.253,-70.326],[18.942,-70.171],[19.297,-70.368],[18.931,-70.736],[19.567,-70.946],[21.201,-70.812],[21.209,-70.576],[21.746,-70.226],[22.579,-70.54],[21.826,-70.655],[22.327,-70.759],[23.259,-70.823],[23.752,-70.403],[24.109,-70.409],[24.409,-70.534],[24.319,-70.74],[24.968,-70.945],[27.275,-70.99],[27.203,-70.845],[29.841,-70.311],[32.745,-70.013],[33.002,-69.519],[32.488,-69.082],[32.506,-68.903],[33.216,-68.67],[34.301,-68.688],[34.371,-68.806],[33.604,-69.052],[35.125,-69.26],[35.229,-69.537],[35.079,-69.671],[35.244,-69.736],[36.706,-69.63],[37.036,-69.887],[37.786,-69.682],[38.241,-69.767],[38.02,-69.849],[38.237,-70.028],[38.94,-70.205],[39.066,-70.146],[38.804,-69.988],[39.193,-69.893],[39.161,-69.727],[39.779,-69.611],[39.709,-69.021],[39.858,-68.83],[42.536,-68.38],[42.829,-68.096],[44.803,-67.976],[44.618,-67.86],[44.973,-67.731],[46.402,-67.745],[46.623,-67.59],[46.235,-67.449],[46.48,-67.275],[47.441,-67.409],[46.92,-67.507],[47.327,-67.567],[47.094,-67.705],[47.634,-67.66],[47.359,-67.773],[48.455,-67.73],[48.171,-67.889],[48.383,-68.023],[48.709,-67.751],[48.582,-67.475],[49.405,-67.223],[48.585,-67.209],[48.361,-67.016],[49.216,-66.819],[49.348,-66.955],[49.16,-67.001],[49.883,-67.078],[49.698,-67.289],[50.165,-67.115],[50.881,-67.216],[50.428,-66.963],[50.83,-66.775],[50.24,-66.743],[50.424,-66.338],[53.735,-65.846],[55.183,-65.931],[56.377,-66.453],[57.238,-66.547],[57.281,-66.709],[57.015,-66.729],[55.992,-66.586],[56.707,-66.9],[56.272,-66.876],[56.154,-66.952],[56.367,-67.01],[55.762,-67.208],[56.153,-67.196],[56.171,-67.409],[56.558,-67.11],[57.594,-66.99],[58.136,-67.098],[58.02,-67.219],[58.916,-67.178],[59.02,-67.305],[58.594,-67.299],[59.513,-67.606],[59.679,-67.394],[60.467,-67.37],[62.617,-67.66],[63.651,-67.503],[68.377,-67.895],[69.611,-67.751],[69.635,-68.122],[70.18,-68.495],[69.281,-68.831],[69.858,-68.872],[69.304,-69.047],[69.74,-69.296],[68.742,-69.389],[68.898,-69.455],[68.733,-69.551],[69.355,-69.617],[68.883,-69.741],[69.207,-69.798],[69.022,-69.949],[68.606,-70.027],[68.177,-69.72],[67.218,-70.263],[68.536,-70.472],[69.146,-70.309],[69.257,-70.461],[68.896,-71.036],[68.055,-71.355],[67.262,-72.081],[67.31,-72.342],[67.0,-72.903],[66.346,-73.129],[67.223,-73.312],[68.022,-73.147],[68.117,-72.953],[67.921,-72.693],[68.333,-72.508],[69.559,-72.464],[69.95,-72.258],[69.805,-72.188],[69.946,-72.081],[70.73,-71.946],[70.432,-71.839],[71.54,-71.61],[71.16,-71.473],[71.536,-71.246],[71.342,-71.182],[71.542,-70.96],[71.828,-70.867],[71.796,-70.716],[72.853,-70.445],[72.626,-70.179],[73.249,-69.859],[74.075,-69.713],[74.412,-69.928],[75.814,-69.835],[75.82,-69.525],[77.842,-69.13],[78.044,-69.003],[77.986,-68.82],[78.67,-68.699],[78.477,-68.644],[78.56,-68.365],[79.131,-68.148],[82.586,-67.603],[83.616,-67.638],[83.417,-67.428],[84.491,-67.11],[85.616,-67.188],[87.966,-66.77],[90.399,-66.82],[91.96,-66.498],[93.624,-66.583],[93.739,-66.747],[94.917,-66.475],[95.556,-66.711],[97.081,-66.492],[97.695,-66.679],[98.528,-66.449],[98.54,-66.623],[99.069,-66.49],[98.716,-66.643],[98.856,-66.904],[99.53,-66.557],[100.5,-66.519],[100.644,-66.458],[100.471,-66.397],[101.476,-66.058],[101.169,-66.029],[101.336,-65.944],[102.714,-65.861],[107.779,-66.552],[107.71,-66.848],[108.207,-66.627],[108.882,-66.968],[110.744,-66.715],[110.602,-66.529],[110.725,-66.405],[110.489,-66.309],[110.927,-66.055],[113.204,-65.765],[114.43,-66.226],[114.322,-66.509],[115.113,-66.478],[115.781,-66.788],[115.387,-67.004],[114.03,-67.191],[113.704,-67.5],[116.943,-66.948],[116.883,-67.137],[118.428,-67.032],[118.29,-67.182],[118.842,-67.185],[120.402,-66.945],[118.732,-67.279],[118.957,-67.422],[124.015,-66.589],[124.717,-66.759],[125.898,-66.306],[126.354,-66.553],[126.43,-66.355],[126.854,-66.449],[126.57,-66.666],[126.819,-66.691],[126.682,-66.845],[127.063,-66.849],[127.065,-67.125],[127.364,-66.931],[127.432,-67.07],[128.764,-67.026],[129.065,-67.174],[129.434,-66.967],[129.722,-66.438],[130.705,-66.15],[133.792,-66.105],[134.427,-66.311],[134.109,-66.505],[134.35,-66.52],[135.488,-66.111],[135.63,-66.347],[136.128,-66.236],[136.672,-66.541],[136.736,-66.349],[137.458,-66.345],[138.133,-66.624],[141.982,-66.8],[142.477,-67.026],[143.508,-66.845],[143.861,-66.92],[143.751,-67.139],[144.101,-67.172],[144.512,-67.016],[144.662,-67.117],[144.321,-67.172],[144.514,-67.235],[144.086,-67.425],[144.181,-67.609],[143.881,-67.934],[144.249,-67.954],[145.323,-67.51],[145.644,-67.737],[146.048,-67.587],[146.301,-67.851],[146.529,-67.77],[146.41,-67.952],[146.873,-67.938],[146.602,-68.178],[147.065,-68.039],[146.718,-68.303],[147.108,-68.294],[147.03,-68.416],[149.785,-68.487],[149.736,-68.352],[150.957,-68.343],[151.114,-68.456],[151.025,-68.777],[151.567,-68.917],[151.573,-68.693],[151.924,-68.667],[153.093,-68.879],[153.845,-68.76],[153.7,-68.546],[153.865,-68.494],[153.682,-68.376],[153.836,-68.274],[154.719,-68.528],[154.45,-68.626],[154.518,-68.804],[154.795,-68.711],[155.638,-69.134],[155.537,-68.984],[155.74,-68.944],[156.35,-69.202],[157.14,-69.161],[157.406,-69.431],[157.646,-69.382],[157.568,-69.214],[157.992,-69.172],[159.12,-69.516],[159.754,-69.502],[160.334,-69.796],[159.761,-69.885],[159.878,-69.99],[160.794,-70.118],[161.452,-70.686],[161.361,-70.901],[162.341,-71.109],[162.038,-70.83],[161.998,-70.438],[162.595,-70.269],[163.17,-70.588],[163.846,-70.623],[163.895,-70.782],[164.24,-70.491],[167.701,-70.791],[167.829,-70.943],[167.14,-70.996],[167.878,-71.014],[168.101,-71.108],[167.741,-71.223],[168.645,-71.181],[170.183,-71.674],[170.362,-71.544],[170.282,-71.299],[170.885,-71.759],[170.573,-72.006],[170.334,-71.801],[169.773,-72.22],[169.992,-72.291],[169.885,-72.43],[170.282,-72.326],[170.204,-72.615],[168.316,-72.374],[169.932,-72.736],[169.582,-73.08],[169.172,-73.103],[169.215,-73.276],[168.394,-72.972],[168.334,-73.165],[167.171,-73.153],[166.365,-72.9],[166.767,-73.065],[166.778,-73.365],[167.929,-73.359],[166.858,-73.585],[166.14,-73.482],[165.817,-73.578],[166.294,-73.726],[165.583,-73.805],[165.793,-73.872],[165.652,-73.914],[165.199,-73.859],[165.237,-73.607],[165.032,-73.411],[165.358,-73.34],[164.443,-73.369],[164.88,-73.462],[164.715,-73.782],[165.309,-74.03],[164.411,-73.943],[164.818,-74.04],[165.435,-74.629],[164.318,-74.503],[163.787,-74.624],[163.47,-74.342],[163.09,-74.428],[163.271,-74.542],[163.061,-74.7],[162.813,-74.604],[162.385,-74.855],[162.786,-74.99],[162.595,-75.224],[160.582,-75.378],[162.191,-75.388],[162.307,-75.529],[162.03,-75.574],[162.9,-75.823],[162.541,-75.922],[162.736,-76.074],[162.092,-76.202],[162.773,-76.244],[162.884,-76.439],[162.423,-76.639],[162.975,-76.79],[162.302,-76.951],[163.163,-77.044],[163.716,-77.397],[163.801,-77.528],[163.505,-77.569],[163.719,-77.615],[163.44,-77.669],[164.243,-77.782],[163.729,-77.879],[164.544,-77.875],[164.401,-78.086],[163.883,-78.221],[164.64,-78.326],[165.494,-78.019],[165.62,-78.102],[165.337,-78.199],[165.73,-78.4],[167.058,-78.509],[167.228,-78.669],[164.41,-78.604],[162.622,-78.945],[161.761,-78.61],[161.824,-78.481],[161.507,-78.516],[161.362,-78.578],[161.521,-78.795],[162.065,-79.069],[161.004,-78.934],[161.13,-79.049],[160.387,-79.168],[161.034,-79.475],[159.635,-79.526],[160.841,-79.618],[159.524,-79.875],[161.471,-79.902],[158.173,-80.42],[160.813,-80.395],[160.99,-80.523],[159.754,-80.571],[161.346,-80.784],[159.498,-80.843],[160.876,-80.915],[160.547,-81.007],[160.824,-81.098],[160.542,-81.119],[161.142,-81.244],[160.132,-81.204],[160.613,-81.318],[160.308,-81.38],[161.454,-81.424],[161.011,-81.549],[162.479,-81.689],[162.62,-81.754],[162.237,-81.825],[162.894,-81.807],[163.102,-81.874],[162.61,-81.912],[163.917,-82.19],[160.858,-82.501],[163.439,-82.545],[163.28,-82.426],[164.673,-82.339],[165.559,-82.493],[165.373,-82.606],[167.306,-82.817],[167.199,-82.898],[167.408,-82.925],[167.063,-82.956],[167.424,-83.026],[168.593,-82.999],[168.764,-83.191],[168.077,-83.184],[168.415,-83.267],[166.999,-83.199],[168.032,-83.36],[171.193,-83.446],[171.577,-83.5],[171.003,-83.569],[172.001,-83.717],[173.721,-83.764],[173.409,-83.878],[174.974,-83.83],[180.0,-84.353],[180.0,-90.0],[-180.0,-90.0],[-180.0,-84.353],[-168.255,-84.648],[-167.442,-84.867],[-162.849,-84.883],[-158.466,-85.155],[-155.504,-85.126],[-157.637,-84.897],[-155.643,-84.828],[-166.423,-84.37],[-163.001,-84.363],[-165.154,-84.138],[-163.703,-84.05],[-163.994,-83.939],[-165.514,-83.746],[-168.083,-83.78],[-167.677,-83.744],[-168.78,-83.476],[-171.741,-83.227],[-174.34,-82.759],[-171.408,-82.954],[-169.6,-83.31],[-165.086,-83.202],[-164.617,-83.507],[-163.134,-83.316],[-162.169,-83.525],[-159.193,-83.544],[-156.918,-83.23],[-158.497,-83.118],[-155.592,-83.046],[-155.059,-82.802],[-152.543,-82.548],[-154.839,-81.945],[-153.79,-81.691],[-157.064,-81.256],[-147.548,-80.887],[-149.462,-80.719],[-148.343,-80.625],[-151.012,-80.429],[-149.968,-80.394],[-150.726,-80.32],[-150.134,-80.186],[-150.37,-80.075],[-147.555,-80.051],[-149.0,-79.861],[-147.067,-79.909],[-152.316,-79.299],[-151.72,-79.084],[-154.97,-79.035],[-156.528,-78.664],[-153.815,-78.233],[-157.2,-78.253],[-158.344,-77.974],[-158.637,-77.865],[-158.118,-77.556],[-158.329,-77.343],[-158.22,-77.074],[-157.022,-77.359],[-156.467,-77.261],[-156.811,-77.192],[-156.59,-77.112],[-155.866,-77.06],[-153.534,-77.254],[-153.379,-77.381],[-153.862,-77.443],[-152.575,-77.502],[-152.351,-77.303],[-149.975,-77.816],[-149.245,-77.758],[-149.785,-77.625],[-148.885,-77.707],[-148.674,-77.675],[-148.815,-77.561],[-147.793,-77.49],[-149.021,-77.338],[-148.77,-77.105],[-147.701,-77.409],[-146.976,-77.236],[-146.397,-77.495],[-145.498,-77.525],[-145.953,-77.233],[-145.246,-77.232],[-146.381,-77.003],[-145.345,-77.057],[-145.964,-76.858],[-145.463,-76.752],[-147.082,-76.433],[-148.453,-76.506],[-149.606,-76.314],[-148.197,-76.087],[-145.355,-76.435],[-146.5,-76.087],[-146.209,-75.915],[-144.221,-75.821],[-143.972,-75.696],[-144.357,-75.624],[-142.467,-75.432],[-141.527,-75.768],[-140.646,-75.807],[-141.299,-75.502],[-140.277,-75.433],[-139.567,-75.148],[-136.346,-75.178],[-136.998,-75.007],[-136.834,-74.76],[-135.702,-74.747],[-135.42,-74.565],[-134.519,-74.643],[-134.415,-74.859],[-133.866,-74.928],[-132.093,-74.763],[-129.975,-74.913],[-127.245,-74.68],[-121.773,-74.786],[-118.867,-74.602],[-118.617,-74.522],[-119.07,-74.44],[-117.994,-74.263],[-117.786,-74.518],[-114.874,-74.482],[-115.125,-74.095],[-114.21,-73.863],[-113.952,-73.915],[-114.242,-74.078],[-113.44,-74.1],[-113.948,-74.256],[-113.685,-74.297],[-113.801,-74.452],[-113.225,-74.402],[-114.357,-74.696],[-113.827,-74.713],[-114.27,-75.004],[-114.106,-75.069],[-111.543,-74.802],[-111.926,-74.551],[-111.326,-74.476],[-111.887,-74.315],[-111.593,-74.172],[-110.555,-74.244],[-110.103,-74.549],[-110.294,-74.782],[-111.578,-75.129],[-111.364,-75.234],[-109.693,-75.146],[-106.591,-75.379],[-105.026,-75.108],[-101.761,-75.083],[-101.564,-75.147],[-101.657,-75.305],[-101.113,-75.432],[-98.772,-75.321],[-98.434,-75.133],[-100.522,-74.891],[-99.919,-74.77],[-100.113,-74.631],[-99.833,-74.522],[-101.396,-74.503],[-101.306,-74.273],[-101.589,-74.0],[-102.849,-73.922],[-102.804,-73.717],[-102.999,-73.61],[-100.632,-73.782],[-98.868,-73.594],[-99.768,-73.364],[-102.874,-73.308],[-103.288,-73.159],[-103.43,-72.849],[-103.041,-72.708],[-102.094,-72.772],[-102.717,-72.998],[-101.96,-73.056],[-97.717,-73.025],[-97.873,-73.199],[-95.843,-73.331],[-92.801,-73.143],[-91.077,-73.337],[-89.23,-73.111],[-89.064,-72.922],[-89.349,-72.635],[-88.173,-72.732],[-88.109,-72.843],[-88.714,-73.12],[-88.444,-73.264],[-87.368,-73.17],[-86.947,-73.384],[-85.679,-73.178],[-85.101,-73.487],[-82.137,-73.89],[-81.185,-73.704],[-81.086,-73.594],[-81.355,-73.324],[-81.235,-73.248],[-80.233,-73.418],[-80.651,-73.084],[-80.493,-72.953],[-78.782,-73.338],[-78.845,-73.609],[-76.88,-73.459],[-76.699,-73.548],[-77.242,-73.812],[-77.081,-73.879],[-75.268,-73.621],[-74.025,-73.724],[-73.073,-73.444],[-68.78,-73.108],[-67.511,-72.834],[-66.751,-72.113],[-67.623,-71.433],[-67.411,-70.993],[-67.949,-70.312],[-68.484,-70.053],[-68.362,-69.683],[-68.825,-69.431],[-68.279,-69.281],[-67.392,-69.503],[-66.759,-69.071],[-67.481,-68.842],[-66.959,-68.748],[-67.175,-68.525],[-66.904,-68.352],[-67.157,-68.302],[-66.625,-68.247],[-67.269,-67.969],[-66.839,-67.906],[-66.803,-67.778],[-67.08,-67.78],[-66.51,-67.528],[-67.611,-67.547],[-67.476,-67.054],[-66.951,-66.939],[-66.981,-67.276],[-66.463,-67.337],[-66.548,-66.65],[-65.689,-66.684],[-65.55,-66.4],[-65.872,-66.299],[-65.705,-66.15],[-65.091,-66.15],[-65.26,-65.957],[-64.584,-66.033],[-64.671,-65.753],[-64.335,-65.717],[-64.479,-65.631],[-63.806,-65.608],[-63.682,-65.524],[-64.11,-65.268],[-63.874,-65.046],[-63.084,-65.166],[-63.005,-65.035],[-63.209,-64.949],[-62.407,-64.877],[-62.674,-64.777],[-62.47,-64.593],[-62.142,-64.785],[-61.806,-64.493],[-61.579,-64.662],[-61.445,-64.465],[-61.583,-64.443],[-60.942,-64.282],[-60.986,-64.065],[-59.995,-63.959],[-59.807,-63.772],[-59.429,-63.91],[-58.899,-63.54],[-57.369,-63.218],[-57.029,-63.281],[-56.991,-63.46],[-56.98,-63.471]]],[[[-20.373,-74.442],[-20.843,-74.463],[-21.299,-74.106],[-22.04,-74.106],[-21.145,-73.95],[-20.611,-73.595],[-20.496,-73.794],[-20.693,-74.102],[-20.367,-74.393],[-20.373,-74.442]]],[[[169.309,-77.465],[166.677,-77.86],[166.891,-77.712],[166.511,-77.704],[166.875,-77.67],[166.177,-77.537],[166.654,-77.363],[166.4,-77.267],[166.524,-77.183],[167.568,-77.413],[169.273,-77.455],[169.309,-77.465]]]]}},{"type":"Feature","id":"ATF","properties":{"name":"French Southern and Antarctic Lands","ISO_A3":"ATF"},"geometry":{"type":"Polygon","coordinates":[[[69.019,-48.661],[68.903,-48.858],[69.165,-48.758],[69.008,-49.081],[69.653,-49.047],[69.322,-49.284],[70.32,-49.051],[70.524,-49.101],[70.533,-49.301],[70.361,-49.449],[69.848,-49.356],[69.813,-49.549],[70.318,-49.569],[70.107,-49.725],[69.74,-49.509],[69.661,-49.672],[69.417,-49.635],[69.304,-49.469],[68.791,-49.73],[68.909,-49.325],[68.763,-49.205],[68.92,-49.146],[68.734,-49.076],[68.942,-49.033],[68.781,-48.847],[69.007,-48.683],[69.019,-48.661]]]}},{"type":"Feature","id":"AUS","properties":{"name":"Australia","ISO_A3":"AUS"},"geometry":{"type":"MultiPolygon","coordinates":[[[[130.348,-11.338],[130.636,-11.774],[130.03,-11.806],[130.255,-11.691],[130.15,-11.475],[130.338,-11.323],[130.348,-11.338]]],[[[130.407,-11.168],[130.797,-11.512],[130.706,-11.385],[130.899,-11.309],[131.029,-11.508],[131.149,-11.25],[131.245,-11.504],[131.205,-11.234],[131.437,-11.268],[131.473,-11.606],[130.979,-11.935],[130.491,-11.653],[130.373,-11.169],[130.407,-11.168]]],[[[142.539,-10.698],[142.501,-10.964],[142.592,-10.869],[142.788,-11.081],[142.857,-11.845],[143.245,-11.974],[143.08,-12.343],[143.439,-12.617],[143.351,-12.885],[143.541,-12.841],[143.533,-13.763],[143.771,-14.385],[144.033,-14.481],[144.517,-14.167],[144.685,-14.553],[145.352,-14.953],[145.239,-15.444],[145.471,-16.077],[145.413,-16.468],[145.776,-16.993],[145.954,-16.89],[146.147,-17.65],[146.016,-18.243],[146.338,-18.526],[146.288,-18.889],[146.875,-19.3],[147.022,-19.193],[147.124,-19.411],[147.431,-19.33],[147.672,-19.829],[147.823,-19.71],[148.32,-20.136],[148.556,-20.066],[148.773,-20.242],[148.92,-20.532],[148.667,-20.588],[149.229,-21.071],[149.291,-21.505],[149.484,-21.533],[149.686,-22.501],[149.806,-22.384],[150.0,-22.603],[150.036,-22.129],[150.577,-22.593],[150.556,-22.324],[150.751,-22.445],[150.869,-23.475],[150.641,-23.503],[150.699,-23.625],[151.025,-23.57],[151.435,-24.057],[151.763,-24.015],[152.027,-24.532],[152.456,-24.803],[152.569,-25.181],[152.912,-25.292],[153.004,-25.968],[153.061,-25.823],[153.187,-25.936],[153.077,-26.379],[152.981,-26.305],[153.152,-26.802],[153.03,-27.181],[153.586,-28.259],[153.599,-28.859],[153.364,-29.422],[153.075,-29.569],[153.37,-29.44],[152.937,-31.459],[152.748,-31.845],[152.493,-31.913],[152.538,-32.442],[151.958,-32.672],[152.12,-32.788],[151.696,-32.833],[151.444,-33.491],[151.156,-33.5],[151.343,-33.624],[150.812,-34.507],[150.833,-35.073],[150.576,-35.089],[150.291,-35.694],[150.126,-35.691],[150.149,-36.266],[149.881,-36.906],[149.976,-37.506],[149.483,-37.775],[147.718,-37.84],[147.43,-38.108],[147.257,-38.047],[147.931,-37.901],[146.896,-38.628],[146.237,-38.694],[146.299,-38.906],[146.479,-38.803],[146.389,-39.134],[146.153,-38.826],[145.922,-38.907],[145.815,-38.646],[145.379,-38.536],[145.486,-38.234],[144.92,-38.497],[144.669,-38.316],[145.112,-38.152],[144.932,-37.841],[144.359,-38.116],[144.692,-38.12],[144.683,-38.258],[143.511,-38.857],[142.372,-38.35],[141.74,-38.253],[141.543,-38.433],[141.035,-38.075],[140.58,-38.03],[139.74,-37.18],[139.861,-36.686],[139.598,-36.14],[138.884,-35.561],[139.705,-36.257],[139.024,-35.596],[139.177,-35.502],[139.334,-35.689],[139.19,-35.516],[139.39,-35.347],[138.096,-35.625],[138.44,-35.351],[138.554,-34.802],[138.091,-34.133],[137.76,-35.114],[136.858,-35.287],[137.01,-34.901],[137.451,-34.906],[137.449,-34.139],[137.935,-33.582],[137.81,-33.266],[138.045,-33.086],[137.779,-32.527],[137.776,-32.993],[137.453,-33.136],[137.235,-33.646],[136.592,-33.9],[135.931,-34.531],[135.787,-34.806],[136.006,-34.736],[135.976,-34.994],[135.629,-34.942],[135.12,-34.585],[135.206,-34.429],[135.511,-34.599],[134.702,-33.176],[134.275,-33.025],[134.328,-33.199],[134.072,-32.913],[134.06,-32.722],[134.29,-32.693],[134.185,-32.484],[133.856,-32.529],[133.931,-32.363],[133.612,-32.086],[133.247,-32.204],[132.748,-31.95],[132.176,-32.018],[131.178,-31.469],[129.037,-31.677],[127.216,-32.276],[125.957,-32.288],[124.229,-33.025],[123.547,-33.935],[120.041,-33.924],[119.598,-34.134],[119.575,-34.387],[118.908,-34.465],[118.427,-34.898],[117.945,-34.946],[117.954,-35.122],[116.002,-34.842],[115.594,-34.431],[115.137,-34.37],[114.983,-33.969],[115.008,-33.535],[115.367,-33.639],[115.712,-33.288],[115.607,-32.686],[115.721,-32.782],[115.773,-32.634],[115.847,-31.971],[115.057,-30.501],[114.873,-29.117],[114.174,-28.111],[113.954,-27.212],[113.156,-26.152],[113.268,-26.24],[113.303,-26.036],[113.344,-26.294],[113.387,-26.06],[113.661,-26.669],[113.882,-26.508],[113.414,-25.725],[113.517,-25.514],[113.763,-25.881],[113.73,-26.206],[113.879,-25.944],[113.974,-26.344],[114.237,-26.315],[114.262,-25.892],[113.399,-24.409],[113.47,-23.899],[113.776,-23.483],[113.653,-22.578],[114.024,-21.852],[114.19,-21.816],[114.121,-22.469],[114.354,-22.5],[114.644,-21.849],[115.492,-21.508],[116.809,-20.53],[116.879,-20.723],[117.7,-20.689],[118.181,-20.336],[118.824,-20.276],[119.104,-19.96],[119.607,-20.077],[121.143,-19.518],[121.799,-18.472],[122.365,-18.127],[122.143,-17.486],[122.289,-17.074],[122.817,-16.761],[123.033,-16.358],[122.957,-16.581],[123.607,-17.524],[123.583,-17.033],[123.848,-17.181],[123.949,-16.858],[123.52,-16.666],[123.479,-16.471],[123.663,-16.489],[123.502,-16.407],[123.708,-16.377],[123.566,-16.178],[123.767,-16.167],[123.858,-16.433],[123.941,-16.234],[124.403,-16.537],[124.387,-16.346],[124.862,-16.427],[124.398,-16.329],[124.776,-15.696],[124.499,-16.0],[124.45,-15.498],[124.681,-15.483],[124.715,-15.259],[125.189,-15.523],[124.876,-15.302],[125.047,-15.158],[124.841,-15.159],[125.074,-14.976],[125.159,-15.145],[125.482,-15.156],[125.142,-14.748],[125.359,-14.514],[125.576,-14.558],[125.629,-14.234],[125.651,-14.618],[125.733,-14.409],[125.909,-14.655],[126.044,-14.537],[126.084,-13.91],[126.257,-14.238],[126.538,-13.941],[126.604,-14.231],[126.713,-13.978],[126.905,-13.982],[126.742,-13.792],[126.873,-13.749],[127.457,-13.98],[128.225,-14.743],[128.077,-15.435],[127.859,-15.618],[128.095,-15.47],[128.129,-15.185],[128.308,-15.423],[128.195,-15.085],[128.447,-15.055],[128.379,-14.816],[128.549,-14.769],[129.074,-14.893],[129.175,-15.195],[129.329,-14.863],[129.856,-15.423],[130.117,-15.441],[129.869,-15.404],[129.622,-15.002],[129.646,-14.834],[129.969,-14.764],[129.758,-14.825],[129.631,-14.679],[129.786,-14.537],[129.357,-14.391],[129.724,-14.011],[129.892,-13.442],[130.272,-13.333],[130.385,-13.486],[130.116,-13.163],[130.352,-12.671],[130.698,-12.729],[130.551,-12.636],[130.615,-12.388],[130.946,-12.64],[130.848,-12.39],[131.3,-12.043],[131.472,-12.284],[132.349,-12.199],[132.409,-12.529],[132.44,-12.148],[132.792,-12.212],[132.583,-11.789],[132.71,-11.637],[132.546,-11.447],[132.082,-11.531],[131.771,-11.325],[131.974,-11.131],[132.17,-11.412],[132.149,-11.124],[132.676,-11.519],[132.916,-11.332],[133.154,-11.708],[133.531,-11.76],[133.488,-11.893],[133.916,-11.743],[133.876,-11.913],[134.172,-11.957],[134.136,-12.175],[134.245,-11.984],[134.76,-11.951],[135.244,-12.314],[135.908,-11.952],[135.651,-12.202],[136.029,-12.087],[136.014,-12.486],[136.199,-12.467],[136.361,-12.257],[136.172,-12.158],[136.552,-11.923],[136.648,-12.27],[136.783,-12.158],[136.962,-12.365],[136.609,-12.816],[136.471,-12.774],[136.667,-13.004],[136.462,-12.973],[136.564,-13.062],[136.343,-13.326],[136.333,-13.045],[135.919,-13.27],[135.842,-13.61],[136.076,-13.668],[135.885,-14.181],[135.54,-14.649],[135.105,-14.784],[135.383,-14.725],[135.63,-15.208],[135.754,-15.119],[136.241,-15.416],[136.6,-15.758],[136.544,-15.913],[137.002,-15.873],[138.171,-16.684],[139.006,-16.895],[139.219,-17.299],[139.648,-17.536],[140.063,-17.72],[140.599,-17.593],[140.882,-17.382],[141.268,-16.559],[141.691,-15.199],[141.466,-13.871],[141.73,-13.406],[141.601,-12.956],[141.822,-12.672],[141.948,-12.879],[142.015,-12.73],[141.825,-12.648],[142.023,-12.56],[141.666,-12.435],[141.591,-12.563],[141.851,-11.984],[142.03,-12.058],[142.13,-10.962],[142.51,-10.703],[142.539,-10.698]]],[[[136.729,-13.652],[136.738,-13.837],[136.924,-13.801],[136.705,-14.164],[136.963,-14.166],[136.934,-14.296],[136.325,-14.244],[136.41,-13.831],[136.72,-13.664],[136.729,-13.652]]],[[[137.635,-35.568],[137.754,-35.834],[137.907,-35.717],[138.132,-35.845],[137.463,-36.072],[136.727,-36.044],[136.533,-35.876],[137.565,-35.571],[137.635,-35.568]]],[[[144.728,-40.648],[146.381,-41.23],[146.774,-41.08],[147.031,-41.346],[146.882,-41.02],[147.444,-41.002],[147.974,-40.74],[148.223,-40.845],[148.356,-42.193],[148.143,-42.021],[147.888,-42.545],[147.812,-42.889],[147.999,-42.915],[147.993,-43.216],[147.627,-43.073],[147.68,-42.935],[147.841,-43.06],[147.814,-42.899],[147.443,-42.788],[147.576,-42.838],[147.409,-43.039],[147.253,-42.765],[147.345,-43.049],[147.219,-43.281],[146.982,-43.132],[147.1,-43.284],[146.921,-43.599],[146.037,-43.551],[145.929,-43.378],[146.224,-43.329],[145.858,-43.316],[145.28,-42.615],[145.191,-42.211],[145.555,-42.357],[145.223,-42.214],[144.745,-41.42],[144.696,-40.662],[144.728,-40.648]]],[[[153.26,-24.821],[153.358,-25.008],[153.091,-25.763],[152.944,-25.586],[153.266,-24.7],[153.26,-24.821]]]]}},{"type":"Feature","id":"AUT","properties":{"name":"Austria","ISO_A3":"AUT"},"geometry":{"type":"Polygon","coordinates":[[[16.94,48.617],[16.843,48.351],[17.161,48.007],[17.093,47.708],[16.448,47.692],[16.706,47.523],[16.445,47.407],[16.504,47.002],[15.986,46.827],[16.038,46.656],[15.044,46.652],[14.573,46.376],[12.48,46.677],[12.153,46.917],[12.186,47.092],[11.187,46.969],[11.022,46.766],[10.389,47.001],[10.105,46.841],[9.607,47.061],[9.562,47.505],[9.802,47.596],[10.174,47.27],[10.454,47.556],[11.273,47.398],[12.25,47.742],[13.001,47.464],[13.079,47.688],[12.749,48.108],[13.407,48.371],[13.45,48.564],[13.727,48.513],[13.84,48.772],[14.116,48.589],[14.706,48.591],[15.022,49.02],[16.919,48.622],[16.94,48.617]]]}},{"type":"Feature","id":"AZE","properties":{"name":"Azerbaijan","ISO_A3":"AZE"},"geometry":{"type":"MultiPolygon","coordinates":[[[[46.141,38.845],[45.458,38.99],[44.766,39.714],[45.798,39.571],[46.149,38.894],[46.141,38.845]]],[[[45.016,41.297],[45.309,41.473],[46.649,41.111],[46.689,41.338],[46.195,41.643],[46.426,41.912],[46.76,41.863],[47.301,41.308],[47.783,41.186],[48.593,41.843],[49.539,40.654],[50.361,40.365],[49.493,40.154],[49.285,39.522],[49.391,39.305],[49.079,38.963],[48.968,39.184],[48.883,38.442],[48.663,38.392],[48.021,38.838],[48.328,39.011],[48.129,39.246],[48.368,39.381],[47.986,39.709],[46.534,38.867],[46.432,39.188],[46.616,39.222],[46.381,39.436],[46.582,39.549],[46.175,39.586],[45.61,39.974],[45.883,40.022],[45.959,40.275],[45.451,40.499],[45.379,40.703],[45.602,40.883],[45.063,41.056],[45.203,41.16],[45.026,41.275],[45.016,41.297]]]]}},{"type":"Feature","id":"BDI","properties":{"name":"Burundi","ISO_A3":"BDI"},"geometry":{"type":"Polygon","coordinates":[[[29.415,-4.444],[29.063,-2.602],[29.323,-2.644],[29.371,-2.84],[29.708,-2.82],[29.919,-2.702],[29.97,-2.331],[30.41,-2.311],[30.545,-2.414],[30.413,-2.868],[30.84,-2.976],[30.837,-3.254],[30.042,-4.277],[29.664,-4.444],[29.415,-4.444]]]}},{"type":"Feature","id":"BEL","properties":{"name":"Belgium","ISO_A3":"BEL"},"geometry":{"type":"Polygon","coordinates":[[[2.92,51.237],[3.365,51.37],[3.886,51.201],[4.774,51.505],[5.824,51.168],[5.695,50.755],[6.265,50.643],[6.406,50.323],[5.775,49.961],[5.819,49.546],[5.472,49.497],[4.859,49.797],[4.875,50.154],[4.196,49.955],[4.201,50.275],[3.71,50.303],[3.148,50.79],[2.635,50.813],[2.545,51.089],[2.836,51.199],[2.92,51.237]]]}},{"type":"Feature","id":"BEN","properties":{"name":"Benin","ISO_A3":"BEN"},"geometry":{"type":"Polygon","coordinates":[[[1.972,6.308],[1.788,6.309],[1.584,6.686],[1.621,9.05],[1.342,9.554],[1.355,9.992],[0.775,10.381],[0.802,10.723],[1.395,11.452],[2.057,11.455],[2.464,11.985],[2.374,12.242],[2.839,12.407],[3.559,11.779],[3.501,11.297],[3.725,11.124],[3.843,10.597],[3.601,10.413],[3.598,9.956],[3.337,9.81],[3.092,9.112],[2.779,9.033],[2.707,6.375],[1.988,6.305],[1.972,6.308]]]}},{"type":"Feature","id":"BFA","properties":{"name":"Burkina Faso","ISO_A3":"BFA"},"geometry":{"type":"Polygon","coordinates":[[[2.404,11.9],[2.007,11.419],[1.395,11.452],[1.106,11.032],[0.5,10.932],[-0.276,11.175],[-0.62,10.913],[-2.834,11.007],[-2.94,10.612],[-2.773,10.423],[-2.758,9.412],[-3.191,9.925],[-4.127,9.847],[-4.313,9.597],[-4.688,9.678],[-5.11,10.306],[-5.465,10.352],[-5.489,11.082],[-5.198,11.429],[-5.404,11.831],[-4.74,11.999],[-4.397,12.31],[-4.48,12.672],[-4.234,12.727],[-4.256,13.239],[-3.972,13.5],[-3.439,13.161],[-3.234,13.289],[-3.262,13.715],[-2.875,13.654],[-2.839,14.054],[-2.474,14.3],[-1.997,14.193],[-1.98,14.476],[-0.725,15.084],[0.244,14.914],[0.162,14.534],[0.424,13.981],[1.284,13.356],[0.992,13.375],[0.992,13.103],[1.869,12.605],[2.163,12.69],[2.278,12.425],[2.068,12.348],[2.288,12.055],[2.404,11.9]]]}},{"type":"Feature","id":"BGD","properties":{"name":"Bangladesh","ISO_A3":"BGD"},"geometry":{"type":"Polygon","coordinates":[[[91.156,24.257],[90.709,23.904],[90.523,23.371],[89.785,23.813],[89.752,24.407],[89.725,23.799],[89.568,23.804],[90.617,23.193],[90.094,22.757],[89.798,22.074],[89.485,22.771],[89.11,22.177],[88.855,22.959],[88.985,23.221],[88.719,23.256],[88.801,23.497],[88.562,23.637],[88.735,24.279],[88.009,24.668],[88.137,24.935],[88.402,24.951],[88.443,25.198],[89.009,25.298],[88.093,25.93],[88.524,26.359],[88.332,26.495],[88.415,26.633],[88.678,26.265],[89.046,26.241],[88.912,26.383],[89.084,26.398],[89.359,26.007],[89.743,26.159],[89.831,25.296],[90.441,25.145],[92.062,25.188],[92.427,25.025],[92.495,24.883],[92.245,24.909],[92.231,24.531],[91.906,24.139],[91.374,24.106],[91.15,23.717],[91.347,23.102],[91.449,23.26],[91.616,22.944],[91.832,23.097],[91.954,23.73],[92.29,23.7],[92.68,21.287],[92.381,21.48],[92.197,21.329],[92.316,20.766],[91.949,21.455],[91.888,22.387],[91.8,22.226],[91.379,22.776],[91.135,22.449],[90.663,22.969],[90.592,23.477],[91.153,24.248],[91.156,24.257]]]}},{"type":"Feature","id":"BGR","properties":{"name":"Bulgaria","ISO_A3":"BGR"},"geometry":{"type":"Polygon","coordinates":[[[27.277,44.122],[28.579,43.739],[28.472,43.382],[27.793,43.203],[27.947,43.165],[27.9,42.702],[27.447,42.458],[27.696,42.419],[28.03,41.983],[27.56,41.905],[27.239,42.105],[26.619,41.966],[26.068,41.706],[26.132,41.356],[25.288,41.235],[24.262,41.574],[22.927,41.338],[23.034,41.709],[22.867,42.022],[22.36,42.312],[22.559,42.485],[22.439,42.822],[23.006,43.187],[22.534,43.471],[22.409,44.004],[22.676,44.215],[23.04,44.08],[22.837,43.883],[22.981,43.809],[25.396,43.619],[26.305,44.028],[27.244,44.114],[27.277,44.122]]]}},{"type":"Feature","id":"BHS","properties":{"name":"Bahamas, The","ISO_A3":"BHS"},"geometry":{"type":"MultiPolygon","coordinates":[[[[-78.191,25.204],[-78.02,25.171],[-77.785,24.729],[-77.922,24.653],[-77.783,24.726],[-77.72,24.52],[-78.048,24.269],[-78.462,24.601],[-78.196,24.542],[-78.223,25.201],[-78.191,25.204]]],[[[-73.015,21.336],[-73.158,20.969],[-73.648,20.913],[-73.664,21.097],[-73.028,21.338],[-73.015,21.336]]]]}},{"type":"Feature","id":"BIH","properties":{"name":"Bosnia and Herzegovina","ISO_A3":"BIH"},"geometry":{"type":"Polygon","coordinates":[[[17.581,42.938],[17.712,42.973],[17.269,43.479],[16.212,44.217],[16.055,44.624],[15.729,44.825],[15.777,45.183],[16.291,44.998],[16.935,45.276],[17.863,45.045],[18.68,45.091],[18.863,44.853],[19.307,44.909],[19.103,44.371],[19.623,44.02],[19.235,44.01],[19.511,43.586],[18.947,43.52],[19.08,43.3],[18.688,43.255],[18.448,42.815],[18.528,42.584],[17.607,42.928],[17.581,42.938]]]}},{"type":"Feature","id":"BLR","properties":{"name":"Belarus","ISO_A3":"BLR"},"geometry":{"type":"Polygon","coordinates":[[[26.63,55.681],[27.616,55.787],[28.151,56.17],[29.422,55.97],[29.361,55.758],[29.517,55.702],[30.484,55.813],[30.954,55.545],[30.808,55.308],[31.028,55.062],[30.748,54.805],[31.198,54.659],[31.096,54.5],[31.315,54.246],[31.898,54.083],[31.774,53.811],[32.495,53.712],[32.474,53.554],[32.757,53.432],[32.169,53.088],[31.407,53.199],[31.243,53.029],[31.588,52.794],[31.583,52.321],[31.799,52.12],[30.932,52.071],[30.56,51.701],[30.538,51.263],[30.18,51.513],[29.316,51.386],[29.119,51.657],[28.766,51.428],[28.268,51.677],[27.738,51.475],[27.201,51.774],[25.263,51.969],[24.372,51.879],[23.618,51.508],[23.654,52.073],[23.178,52.283],[23.939,52.713],[23.915,53.162],[23.515,53.956],[24.448,53.905],[25.497,54.31],[25.781,54.16],[25.532,54.342],[25.734,54.802],[26.835,55.286],[26.441,55.348],[26.638,55.654],[26.63,55.681]]]}},{"type":"Feature","id":"BLZ","properties":{"name":"Belize","ISO_A3":"BLZ"},"geometry":{"type":"Polygon","coordinates":[[[-88.961,15.889],[-89.228,15.896],[-89.152,17.939],[-88.86,17.894],[-88.474,18.494],[-88.097,18.371],[-88.293,17.619],[-88.221,16.95],[-88.935,15.891],[-88.961,15.889]]]}},{"type":"Feature","id":"BOL","properties":{"name":"Bolivia","ISO_A3":"BOL"},"geometry":{"type":"Polygon","coordinates":[[[-62.64,-22.236],[-62.813,-21.999],[-63.931,-21.999],[-64.304,-22.87],[-64.638,-22.195],[-65.747,-22.109],[-66.221,-21.781],[-66.288,-22.085],[-66.739,-22.238],[-67.181,-22.814],[-67.884,-22.835],[-68.179,-21.302],[-68.549,-20.884],[-68.438,-20.642],[-68.739,-20.456],[-68.762,-20.078],[-68.522,-19.924],[-68.682,-19.718],[-68.405,-19.416],[-68.89,-19.043],[-69.065,-18.049],[-69.281,-17.97],[-69.642,-17.287],[-68.813,-16.345],[-69.244,-16.141],[-69.412,-15.622],[-69.132,-15.23],[-69.356,-14.812],[-68.829,-14.22],[-69.067,-13.688],[-68.652,-12.498],[-69.568,-10.944],[-68.544,-11.108],[-66.62,-9.894],[-65.597,-9.843],[-65.398,-9.684],[-65.362,-11.25],[-65.024,-11.999],[-64.3,-12.494],[-63.789,-12.428],[-63.09,-12.638],[-62.781,-13.009],[-62.126,-13.148],[-61.859,-13.536],[-61.015,-13.488],[-60.484,-13.795],[-60.245,-15.097],[-60.575,-15.098],[-60.24,-15.475],[-60.174,-16.267],[-58.303,-16.311],[-58.472,-16.708],[-58.407,-17.171],[-57.755,-17.566],[-57.45,-18.239],[-58.132,-19.76],[-57.866,-19.989],[-58.169,-20.172],[-58.164,-19.827],[-59.069,-19.288],[-61.735,-19.634],[-62.266,-20.563],[-62.572,-22.026],[-62.64,-22.236]]]}},{"type":"Feature","id":"BRA","properties":{"name":"Brazil","ISO_A3":"BRA"},"geometry":{"type":"MultiPolygon","coordinates":[[[[-53.369,-33.744],[-53.532,-33.689],[-53.431,-33.156],[-53.131,-32.796],[-52.731,-32.849],[-52.583,-32.536],[-52.682,-32.266],[-52.383,-31.807],[-52.219,-31.794],[-52.101,-32.162],[-52.696,-33.198],[-53.337,-33.718],[-53.369,-33.744]]],[[[-49.879,1.418],[-49.926,1.257],[-50.229,1.342],[-51.049,0.847],[-51.288,0.922],[-51.115,0.821],[-50.52,1.041],[-50.275,1.316],[-49.879,1.171],[-51.242,-0.105],[-51.821,-1.15],[-52.074,-1.233],[-52.424,-1.05],[-52.521,-0.612],[-52.425,-1.052],[-51.896,-1.158],[-51.971,-1.391],[-52.622,-1.536],[-53.111,-1.126],[-52.638,-1.532],[-52.872,-1.656],[-52.243,-1.531],[-52.246,-1.812],[-52.752,-2.135],[-52.265,-1.839],[-52.363,-2.104],[-51.778,-3.119],[-52.251,-1.711],[-51.201,-1.117],[-50.816,-1.204],[-50.687,-1.775],[-50.918,-1.885],[-51.324,-1.645],[-51.462,-2.263],[-51.351,-1.813],[-51.16,-1.834],[-50.979,-2.006],[-50.992,-2.415],[-50.517,-2.797],[-50.986,-2.397],[-50.953,-1.991],[-50.756,-2.19],[-50.82,-1.946],[-50.658,-1.801],[-50.431,-2.134],[-50.28,-1.891],[-49.944,-1.837],[-49.853,-2.038],[-49.275,-1.729],[-49.767,-2.774],[-49.654,-3.83],[-49.674,-2.651],[-49.196,-1.902],[-49.033,-1.965],[-48.613,-1.465],[-48.442,-1.663],[-48.54,-1.773],[-48.493,-1.507],[-48.025,-1.477],[-47.783,-1.78],[-48.007,-1.474],[-48.506,-1.47],[-48.053,-0.66],[-47.951,-0.779],[-47.653,-0.584],[-47.719,-0.747],[-47.542,-0.64],[-47.414,-0.92],[-47.443,-0.586],[-47.08,-0.826],[-46.961,-0.711],[-46.927,-0.87],[-46.645,-0.793],[-46.547,-1.025],[-46.203,-0.89],[-46.148,-1.265],[-45.722,-1.109],[-45.698,-1.371],[-45.594,-1.267],[-45.531,-1.483],[-45.353,-1.473],[-45.211,-1.867],[-45.096,-1.455],[-44.512,-1.891],[-44.708,-2.388],[-44.486,-2.146],[-44.359,-2.339],[-44.825,-3.397],[-44.388,-2.766],[-44.183,-2.843],[-43.93,-2.561],[-43.473,-2.527],[-43.403,-2.335],[-41.267,-2.995],[-40.501,-2.785],[-39.971,-2.848],[-38.461,-3.722],[-37.157,-4.946],[-35.489,-5.158],[-34.825,-7.006],[-34.821,-7.93],[-35.309,-9.195],[-35.719,-9.678],[-35.96,-9.616],[-35.819,-9.742],[-36.388,-10.5],[-36.591,-10.274],[-36.417,-10.489],[-37.031,-10.851],[-37.149,-11.137],[-37.257,-11.034],[-37.167,-11.182],[-38.045,-12.631],[-38.468,-13.015],[-38.652,-12.63],[-38.813,-12.842],[-38.9,-12.693],[-38.734,-12.883],[-39.073,-13.447],[-38.981,-13.831],[-39.135,-13.717],[-39.068,-14.106],[-38.928,-13.907],[-39.065,-14.717],[-38.858,-15.856],[-39.213,-17.167],[-39.138,-17.694],[-39.722,-18.485],[-39.773,-19.565],[-40.051,-19.407],[-40.347,-19.516],[-40.063,-19.413],[-39.806,-19.596],[-40.949,-21.228],[-41.097,-21.651],[-40.987,-22.006],[-41.962,-22.535],[-42.02,-22.979],[-43.04,-22.975],[-43.081,-22.68],[-43.294,-23.017],[-43.842,-22.902],[-44.669,-23.056],[-44.59,-23.362],[-45.06,-23.419],[-45.422,-23.641],[-45.406,-23.821],[-46.401,-23.905],[-47.567,-24.656],[-48.037,-25.032],[-48.213,-25.464],[-48.331,-25.231],[-48.472,-25.48],[-48.736,-25.387],[-48.347,-25.573],[-48.711,-25.861],[-48.56,-25.89],[-48.584,-26.171],[-48.791,-26.155],[-48.489,-27.149],[-48.652,-28.239],[-48.767,-28.497],[-48.701,-28.238],[-48.88,-28.329],[-48.761,-28.536],[-49.7,-29.304],[-50.829,-31.176],[-52.077,-32.142],[-52.098,-31.836],[-51.859,-31.87],[-51.244,-31.464],[-51.176,-31.078],[-50.701,-30.742],[-50.73,-30.367],[-50.569,-30.474],[-50.6,-30.193],[-50.927,-30.435],[-51.301,-30.004],[-51.294,-30.304],[-51.098,-30.357],[-51.283,-30.796],[-51.387,-30.653],[-51.443,-31.089],[-51.92,-31.311],[-52.031,-31.693],[-52.107,-31.555],[-52.387,-31.807],[-52.418,-32.043],[-52.74,-32.165],[-52.725,-32.384],[-53.092,-32.651],[-53.583,-32.452],[-53.725,-32.096],[-54.587,-31.457],[-55.246,-31.252],[-55.567,-30.845],[-56.005,-31.082],[-56.024,-30.786],[-56.804,-30.107],[-57.249,-30.29],[-57.613,-30.189],[-55.878,-28.361],[-55.692,-28.418],[-55.769,-28.241],[-55.033,-27.857],[-54.809,-27.53],[-54.282,-27.447],[-53.776,-27.102],[-53.641,-26.216],[-54.093,-25.502],[-54.436,-25.696],[-54.594,-25.592],[-54.284,-24.068],[-54.669,-23.817],[-55.42,-23.957],[-55.614,-22.655],[-55.843,-22.287],[-56.419,-22.08],[-56.844,-22.301],[-58.003,-22.053],[-57.818,-20.979],[-58.169,-20.172],[-57.859,-19.972],[-58.132,-19.76],[-57.45,-18.239],[-57.755,-17.566],[-58.407,-17.171],[-58.329,-16.272],[-60.174,-16.267],[-60.24,-15.475],[-60.575,-15.098],[-60.245,-15.097],[-60.484,-13.795],[-61.015,-13.488],[-61.859,-13.536],[-62.126,-13.148],[-62.781,-13.009],[-63.09,-12.638],[-63.789,-12.428],[-64.3,-12.494],[-65.024,-11.999],[-65.362,-11.25],[-65.398,-9.684],[-65.597,-9.843],[-66.62,-9.894],[-67.705,-10.7],[-68.015,-10.649],[-68.656,-11.137],[-69.415,-10.926],[-70.618,-11.0],[-70.493,-9.425],[-71.222,-9.97],[-72.177,-10.0],[-72.367,-9.49],[-73.205,-9.411],[-72.941,-8.989],[-73.542,-8.345],[-73.958,-7.353],[-73.696,-7.311],[-73.642,-6.759],[-73.133,-6.498],[-73.25,-6.123],[-72.869,-5.146],[-71.917,-4.528],[-70.946,-4.374],[-70.755,-4.156],[-70.295,-4.159],[-70.201,-4.356],[-69.933,-4.22],[-69.396,-1.122],[-69.607,-0.508],[-70.065,-0.164],[-70.044,0.563],[-69.482,0.734],[-69.115,0.642],[-69.25,1.057],[-69.846,1.076],[-69.846,1.714],[-68.163,1.728],[-68.193,2.028],[-67.922,1.821],[-67.391,2.23],[-67.139,1.796],[-67.088,1.168],[-66.851,1.226],[-66.31,0.745],[-65.558,0.992],[-65.541,0.649],[-65.106,1.156],[-64.395,1.529],[-64.343,1.382],[-64.002,1.973],[-63.393,2.148],[-63.413,2.452],[-64.06,2.507],[-63.983,2.718],[-64.226,3.132],[-64.129,3.484],[-64.8,4.277],[-64.13,4.102],[-63.959,3.889],[-63.398,3.981],[-62.951,3.611],[-62.731,3.705],[-62.751,4.034],[-61.926,4.12],[-61.325,4.532],[-60.998,4.516],[-60.589,4.93],[-60.728,5.218],[-60.202,5.271],[-59.971,5.075],[-60.161,4.518],[-59.684,4.385],[-59.515,3.945],[-59.849,3.605],[-59.987,2.909],[-59.752,1.857],[-58.828,1.172],[-58.497,1.278],[-58.33,1.592],[-58.02,1.504],[-57.995,1.658],[-57.573,1.686],[-57.307,1.999],[-55.948,1.859],[-56.138,2.262],[-55.965,2.524],[-55.382,2.408],[-54.941,2.621],[-54.878,2.434],[-54.142,2.113],[-53.766,2.376],[-52.913,2.192],[-52.552,2.521],[-51.592,4.247],[-51.481,4.036],[-51.515,4.451],[-51.205,4.129],[-51.197,3.69],[-51.08,3.891],[-50.742,2.126],[-50.425,1.805],[-49.933,1.703],[-49.874,1.44],[-49.879,1.418]]],[[[-51.348,-0.543],[-51.184,-0.706],[-51.262,-1.009],[-51.949,-1.427],[-51.651,-1.078],[-51.593,-0.667],[-51.351,-0.528],[-51.348,-0.543]]],[[[-49.542,0.315],[-49.988,-0.063],[-50.394,0.21],[-49.523,0.343],[-49.542,0.315]]],[[[-50.295,-0.106],[-48.376,-0.309],[-48.896,-1.503],[-49.507,-1.536],[-49.81,-1.818],[-50.295,-1.622],[-50.44,-1.768],[-50.585,-1.552],[-50.358,-1.312],[-50.624,-1.118],[-50.12,-0.839],[-50.324,-0.601],[-50.306,-0.102],[-50.295,-0.106]]]]}},{"type":"Feature","id":"BRN","properties":{"name":"Brunei","ISO_A3":"BRN"},"geometry":{"type":"Polygon","coordinates":[[[114.988,4.872],[114.783,4.73],[114.88,4.371],[114.703,4.03],[114.076,4.587],[115.0,5.027],[115.025,4.902],[114.988,4.872]]]}},{"type":"Feature","id":"BTN","properties":{"name":"Bhutan","ISO_A3":"BTN"},"geometry":{"type":"Polygon","coordinates":[[[88.921,27.327],[89.819,28.241],[90.583,28.023],[91.342,28.062],[91.626,27.892],[91.652,27.484],[92.019,27.478],[92.103,26.867],[90.717,26.77],[90.356,26.901],[89.775,26.702],[88.883,26.954],[88.746,27.142],[88.909,27.303],[88.921,27.327]]]}},{"type":"Feature","id":"BWA","properties":{"name":"Botswana","ISO_A3":"BWA"},"geometry":{"type":"Polygon","coordinates":[[[19.999,-24.762],[19.999,-22.0],[20.999,-22.0],[20.999,-18.317],[23.297,-18.001],[23.602,-18.499],[24.2,-18.018],[24.578,-18.066],[25.262,-17.79],[26.165,-19.539],[27.206,-20.082],[27.289,-20.499],[27.73,-20.523],[27.693,-21.087],[28.022,-21.576],[28.999,-21.771],[29.04,-22.004],[29.375,-22.195],[28.346,-22.572],[27.742,-23.23],[27.0,-23.651],[26.844,-24.273],[26.409,-24.646],[25.858,-24.756],[25.5,-25.69],[24.686,-25.823],[23.925,-25.636],[23.466,-25.277],[23.013,-25.298],[22.549,-26.226],[21.695,-26.861],[20.687,-26.903],[20.604,-26.52],[20.862,-26.127],[20.813,-25.869],[20.384,-25.034],[20.001,-24.769],[19.999,-24.762]]]}},{"type":"Feature","id":"CAF","properties":{"name":"Central African Republic","ISO_A3":"CAF"},"geometry":{"type":"Polygon","coordinates":[[[16.191,2.223],[16.029,2.984],[15.247,3.714],[15.087,4.301],[14.729,4.616],[14.526,5.286],[14.618,5.894],[14.433,6.084],[14.739,6.25],[15.493,7.528],[15.984,7.493],[16.569,7.876],[16.813,7.536],[17.655,7.981],[18.58,8.044],[19.124,8.67],[18.861,8.858],[18.991,8.98],[20.44,9.152],[21.677,10.24],[21.787,10.797],[22.02,10.93],[22.877,10.937],[23.294,10.487],[23.67,9.892],[23.522,8.722],[24.262,8.701],[24.194,8.314],[24.861,8.178],[25.22,7.873],[25.202,7.493],[26.417,6.646],[26.284,6.47],[26.53,6.225],[26.448,6.101],[27.165,5.774],[27.454,5.033],[27.086,5.209],[26.522,5.047],[25.53,5.377],[25.065,4.928],[24.378,5.113],[23.421,4.593],[22.899,4.815],[22.546,4.214],[22.258,4.115],[20.58,4.413],[20.173,4.892],[19.423,5.131],[18.545,4.321],[18.626,3.471],[18.487,3.653],[18.177,3.483],[17.468,3.708],[16.639,3.531],[16.209,2.258],[16.191,2.223]]]}},{"type":"Feature","id":"CAN","properties":{"name":"Canada","ISO_A3":"CAN"},"geometry":{"type":"MultiPolygon","coordinates":[[[[-135.092,68.487],[-135.45,68.598],[-135.268,68.674],[-134.538,68.422],[-134.425,68.148],[-134.618,68.09],[-135.534,68.482],[-135.597,68.757],[-135.059,68.483],[-135.092,68.487]]],[[[-133.995,69.516],[-133.775,69.539],[-133.883,69.411],[-134.692,69.01],[-135.108,69.087],[-134.611,69.194],[-135.002,69.183],[-134.949,69.359],[-134.616,69.373],[-134.807,69.469],[-134.433,69.472],[-134.621,69.525],[-134.369,69.703],[-134.03,69.519],[-133.995,69.516]]],[[[-131.627,52.444],[-132.072,52.852],[-132.235,52.8],[-132.358,52.946],[-132.164,52.994],[-132.575,53.095],[-131.79,53.228],[-131.628,53.044],[-132.016,53.046],[-131.606,52.965],[-131.898,52.937],[-131.824,52.727],[-131.009,52.214],[-131.264,52.12],[-131.614,52.423],[-131.627,52.444]]],[[[-132.236,54.068],[-132.108,53.874],[-132.593,53.68],[-132.363,53.675],[-132.461,53.582],[-132.161,53.713],[-132.167,54.041],[-131.68,54.043],[-132.002,53.245],[-132.551,53.168],[-132.723,53.377],[-132.421,53.341],[-132.981,53.56],[-132.841,53.598],[-133.119,53.777],[-133.101,54.124],[-132.661,54.154],[-132.663,53.947],[-132.26,54.08],[-132.236,54.068]]],[[[-129.192,52.949],[-129.042,53.307],[-128.539,53.027],[-128.6,52.605],[-128.756,52.601],[-128.661,52.97],[-128.899,52.657],[-129.137,52.852],[-128.992,52.954],[-129.186,52.935],[-129.192,52.949]]],[[[-124.357,49.35],[-123.819,49.136],[-123.296,48.417],[-123.639,48.316],[-124.721,48.594],[-124.851,48.684],[-124.688,48.818],[-125.101,48.721],[-125.218,48.788],[-124.864,49.001],[-124.818,49.244],[-124.912,48.984],[-125.568,48.937],[-125.875,49.087],[-125.61,49.215],[-125.785,49.144],[-125.806,49.344],[-125.975,49.229],[-126.06,49.431],[-126.583,49.419],[-126.478,49.644],[-126.112,49.68],[-126.586,49.694],[-126.805,49.951],[-127.155,49.86],[-127.099,50.127],[-127.918,50.113],[-127.757,50.238],[-127.991,50.344],[-127.931,50.466],[-127.442,50.36],[-127.608,50.519],[-127.43,50.581],[-127.957,50.645],[-127.559,50.554],[-128.043,50.444],[-128.407,50.744],[-127.88,50.869],[-125.439,50.33],[-124.833,49.512],[-124.419,49.361],[-124.357,49.35]]],[[[-119.386,75.603],[-117.654,76.128],[-117.505,76.023],[-118.361,75.555],[-119.228,75.58],[-119.386,75.603]]],[[[-124.974,71.951],[-125.82,71.958],[-125.789,72.123],[-124.924,72.568],[-125.129,72.872],[-124.441,72.942],[-124.858,73.107],[-123.765,73.77],[-124.192,73.881],[-124.75,74.349],[-121.465,74.558],[-119.668,74.243],[-119.795,74.068],[-119.085,74.208],[-119.125,73.999],[-118.767,74.212],[-117.621,74.251],[-115.314,73.534],[-119.093,72.652],[-119.288,72.368],[-120.235,72.274],[-120.125,72.166],[-120.442,71.95],[-120.516,71.538],[-121.656,71.469],[-122.829,71.083],[-123.227,71.111],[-123.972,71.67],[-125.013,71.972],[-124.974,71.951]]],[[[-120.316,75.811],[-120.813,76.201],[-121.026,76.146],[-120.912,75.956],[-121.294,75.91],[-121.856,76.05],[-122.551,75.936],[-122.699,75.98],[-122.448,76.116],[-122.721,76.116],[-122.484,76.148],[-122.902,76.169],[-122.341,76.411],[-121.498,76.457],[-119.186,77.32],[-117.211,77.289],[-116.608,77.392],[-117.131,77.46],[-116.868,77.54],[-116.156,77.522],[-115.437,77.346],[-116.352,77.147],[-115.764,76.964],[-116.369,76.936],[-115.865,76.698],[-117.036,76.548],[-116.931,76.352],[-117.42,76.265],[-118.022,76.421],[-117.707,76.8],[-118.306,76.781],[-118.47,76.69],[-118.307,76.56],[-118.957,76.503],[-118.535,76.338],[-118.934,76.134],[-119.287,76.137],[-119.501,76.36],[-119.712,76.265],[-119.559,76.115],[-119.786,76.108],[-119.493,75.965],[-120.247,75.822],[-120.316,75.811]]],[[[-114.629,72.586],[-113.427,72.675],[-113.603,72.776],[-112.999,73.012],[-111.199,72.718],[-111.433,72.466],[-112.054,72.3],[-111.225,72.47],[-111.355,72.341],[-111.015,72.313],[-110.683,72.576],[-109.788,72.498],[-110.268,72.658],[-109.795,72.719],[-110.721,72.962],[-109.894,72.974],[-108.59,72.555],[-108.637,72.334],[-108.166,71.964],[-108.223,71.731],[-107.806,71.609],[-107.242,71.91],[-107.77,72.195],[-107.757,72.461],[-107.947,72.524],[-107.828,72.578],[-108.245,73.176],[-107.884,73.19],[-108.103,73.274],[-108.0,73.353],[-107.009,73.169],[-106.727,73.291],[-105.364,72.866],[-105.528,72.833],[-104.817,71.893],[-104.3,71.592],[-104.268,71.361],[-104.485,71.348],[-104.551,71.071],[-103.514,70.584],[-102.882,70.502],[-103.093,70.585],[-102.997,70.68],[-101.486,70.127],[-100.983,70.188],[-100.859,69.796],[-101.313,69.683],[-101.406,69.909],[-101.681,69.706],[-102.238,69.921],[-102.675,69.757],[-102.496,69.562],[-102.801,69.538],[-103.455,69.709],[-102.996,69.488],[-103.209,69.12],[-102.413,69.504],[-101.976,69.464],[-102.192,69.238],[-101.717,69.153],[-101.777,69.008],[-102.912,68.799],[-105.124,68.896],[-104.89,69.084],[-106.373,69.177],[-106.254,69.312],[-106.565,69.498],[-107.401,69.0],[-108.537,68.944],[-108.966,68.738],[-113.252,68.468],[-113.022,68.524],[-113.662,68.817],[-113.545,69.02],[-113.693,69.177],[-113.482,69.18],[-116.501,69.41],[-117.259,69.791],[-117.361,70.04],[-114.51,70.323],[-112.542,70.203],[-111.436,70.342],[-113.822,70.719],[-117.551,70.604],[-118.363,71.034],[-115.149,71.522],[-118.154,71.382],[-118.306,71.474],[-117.668,71.564],[-117.957,71.613],[-117.779,71.675],[-118.893,71.59],[-119.121,71.765],[-118.584,72.168],[-118.094,72.235],[-118.544,72.395],[-118.496,72.509],[-117.317,72.927],[-114.466,73.375],[-113.945,73.165],[-113.939,72.83],[-114.624,72.601],[-114.629,72.586]]],[[[-107.486,74.949],[-107.757,75.101],[-108.395,74.921],[-108.8,75.068],[-111.68,74.5],[-113.208,74.41],[-114.38,74.719],[-111.694,74.992],[-110.903,75.251],[-112.252,75.128],[-112.608,75.273],[-113.9,75.053],[-113.787,75.334],[-113.306,75.42],[-114.03,75.476],[-114.175,75.22],[-114.599,75.269],[-114.279,75.169],[-114.421,75.073],[-115.042,74.964],[-115.242,75.188],[-115.668,75.136],[-115.512,75.023],[-115.697,74.972],[-116.253,75.067],[-116.078,75.1],[-116.247,75.217],[-117.667,75.257],[-117.252,75.475],[-115.022,75.697],[-117.222,75.596],[-116.813,75.804],[-114.779,75.897],[-116.723,75.901],[-116.32,76.184],[-114.772,76.172],[-115.905,76.293],[-114.771,76.519],[-114.168,76.478],[-113.914,76.195],[-112.443,76.19],[-111.684,75.919],[-112.145,75.81],[-111.43,75.843],[-111.572,75.818],[-111.228,75.517],[-108.916,75.481],[-108.867,75.692],[-110.038,75.902],[-109.27,76.106],[-110.391,76.427],[-108.778,76.854],[-108.391,76.731],[-108.717,76.639],[-108.485,76.563],[-108.571,76.418],[-108.044,76.284],[-108.392,76.049],[-107.612,76.004],[-107.998,75.785],[-107.163,75.914],[-106.922,75.715],[-106.579,75.809],[-106.891,75.933],[-106.548,76.071],[-105.424,75.853],[-105.358,75.651],[-105.712,75.491],[-105.619,75.362],[-106.012,75.051],[-107.343,74.934],[-107.486,74.949]]],[[[-109.558,78.073],[-110.912,77.866],[-110.064,77.779],[-110.057,77.573],[-110.431,77.466],[-112.013,77.334],[-113.192,77.523],[-113.225,77.913],[-109.67,78.104],[-109.558,78.073]]],[[[-111.58,78.585],[-110.411,78.766],[-109.384,78.568],[-109.221,78.475],[-109.385,78.316],[-113.161,78.27],[-113.31,78.329],[-113.1,78.43],[-111.617,78.569],[-111.58,78.585]]],[[[-105.152,72.958],[-105.336,72.87],[-106.083,73.284],[-107.012,73.489],[-106.562,73.707],[-105.501,73.771],[-104.513,73.599],[-104.554,73.309],[-105.138,72.974],[-105.152,72.958]]],[[[-100.788,78.002],[-100.98,78.187],[-102.567,78.239],[-102.776,78.388],[-104.431,78.266],[-104.966,78.532],[-103.523,78.506],[-103.387,78.62],[-103.988,78.642],[-103.297,78.736],[-104.209,78.776],[-103.832,78.897],[-104.104,78.984],[-104.972,78.797],[-104.707,79.038],[-105.605,79.033],[-105.551,79.33],[-103.919,79.374],[-102.903,79.225],[-102.592,79.068],[-102.773,78.945],[-102.604,78.883],[-101.823,79.09],[-100.957,78.938],[-101.148,78.847],[-100.989,78.777],[-100.359,78.837],[-99.478,78.587],[-99.864,78.442],[-99.76,78.308],[-98.914,78.06],[-99.072,77.879],[-99.852,77.787],[-100.767,77.975],[-100.788,78.002]]],[[[-97.759,73.292],[-98.428,72.912],[-97.278,72.971],[-97.381,72.869],[-97.007,72.742],[-97.138,72.608],[-96.523,72.755],[-96.272,72.419],[-96.739,72.303],[-96.492,72.076],[-96.857,72.038],[-96.466,72.045],[-96.737,71.923],[-96.524,71.838],[-97.496,71.616],[-98.192,71.65],[-98.36,71.748],[-98.267,71.902],[-98.489,71.74],[-98.089,71.486],[-98.719,71.281],[-99.227,71.364],[-100.599,72.182],[-101.807,72.317],[-102.708,72.725],[-102.515,73.027],[-102.232,73.092],[-101.253,72.713],[-100.371,72.762],[-100.432,73.032],[-100.226,72.946],[-100.336,72.889],[-100.047,72.971],[-100.238,73.145],[-100.508,73.086],[-100.515,73.236],[-99.757,73.219],[-101.611,73.49],[-100.923,73.608],[-100.423,73.41],[-101.126,73.736],[-100.012,73.775],[-99.853,73.886],[-100.308,73.869],[-100.109,73.943],[-99.193,73.72],[-97.193,73.858],[-96.959,73.636],[-97.682,73.547],[-97.16,73.36],[-97.685,73.318],[-97.759,73.292]]],[[[-98.031,75.211],[-97.979,75.025],[-100.369,75.032],[-100.513,75.207],[-99.884,75.238],[-100.78,75.355],[-98.917,75.713],[-102.6,75.5],[-102.863,75.637],[-102.115,75.704],[-102.369,75.809],[-102.152,75.884],[-100.947,75.803],[-101.909,76.072],[-101.445,76.236],[-102.166,76.236],[-101.906,76.444],[-101.28,76.414],[-99.89,75.899],[-99.592,75.944],[-100.213,76.129],[-99.733,76.142],[-100.502,76.256],[-99.827,76.281],[-100.991,76.501],[-99.653,76.633],[-99.063,76.394],[-98.845,76.459],[-99.027,76.6],[-98.493,76.685],[-97.671,76.482],[-97.79,76.313],[-97.476,76.175],[-97.649,75.986],[-97.544,75.873],[-97.891,75.738],[-97.367,75.692],[-97.258,75.4],[-97.964,75.512],[-97.807,75.413],[-98.129,75.312],[-97.57,75.149],[-98.047,75.175],[-98.031,75.211]]],[[[-123.035,49.002],[-123.169,49.057],[-122.908,49.194],[-123.265,49.264],[-122.856,49.442],[-123.267,49.344],[-123.157,49.681],[-123.535,49.383],[-124.057,49.602],[-123.974,49.766],[-123.764,49.492],[-123.569,49.671],[-123.943,49.779],[-123.763,50.2],[-123.988,50.208],[-123.802,50.094],[-124.012,49.995],[-123.903,49.878],[-124.269,49.742],[-124.803,50.008],[-124.612,50.186],[-124.667,50.389],[-124.358,50.487],[-125.08,50.325],[-124.82,50.928],[-125.114,50.43],[-125.594,50.454],[-125.432,50.717],[-125.71,50.422],[-126.269,50.507],[-125.939,50.636],[-126.276,50.631],[-125.702,50.688],[-125.506,50.93],[-125.604,51.094],[-125.712,50.716],[-126.156,50.669],[-126.027,50.781],[-126.163,50.865],[-126.566,50.833],[-126.187,50.927],[-126.517,51.037],[-126.664,50.865],[-127.189,50.93],[-127.014,50.818],[-127.515,50.99],[-126.717,51.01],[-126.668,51.194],[-127.342,51.039],[-127.542,51.124],[-127.084,51.173],[-127.775,51.176],[-127.144,51.332],[-127.786,51.337],[-127.316,51.439],[-127.562,51.475],[-127.267,51.664],[-127.443,51.783],[-127.671,51.514],[-127.877,51.67],[-127.886,51.883],[-127.594,52.125],[-127.032,52.31],[-126.668,51.98],[-126.965,52.312],[-126.774,52.393],[-127.242,52.451],[-126.967,52.839],[-127.345,52.418],[-127.601,52.577],[-127.435,52.414],[-127.609,52.291],[-127.883,52.199],[-128.048,52.628],[-128.367,52.296],[-128.117,52.756],[-127.966,52.742],[-128.131,52.769],[-128.082,52.91],[-128.432,52.814],[-128.435,53.103],[-128.847,53.268],[-128.985,53.544],[-127.931,53.332],[-128.773,53.558],[-128.808,53.77],[-128.498,53.821],[-128.708,53.877],[-128.653,53.998],[-129.094,53.828],[-129.342,53.384],[-130.109,53.949],[-130.052,54.148],[-129.847,54.03],[-129.939,54.182],[-129.59,54.186],[-130.13,54.148],[-130.361,54.276],[-130.252,54.379],[-130.487,54.375],[-130.432,54.637],[-130.054,54.357],[-130.37,54.68],[-130.022,54.638],[-130.171,54.857],[-129.66,54.979],[-130.006,55.01],[-129.494,55.446],[-129.708,55.411],[-129.813,55.616],[-129.816,55.288],[-130.116,54.992],[-129.959,55.28],[-130.104,56.123],[-131.835,56.599],[-131.873,56.806],[-132.124,56.874],[-132.045,57.045],[-132.369,57.092],[-132.248,57.211],[-133.377,58.431],[-134.96,59.281],[-135.234,59.696],[-135.479,59.798],[-136.354,59.6],[-136.239,59.524],[-136.477,59.466],[-136.584,59.166],[-137.526,58.906],[-137.607,59.244],[-139.199,60.088],[-139.075,60.353],[-139.981,60.182],[-141.002,60.306],[-141.001,69.647],[-139.35,69.535],[-136.886,68.834],[-136.174,68.865],[-135.524,68.417],[-134.526,68.079],[-134.521,67.698],[-134.845,67.613],[-134.908,67.278],[-134.832,67.609],[-134.515,67.695],[-132.837,67.189],[-131.111,67.458],[-132.875,67.207],[-133.76,67.456],[-134.193,67.751],[-133.674,68.323],[-134.588,69.068],[-132.995,69.392],[-132.929,69.639],[-132.351,69.655],[-132.565,69.728],[-131.999,69.7],[-131.42,69.952],[-131.206,69.818],[-130.609,70.12],[-129.898,70.051],[-129.739,70.24],[-129.39,70.096],[-129.502,70.005],[-130.946,69.538],[-132.047,69.504],[-132.486,69.143],[-132.814,69.234],[-132.884,68.968],[-133.227,69.023],[-133.5,68.795],[-132.478,68.801],[-132.797,68.835],[-132.689,68.921],[-132.851,69.056],[-131.859,69.261],[-131.889,69.407],[-131.179,69.365],[-131.144,69.502],[-131.147,69.34],[-131.19,69.596],[-131.029,69.378],[-130.96,69.497],[-130.941,69.11],[-130.343,69.682],[-129.594,69.812],[-129.14,69.842],[-129.147,69.686],[-128.378,69.484],[-128.989,69.722],[-128.314,69.938],[-128.298,70.134],[-127.516,70.163],[-128.188,70.367],[-128.0,70.562],[-127.18,70.24],[-126.343,69.553],[-125.502,69.319],[-125.132,69.449],[-125.628,69.421],[-125.19,69.487],[-125.388,69.675],[-124.868,69.671],[-125.296,69.81],[-124.639,69.979],[-125.225,70.001],[-124.417,70.032],[-124.756,70.115],[-124.56,70.198],[-124.347,70.04],[-124.513,69.727],[-124.036,69.679],[-124.498,69.367],[-123.5,69.373],[-123.188,69.487],[-122.999,69.822],[-121.923,69.817],[-117.172,68.902],[-115.975,68.806],[-116.328,68.954],[-115.921,69.014],[-114.971,68.869],[-113.893,68.402],[-114.001,68.241],[-115.209,68.19],[-115.109,67.997],[-115.582,67.919],[-115.004,67.796],[-111.872,67.68],[-110.026,68.007],[-109.662,67.713],[-109.047,67.729],[-108.919,67.356],[-108.622,67.628],[-108.473,67.349],[-107.964,67.284],[-107.854,67.042],[-108.539,67.064],[-107.205,66.349],[-107.737,66.731],[-107.747,67.013],[-107.065,66.827],[-108.003,67.787],[-107.663,68.055],[-106.385,68.17],[-106.406,68.347],[-105.727,68.418],[-105.64,68.614],[-106.472,68.538],[-106.615,68.474],[-106.517,68.293],[-107.831,68.339],[-107.613,68.171],[-108.808,68.263],[-108.259,68.632],[-106.197,68.946],[-105.433,68.737],[-105.278,68.458],[-105.535,68.408],[-104.547,68.259],[-104.646,68.147],[-104.476,68.024],[-103.983,68.038],[-104.039,67.924],[-103.439,68.163],[-103.069,67.879],[-102.213,67.684],[-100.649,67.854],[-98.909,67.7],[-98.332,67.802],[-98.701,67.975],[-98.566,68.108],[-97.472,67.606],[-97.039,67.688],[-97.196,67.707],[-97.142,67.857],[-97.634,68.024],[-98.086,67.837],[-98.659,68.382],[-98.135,68.308],[-97.847,68.389],[-97.904,68.553],[-97.301,68.507],[-96.896,68.248],[-96.445,68.284],[-96.704,68.013],[-95.923,68.268],[-96.194,67.839],[-96.132,67.631],[-96.31,67.707],[-96.444,67.48],[-96.052,67.45],[-96.119,67.225],[-95.529,67.382],[-95.766,67.193],[-95.491,67.223],[-95.297,67.023],[-96.436,67.055],[-95.819,66.763],[-95.81,66.574],[-95.707,66.673],[-96.062,66.935],[-95.187,66.984],[-95.329,67.079],[-95.287,67.531],[-95.687,67.749],[-95.425,68.063],[-94.698,68.056],[-93.485,68.586],[-93.707,68.618],[-93.659,68.98],[-94.393,68.722],[-94.608,68.873],[-94.063,69.131],[-94.302,69.167],[-94.266,69.322],[-93.552,69.444],[-93.814,69.171],[-93.428,69.333],[-93.457,69.501],[-94.284,69.442],[-94.617,69.677],[-94.841,69.563],[-96.029,69.813],[-96.502,70.132],[-96.532,70.332],[-96.219,70.571],[-95.773,70.549],[-96.598,70.807],[-96.323,71.09],[-96.529,71.133],[-96.468,71.271],[-96.037,71.421],[-95.523,71.308],[-95.454,71.472],[-95.896,71.609],[-95.239,71.737],[-95.16,71.959],[-94.486,71.996],[-94.378,71.929],[-94.593,71.757],[-94.349,71.815],[-94.381,71.694],[-93.673,71.759],[-93.777,71.649],[-92.958,71.349],[-92.829,70.87],[-93.011,70.869],[-92.143,70.599],[-92.245,70.5],[-91.993,70.281],[-91.693,70.359],[-91.504,70.158],[-92.303,70.232],[-92.486,70.061],[-91.955,70.011],[-92.699,69.67],[-90.368,69.466],[-90.812,69.256],[-91.255,69.298],[-90.43,68.882],[-90.593,68.461],[-90.278,68.259],[-89.844,68.493],[-89.755,68.965],[-89.27,69.266],[-88.04,68.824],[-87.787,68.311],[-88.387,68.281],[-88.267,68.154],[-88.387,67.985],[-87.279,67.121],[-86.884,67.412],[-86.493,67.365],[-86.506,67.699],[-85.878,68.04],[-85.642,68.721],[-84.763,68.74],[-85.151,68.824],[-85.112,68.958],[-84.517,69.019],[-85.451,69.26],[-85.499,69.755],[-85.29,69.779],[-85.553,69.859],[-82.259,69.646],[-82.593,69.653],[-82.481,69.492],[-83.156,69.54],[-81.237,69.094],[-81.935,68.902],[-81.207,68.772],[-81.591,68.514],[-81.931,68.415],[-82.289,68.565],[-81.92,68.674],[-82.308,68.923],[-82.184,68.748],[-82.674,68.666],[-82.165,68.483],[-82.624,68.399],[-82.006,68.345],[-82.484,68.323],[-82.242,68.124],[-81.957,68.194],[-82.085,67.91],[-81.196,67.463],[-81.46,66.995],[-83.518,66.338],[-83.957,66.594],[-83.865,66.883],[-84.121,66.699],[-84.475,66.845],[-84.595,66.987],[-84.38,66.97],[-85.029,66.961],[-85.175,66.864],[-84.659,66.953],[-84.104,66.68],[-83.658,66.209],[-83.813,66.146],[-84.474,66.402],[-84.365,66.162],[-85.212,66.263],[-85.445,66.583],[-86.74,66.518],[-86.621,66.32],[-85.862,66.162],[-87.34,65.32],[-88.018,65.344],[-88.788,65.633],[-88.396,65.628],[-89.807,65.981],[-89.956,65.941],[-89.739,65.825],[-90.806,65.902],[-89.686,65.718],[-89.036,65.323],[-86.915,65.13],[-88.108,64.142],[-89.521,63.968],[-89.798,64.227],[-90.066,64.128],[-89.821,63.927],[-90.187,63.991],[-89.956,63.794],[-90.174,63.622],[-90.9,63.565],[-90.625,63.441],[-93.649,64.121],[-93.519,63.989],[-93.753,63.953],[-93.633,63.872],[-93.38,63.822],[-93.366,63.967],[-92.151,63.713],[-92.491,63.524],[-91.784,63.722],[-90.822,63.415],[-90.626,63.087],[-91.41,62.79],[-92.417,62.823],[-91.862,62.578],[-92.587,62.584],[-92.381,62.389],[-92.757,62.463],[-92.526,62.174],[-93.046,62.321],[-92.74,62.225],[-93.211,62.21],[-92.963,62.1],[-93.337,61.933],[-93.023,61.828],[-93.622,61.956],[-93.253,61.76],[-93.885,61.534],[-93.977,61.416],[-93.812,61.343],[-94.106,61.161],[-93.993,61.101],[-94.551,60.539],[-94.883,60.491],[-94.648,60.405],[-94.849,59.968],[-94.714,59.36],[-94.792,59.082],[-95.185,58.976],[-94.843,59.075],[-94.408,58.706],[-94.24,58.79],[-94.267,58.413],[-94.173,58.775],[-93.167,58.723],[-92.424,57.336],[-92.714,56.953],[-93.16,56.916],[-90.637,57.238],[-88.86,56.86],[-87.967,56.463],[-87.562,56.074],[-87.793,55.914],[-87.45,56.016],[-85.723,55.593],[-85.125,55.335],[-85.384,55.015],[-84.982,55.287],[-82.252,55.11],[-82.193,54.798],[-82.433,54.254],[-82.112,53.798],[-82.259,52.969],[-81.505,52.325],[-82.047,52.131],[-81.492,52.28],[-80.564,51.703],[-80.408,51.367],[-80.77,51.15],[-80.348,51.345],[-79.503,50.923],[-79.787,51.17],[-79.733,51.371],[-79.312,51.666],[-78.867,51.166],[-78.726,51.594],[-79.047,51.761],[-78.504,52.349],[-78.77,52.546],[-78.816,52.977],[-78.994,53.018],[-78.946,53.381],[-79.135,53.496],[-78.914,53.55],[-79.067,53.808],[-78.738,53.76],[-79.122,53.893],[-78.989,53.903],[-79.228,54.082],[-79.094,54.162],[-79.391,54.188],[-79.516,54.57],[-79.733,54.635],[-77.789,55.267],[-76.621,56.159],[-75.907,56.121],[-76.393,56.544],[-76.471,56.172],[-76.654,56.169],[-76.553,57.091],[-77.092,57.94],[-78.577,58.644],[-78.627,58.804],[-78.364,58.709],[-78.579,58.916],[-77.677,59.391],[-77.927,59.396],[-77.79,59.707],[-77.351,59.572],[-77.57,59.733],[-77.288,59.792],[-77.467,59.91],[-77.225,60.034],[-77.629,60.065],[-77.509,60.233],[-77.774,60.405],[-77.487,60.549],[-77.838,60.638],[-77.559,60.831],[-78.226,60.811],[-77.829,61.053],[-77.82,61.442],[-77.626,61.391],[-77.693,61.544],[-77.482,61.639],[-77.994,61.701],[-78.162,62.285],[-77.423,62.58],[-75.57,62.277],[-75.855,62.159],[-75.358,62.316],[-74.626,62.117],[-74.706,62.255],[-73.672,62.48],[-72.614,62.112],[-72.783,61.83],[-72.213,61.876],[-71.981,61.678],[-72.239,61.588],[-71.548,61.616],[-71.859,61.443],[-71.569,61.403],[-71.807,61.383],[-71.564,61.168],[-70.166,61.09],[-70.131,60.874],[-69.891,60.802],[-69.503,61.068],[-69.356,60.814],[-69.803,60.519],[-69.558,60.076],[-71.135,60.075],[-69.544,59.863],[-69.634,59.691],[-69.501,59.641],[-69.759,59.323],[-69.242,59.336],[-69.517,59.162],[-69.347,59.112],[-69.436,58.904],[-69.647,58.803],[-69.859,59.05],[-69.785,58.837],[-70.257,58.781],[-69.911,58.784],[-69.807,58.585],[-69.233,58.903],[-68.347,58.794],[-68.182,58.538],[-68.325,58.133],[-68.849,57.96],[-68.385,58.049],[-68.009,58.579],[-67.846,58.312],[-68.092,58.106],[-67.76,58.472],[-67.711,57.938],[-67.587,58.225],[-66.623,58.498],[-66.376,58.855],[-65.923,58.617],[-66.095,58.362],[-65.783,58.174],[-66.071,58.352],[-65.858,58.587],[-66.069,58.834],[-65.836,58.826],[-65.997,58.906],[-65.687,59.06],[-65.418,58.967],[-65.591,59.059],[-65.348,59.069],[-65.738,59.213],[-65.493,59.181],[-65.637,59.4],[-65.352,59.284],[-65.503,59.478],[-64.996,59.379],[-65.538,59.748],[-65.164,59.877],[-64.847,60.371],[-64.415,60.27],[-64.725,60.266],[-64.382,60.182],[-64.569,60.071],[-64.375,60.124],[-64.518,59.894],[-64.171,60.026],[-64.259,59.761],[-63.914,59.666],[-64.128,59.522],[-63.722,59.5],[-64.05,59.383],[-63.359,59.196],[-64.014,59.034],[-63.139,59.053],[-63.309,58.853],[-63.024,58.896],[-62.897,58.8],[-63.054,58.72],[-62.851,58.699],[-63.446,58.512],[-63.335,58.462],[-63.587,58.297],[-62.556,58.479],[-62.919,58.201],[-62.626,58.186],[-63.352,57.968],[-62.445,58.17],[-62.322,58.02],[-62.678,57.929],[-61.942,57.916],[-61.944,57.783],[-62.162,57.832],[-61.893,57.634],[-62.531,57.482],[-61.884,57.404],[-61.787,57.238],[-62.014,57.23],[-61.365,57.095],[-61.34,56.961],[-61.908,56.808],[-61.684,56.617],[-62.451,56.75],[-61.65,56.539],[-62.163,56.455],[-61.584,56.28],[-62.027,56.225],[-61.331,56.231],[-61.467,56.066],[-61.257,56.051],[-61.465,55.98],[-61.071,55.891],[-61.527,55.88],[-60.772,55.853],[-60.915,55.724],[-60.646,55.829],[-60.662,55.597],[-60.333,55.764],[-60.476,55.414],[-60.204,55.417],[-60.652,55.025],[-60.166,55.281],[-60.034,55.262],[-60.293,55.017],[-59.78,55.321],[-59.974,55.115],[-59.437,55.143],[-59.926,54.746],[-59.148,55.234],[-59.319,55.029],[-59.002,55.147],[-58.914,54.834],[-58.391,54.737],[-57.936,54.929],[-57.844,54.809],[-58.182,54.747],[-57.26,54.58],[-59.566,54.035],[-58.443,54.152],[-60.097,53.76],[-60.035,53.442],[-60.748,53.238],[-60.131,53.266],[-59.793,53.492],[-59.925,53.523],[-59.085,53.685],[-58.85,53.95],[-57.785,54.077],[-58.331,54.089],[-58.163,54.237],[-57.421,54.188],[-57.127,53.94],[-57.126,53.735],[-57.511,53.605],[-57.285,53.54],[-57.365,53.424],[-56.985,53.727],[-56.471,53.778],[-56.654,53.665],[-56.028,53.578],[-56.257,53.538],[-55.798,53.335],[-55.764,53.134],[-56.119,53.038],[-55.818,52.835],[-56.182,52.809],[-55.765,52.61],[-56.381,52.564],[-55.642,52.449],[-56.191,52.427],[-55.628,52.218],[-55.699,52.089],[-56.957,51.425],[-57.696,51.421],[-57.715,51.548],[-57.985,51.319],[-58.645,51.222],[-58.728,51.46],[-58.57,51.176],[-59.951,50.256],[-61.726,50.086],[-63.018,50.309],[-66.457,50.268],[-67.147,49.799],[-67.366,49.325],[-68.584,49.057],[-69.687,48.135],[-70.987,48.459],[-69.716,48.123],[-69.905,47.77],[-71.285,46.75],[-71.881,46.69],[-73.112,46.132],[-73.566,45.45],[-73.992,45.359],[-73.514,45.416],[-73.155,46.034],[-72.168,46.536],[-70.506,47.008],[-68.802,48.372],[-66.647,49.115],[-65.554,49.257],[-64.393,49.007],[-64.166,48.761],[-64.551,48.873],[-64.217,48.502],[-65.331,48.002],[-65.901,48.198],[-66.778,47.989],[-65.84,47.911],[-65.635,47.62],[-64.751,47.819],[-64.974,47.277],[-65.587,46.97],[-64.808,47.076],[-64.951,46.845],[-64.555,46.219],[-63.825,46.166],[-64.078,46.008],[-63.296,45.727],[-62.722,45.763],[-62.673,45.623],[-61.936,45.888],[-61.952,45.642],[-61.491,45.694],[-61.233,45.484],[-61.487,45.371],[-61.005,45.352],[-61.042,45.231],[-61.717,45.198],[-62.819,44.709],[-63.651,44.712],[-63.519,44.502],[-63.649,44.433],[-63.946,44.657],[-64.077,44.47],[-64.282,44.554],[-64.238,44.287],[-64.413,44.312],[-65.125,43.661],[-65.377,43.746],[-65.334,43.579],[-65.61,43.425],[-65.847,43.773],[-66.002,43.846],[-66.024,43.683],[-66.172,43.861],[-66.127,44.332],[-65.846,44.57],[-66.185,44.43],[-64.392,45.321],[-64.137,45.002],[-64.173,45.187],[-63.405,45.362],[-64.944,45.327],[-64.28,45.804],[-64.541,45.722],[-64.632,45.932],[-64.765,45.616],[-65.908,45.194],[-66.124,45.288],[-65.89,45.521],[-66.218,45.351],[-65.98,45.552],[-66.189,45.833],[-66.024,45.588],[-66.187,45.156],[-67.341,45.125],[-67.431,45.584],[-67.804,45.678],[-67.79,47.067],[-68.234,47.355],[-68.905,47.18],[-69.224,47.46],[-69.997,46.696],[-70.293,46.191],[-70.254,45.902],[-70.858,45.229],[-71.288,45.301],[-71.501,45.013],[-74.993,44.978],[-76.313,44.199],[-76.797,43.631],[-78.69,43.631],[-79.201,43.45],[-78.935,42.828],[-80.08,42.394],[-81.246,42.208],[-82.397,41.677],[-83.069,41.864],[-83.15,42.041],[-83.097,42.29],[-82.523,42.607],[-82.123,43.591],[-82.519,45.339],[-83.597,45.821],[-83.434,45.998],[-83.572,46.106],[-83.956,46.057],[-84.129,46.53],[-84.557,46.461],[-84.86,46.889],[-88.369,48.306],[-89.337,47.974],[-90.741,48.095],[-90.886,48.246],[-91.575,48.049],[-92.055,48.359],[-92.375,48.226],[-92.95,48.63],[-93.793,48.516],[-94.588,48.718],[-94.816,49.321],[-95.153,49.384],[-95.153,48.999],[-123.056,49.028],[-123.035,49.002]]],[[[-97.261,69.712],[-96.141,69.28],[-96.118,69.032],[-96.129,69.18],[-95.918,69.161],[-95.825,68.882],[-95.165,68.862],[-96.544,68.454],[-98.855,68.947],[-99.415,68.903],[-99.545,69.026],[-99.413,69.146],[-98.371,69.299],[-98.538,69.591],[-97.972,69.44],[-98.339,69.61],[-98.029,69.885],[-97.351,69.752],[-97.382,69.599],[-97.265,69.695],[-97.261,69.712]]],[[[-98.363,78.714],[-97.501,78.802],[-94.827,78.365],[-95.438,78.234],[-94.903,78.116],[-95.109,77.951],[-97.133,77.805],[-97.013,77.918],[-97.799,78.036],[-96.89,78.131],[-97.965,78.231],[-98.389,78.468],[-98.036,78.545],[-98.332,78.709],[-98.363,78.714]]],[[[-93.824,77.761],[-93.085,77.667],[-93.584,77.443],[-95.889,77.472],[-96.264,77.69],[-93.875,77.739],[-93.824,77.761]]],[[[-94.001,75.461],[-93.477,75.263],[-93.628,75.054],[-93.387,74.912],[-93.494,74.674],[-94.641,74.633],[-96.611,74.989],[-95.767,75.372],[-96.176,75.389],[-95.589,75.56],[-94.509,75.62],[-94.006,75.469],[-94.001,75.461]]],[[[-90.193,73.877],[-92.119,72.737],[-94.29,72.777],[-93.438,72.454],[-94.217,72.056],[-94.084,71.985],[-95.13,71.973],[-95.137,72.473],[-95.609,72.731],[-95.62,72.954],[-95.793,72.919],[-95.513,73.142],[-95.693,73.663],[-94.604,73.672],[-95.31,73.982],[-93.394,74.176],[-92.259,73.954],[-90.16,73.899],[-90.193,73.877]]],[[[-89.729,80.463],[-89.061,80.485],[-89.231,80.396],[-89.029,80.39],[-89.117,80.224],[-88.416,80.097],[-88.215,80.18],[-88.611,80.384],[-87.605,80.406],[-87.54,80.184],[-88.249,80.154],[-87.007,79.953],[-87.489,79.84],[-86.937,79.896],[-87.435,79.531],[-86.313,79.649],[-86.034,79.44],[-85.723,79.623],[-84.893,79.263],[-86.987,79.032],[-86.975,78.886],[-87.586,78.647],[-87.993,78.786],[-87.719,79.078],[-88.154,78.996],[-88.108,78.677],[-88.367,78.664],[-87.876,78.559],[-88.214,78.455],[-88.779,78.605],[-88.532,78.401],[-88.8,78.155],[-89.981,78.614],[-90.073,78.51],[-89.499,78.144],[-90.237,78.336],[-90.396,78.319],[-90.34,78.142],[-92.122,78.218],[-92.98,78.476],[-91.915,78.563],[-93.297,78.583],[-93.82,78.769],[-93.019,78.762],[-94.295,78.987],[-90.348,79.251],[-92.26,79.207],[-92.563,79.299],[-91.143,79.394],[-93.113,79.485],[-92.965,79.385],[-93.854,79.266],[-94.381,79.431],[-95.121,79.275],[-95.745,79.413],[-95.694,79.54],[-94.265,79.757],[-95.897,79.653],[-96.633,79.885],[-96.144,79.902],[-96.726,80.118],[-94.383,79.978],[-94.782,80.087],[-94.072,80.182],[-95.33,80.118],[-95.698,80.17],[-95.202,80.244],[-96.612,80.339],[-95.385,80.342],[-95.968,80.583],[-93.76,80.521],[-94.586,80.639],[-94.106,80.725],[-95.472,80.808],[-94.852,81.058],[-93.035,81.118],[-94.364,81.253],[-94.087,81.365],[-92.028,81.219],[-90.674,80.706],[-90.547,80.64],[-90.75,80.562],[-89.821,80.48],[-89.729,80.463]]],[[[-92.47,76.617],[-91.149,76.67],[-90.509,76.519],[-90.903,76.433],[-89.283,76.298],[-90.278,76.138],[-91.607,76.254],[-90.202,76.066],[-91.102,76.023],[-90.955,75.969],[-91.187,75.819],[-89.969,76.005],[-89.665,75.896],[-89.755,75.785],[-89.162,75.766],[-89.709,75.553],[-88.925,75.428],[-88.743,75.469],[-88.894,75.618],[-88.746,75.685],[-88.202,75.469],[-87.733,75.576],[-87.57,75.442],[-87.306,75.622],[-86.377,75.42],[-86.592,75.36],[-85.579,75.4],[-86.105,75.524],[-83.954,75.823],[-80.24,75.63],[-80.034,75.527],[-80.422,75.452],[-79.626,75.456],[-79.481,75.377],[-79.617,75.278],[-79.452,75.285],[-80.409,74.994],[-79.36,74.881],[-80.342,74.928],[-80.171,74.714],[-80.267,74.585],[-81.755,74.471],[-82.946,74.564],[-83.119,74.828],[-83.531,74.907],[-83.315,74.783],[-83.44,74.597],[-84.261,74.505],[-84.899,74.499],[-84.988,74.681],[-85.232,74.488],[-85.485,74.664],[-85.61,74.495],[-88.527,74.496],[-88.416,74.743],[-88.581,74.885],[-88.833,74.662],[-88.955,74.788],[-89.584,74.539],[-90.995,74.7],[-90.75,74.886],[-91.232,74.728],[-91.149,74.624],[-91.696,74.671],[-92.24,75.031],[-91.906,75.116],[-92.505,75.216],[-92.42,75.438],[-92.01,75.594],[-92.126,75.872],[-93.096,76.365],[-95.378,76.235],[-94.801,76.313],[-96.015,76.44],[-95.623,76.601],[-96.955,76.722],[-96.307,76.806],[-96.803,76.857],[-96.678,76.956],[-96.798,76.984],[-95.697,77.07],[-93.637,76.911],[-93.186,76.751],[-93.665,76.444],[-93.549,76.387],[-93.119,76.62],[-92.59,76.616],[-92.47,76.617]]],[[[-81.918,62.853],[-83.129,62.168],[-83.711,62.14],[-83.96,62.424],[-83.293,62.931],[-81.919,62.855],[-81.918,62.853]]],[[[-85.023,65.618],[-85.278,65.541],[-84.867,65.207],[-84.477,65.473],[-84.093,65.201],[-83.388,65.138],[-81.82,64.546],[-81.58,64.166],[-81.997,63.988],[-80.912,63.979],[-80.918,64.121],[-80.134,63.773],[-81.062,63.438],[-82.474,63.668],[-82.367,63.895],[-83.136,63.964],[-82.936,64.129],[-83.077,64.176],[-83.531,64.099],[-83.603,63.765],[-84.357,63.565],[-84.575,63.311],[-85.433,63.098],[-85.613,63.176],[-85.698,63.714],[-87.166,63.576],[-86.91,63.91],[-86.179,64.089],[-86.391,64.597],[-86.131,64.922],[-85.967,65.739],[-85.493,65.923],[-85.027,65.629],[-85.023,65.618]]],[[[-81.044,53.159],[-80.691,52.662],[-81.949,52.961],[-81.839,53.168],[-81.081,53.17],[-81.044,53.159]]],[[[-80.121,61.776],[-80.213,62.137],[-79.847,62.392],[-79.322,62.285],[-79.32,62.036],[-79.772,61.574],[-80.085,61.783],[-80.121,61.776]]],[[[-79.847,56.028],[-79.446,56.557],[-79.612,56.14],[-79.395,56.223],[-79.272,56.599],[-78.886,56.305],[-79.175,55.9],[-79.012,56.362],[-79.186,55.988],[-79.16,56.233],[-79.493,55.859],[-79.756,55.808],[-79.475,56.123],[-79.851,55.839],[-80.022,55.906],[-79.871,56.004],[-79.847,56.028]]],[[[-80.686,73.489],[-80.863,73.547],[-80.841,73.752],[-78.127,73.67],[-77.189,73.511],[-76.069,72.864],[-79.55,72.756],[-79.993,72.875],[-80.125,73.22],[-80.838,73.316],[-80.86,73.479],[-80.693,73.485],[-80.686,73.489]]],[[[-75.047,68.034],[-75.077,67.529],[-75.769,67.258],[-77.004,67.242],[-77.295,67.713],[-76.746,68.219],[-76.266,68.339],[-75.118,68.236],[-75.032,68.076],[-75.047,68.034]]],[[[-83.415,76.761],[-83.53,76.677],[-83.201,76.415],[-84.305,76.657],[-84.156,76.483],[-84.633,76.434],[-85.216,76.638],[-84.396,76.321],[-84.93,76.282],[-86.368,76.384],[-86.228,76.539],[-86.6,76.643],[-86.293,76.536],[-86.713,76.344],[-87.532,76.601],[-87.439,76.425],[-87.603,76.338],[-88.331,76.384],[-88.486,76.804],[-88.707,76.714],[-88.49,76.559],[-88.593,76.401],[-88.659,76.595],[-88.898,76.406],[-89.664,76.571],[-89.379,76.733],[-89.526,76.849],[-88.461,77.101],[-86.832,77.174],[-87.236,77.309],[-86.825,77.361],[-87.727,77.363],[-87.625,77.49],[-88.227,77.658],[-88.118,77.83],[-86.438,77.843],[-85.942,77.709],[-85.762,77.421],[-84.513,77.296],[-83.46,77.356],[-83.838,77.461],[-83.229,77.573],[-82.373,78.045],[-82.734,78.033],[-83.701,77.524],[-84.86,77.543],[-84.431,77.752],[-84.922,77.599],[-85.301,77.729],[-84.944,77.842],[-85.409,77.838],[-84.462,77.911],[-85.686,77.933],[-84.229,78.197],[-84.961,78.217],[-84.594,78.596],[-85.414,78.109],[-86.256,78.069],[-85.877,78.345],[-87.485,78.125],[-87.07,78.203],[-87.496,78.215],[-87.52,78.403],[-86.876,78.557],[-87.099,78.583],[-86.852,78.742],[-85.078,78.92],[-82.362,78.568],[-82.587,78.702],[-82.197,78.731],[-83.25,78.85],[-81.78,78.843],[-81.485,79.059],[-82.543,78.891],[-84.708,79.022],[-84.495,79.15],[-83.362,79.061],[-84.322,79.2],[-85.137,79.646],[-86.459,79.782],[-86.407,79.965],[-85.347,79.927],[-86.469,80.013],[-86.624,80.124],[-86.493,80.294],[-83.83,80.255],[-81.584,79.6],[-79.866,79.65],[-81.514,79.716],[-81.669,79.899],[-81.429,79.948],[-83.192,80.326],[-77.959,80.579],[-79.965,80.609],[-76.457,80.851],[-78.957,80.888],[-78.423,81.157],[-76.719,81.44],[-78.836,81.101],[-79.468,81.186],[-79.031,81.089],[-79.256,80.926],[-80.915,80.658],[-83.136,80.545],[-81.735,80.816],[-83.346,80.679],[-83.527,80.745],[-83.224,80.834],[-83.78,80.729],[-83.771,80.546],[-85.125,80.508],[-86.691,80.594],[-85.679,80.957],[-82.33,81.176],[-85.618,81.046],[-87.47,80.622],[-89.404,80.915],[-85.755,81.073],[-84.787,81.288],[-89.833,81.015],[-90.231,81.195],[-88.953,81.255],[-89.929,81.325],[-87.3,81.509],[-90.419,81.367],[-90.804,81.442],[-89.513,81.626],[-91.32,81.522],[-91.903,81.629],[-91.643,81.732],[-88.863,81.861],[-89.042,81.984],[-87.942,82.102],[-86.804,81.899],[-87.139,81.956],[-86.85,82.052],[-84.244,81.885],[-86.835,82.194],[-85.612,82.233],[-85.339,82.29],[-85.771,82.459],[-85.159,82.482],[-83.484,82.315],[-82.89,82.118],[-83.116,82.051],[-81.826,82.042],[-82.644,82.102],[-82.995,82.263],[-82.614,82.283],[-79.262,81.812],[-79.775,82.027],[-82.603,82.352],[-82.515,82.497],[-81.448,82.496],[-82.343,82.639],[-80.549,82.547],[-81.392,82.818],[-78.487,82.676],[-80.339,82.865],[-79.375,82.974],[-77.166,82.867],[-75.809,82.551],[-75.419,82.621],[-77.418,82.988],[-76.889,83.088],[-74.436,83.028],[-72.688,82.701],[-73.622,82.927],[-72.659,83.094],[-71.574,83.101],[-71.654,82.986],[-70.954,82.902],[-71.387,83.02],[-70.307,83.11],[-66.329,82.924],[-68.583,82.624],[-64.84,82.909],[-63.438,82.799],[-63.775,82.716],[-62.943,82.575],[-63.327,82.431],[-61.285,82.426],[-61.094,82.316],[-61.222,82.213],[-64.409,81.712],[-68.242,81.561],[-69.011,81.681],[-68.521,81.51],[-66.617,81.51],[-69.994,81.083],[-64.438,81.464],[-67.621,80.924],[-69.533,80.364],[-70.209,80.338],[-70.722,80.532],[-69.931,80.271],[-70.113,80.186],[-72.369,80.219],[-71.83,80.109],[-72.168,80.056],[-70.47,80.104],[-71.395,79.927],[-70.851,79.883],[-71.095,79.781],[-72.241,79.647],[-74.23,79.885],[-74.694,79.795],[-73.361,79.755],[-73.118,79.619],[-73.204,79.516],[-75.155,79.368],[-77.106,79.543],[-75.867,79.347],[-78.025,79.35],[-74.429,79.228],[-74.764,79.177],[-74.387,79.047],[-77.825,79.211],[-76.041,79.096],[-78.607,79.071],[-77.66,79.009],[-78.254,78.771],[-76.677,79.03],[-75.703,78.977],[-76.365,78.863],[-74.131,78.728],[-74.806,78.694],[-74.576,78.591],[-74.948,78.535],[-76.622,78.522],[-75.064,78.313],[-76.82,78.228],[-75.567,78.123],[-76.714,77.87],[-78.275,77.942],[-77.768,77.598],[-78.725,77.314],[-80.555,77.308],[-81.965,77.652],[-81.654,77.532],[-81.799,77.44],[-81.148,77.329],[-82.2,77.3],[-81.862,77.173],[-80.901,77.277],[-80.111,77.197],[-80.332,77.074],[-79.395,77.226],[-79.014,77.107],[-79.434,76.918],[-78.843,76.827],[-78.077,77.013],[-77.741,76.812],[-77.804,76.656],[-78.38,76.465],[-78.718,76.586],[-79.392,76.304],[-81.009,76.142],[-80.754,76.41],[-81.229,76.553],[-81.896,76.481],[-82.111,76.61],[-81.823,76.66],[-82.689,76.802],[-82.134,76.442],[-82.796,76.381],[-83.364,76.746],[-83.415,76.761]]],[[[-86.398,72.307],[-86.398,72.016],[-86.119,71.797],[-84.831,71.272],[-86.802,70.996],[-85.068,71.195],[-84.851,71.171],[-85.038,71.092],[-84.805,70.929],[-84.755,71.419],[-84.516,71.465],[-84.615,71.674],[-85.261,71.674],[-85.98,72.023],[-85.31,72.266],[-84.161,72.026],[-84.936,72.286],[-84.44,72.378],[-85.511,72.459],[-85.701,72.904],[-83.936,72.757],[-85.483,73.1],[-83.754,73.007],[-85.127,73.312],[-84.308,73.224],[-84.631,73.405],[-83.605,73.318],[-83.997,73.504],[-83.642,73.593],[-81.564,73.725],[-81.202,73.523],[-81.186,73.261],[-80.574,73.148],[-80.741,72.954],[-80.224,72.734],[-81.352,72.241],[-80.504,72.514],[-80.895,72.188],[-80.532,72.07],[-81.082,72.054],[-80.775,72.022],[-80.955,71.884],[-80.319,72.075],[-80.487,72.184],[-80.212,72.306],[-79.688,72.129],[-80.168,72.329],[-79.792,72.505],[-79.592,72.347],[-79.725,72.216],[-79.34,72.408],[-78.935,72.275],[-79.196,71.965],[-78.502,71.871],[-78.928,72.022],[-78.854,72.177],[-77.718,71.766],[-78.825,72.321],[-77.294,72.181],[-78.546,72.513],[-77.582,72.762],[-76.789,72.73],[-76.107,72.461],[-75.158,72.495],[-74.923,72.258],[-76.06,72.067],[-76.454,71.811],[-75.653,72.121],[-75.227,72.056],[-76.044,71.701],[-74.975,72.125],[-74.164,72.019],[-74.219,71.834],[-75.151,71.714],[-74.912,71.665],[-75.399,71.52],[-74.613,71.659],[-75.091,71.51],[-74.689,71.395],[-75.049,71.186],[-74.623,71.366],[-74.738,71.522],[-74.505,71.664],[-73.735,71.777],[-73.611,71.722],[-74.217,71.215],[-73.745,71.591],[-73.563,71.541],[-73.631,71.365],[-73.383,71.4],[-73.866,71.068],[-73.322,71.349],[-73.04,71.263],[-73.303,71.058],[-72.549,71.662],[-71.146,71.27],[-72.725,70.827],[-72.184,70.834],[-72.575,70.619],[-70.605,71.058],[-70.518,70.933],[-70.79,70.746],[-71.937,70.419],[-71.727,70.322],[-71.512,70.582],[-71.173,70.545],[-71.509,70.06],[-71.003,70.632],[-69.924,70.871],[-70.589,70.467],[-69.47,70.787],[-68.314,70.563],[-68.489,70.374],[-70.123,70.058],[-68.638,70.161],[-69.993,69.631],[-68.226,70.107],[-68.359,70.199],[-68.166,70.319],[-67.412,70.109],[-67.123,69.735],[-70.047,69.544],[-67.286,69.474],[-66.763,69.33],[-66.736,69.154],[-69.037,69.359],[-69.257,69.26],[-68.085,69.225],[-68.942,69.23],[-68.508,69.21],[-69.092,69.105],[-68.926,69.103],[-69.021,68.988],[-68.214,69.153],[-67.715,69.022],[-68.492,68.891],[-67.798,68.782],[-69.41,68.816],[-68.066,68.684],[-68.853,68.591],[-67.931,68.557],[-67.954,68.403],[-67.659,68.569],[-67.509,68.537],[-67.627,68.406],[-66.745,68.461],[-67.862,68.271],[-67.112,68.342],[-67.548,68.157],[-66.988,68.287],[-66.771,68.238],[-66.969,68.026],[-66.675,68.136],[-66.741,67.984],[-66.312,68.122],[-66.47,68.071],[-66.186,68.01],[-66.408,67.855],[-66.835,67.865],[-66.353,67.77],[-65.95,68.009],[-66.052,67.573],[-65.662,67.994],[-65.45,67.976],[-65.627,67.79],[-65.365,67.584],[-65.574,67.781],[-65.426,67.917],[-64.726,67.982],[-65.041,67.924],[-65.227,67.643],[-64.52,67.812],[-64.356,67.743],[-64.609,67.684],[-64.237,67.702],[-64.067,67.528],[-64.213,67.472],[-63.945,67.348],[-64.783,67.37],[-64.246,67.288],[-64.784,67.196],[-63.953,67.268],[-64.72,67.003],[-63.514,67.236],[-63.768,66.959],[-63.074,67.33],[-62.952,67.227],[-63.29,67.098],[-63.19,66.974],[-63.782,66.805],[-63.469,66.907],[-63.385,66.71],[-63.325,66.899],[-62.849,66.966],[-62.857,66.648],[-62.765,66.933],[-62.317,66.743],[-62.46,66.96],[-62.069,67.052],[-62.072,66.908],[-61.721,66.934],[-62.008,66.872],[-61.263,66.633],[-62.106,66.613],[-61.558,66.482],[-61.915,66.396],[-61.467,66.368],[-61.757,66.268],[-62.682,66.411],[-62.316,66.297],[-62.779,66.222],[-61.947,66.031],[-62.997,66.119],[-62.286,65.798],[-62.853,65.874],[-62.567,65.75],[-62.826,65.756],[-62.598,65.652],[-62.734,65.583],[-62.937,65.747],[-62.951,65.576],[-63.239,65.634],[-63.513,65.934],[-63.345,65.667],[-63.619,65.659],[-63.331,65.594],[-63.59,65.526],[-63.343,65.441],[-63.746,65.478],[-63.32,65.216],[-63.521,65.188],[-63.331,65.134],[-63.557,64.89],[-63.845,64.991],[-63.68,65.031],[-63.878,65.034],[-63.82,65.182],[-64.101,65.044],[-64.375,65.183],[-64.24,65.426],[-64.547,65.093],[-64.912,65.3],[-64.417,65.473],[-65.16,65.435],[-64.792,65.592],[-65.297,65.635],[-64.814,65.732],[-65.497,65.75],[-64.783,65.971],[-64.761,66.185],[-64.425,66.345],[-64.949,66.069],[-65.905,65.947],[-65.478,66.405],[-65.7,66.184],[-66.145,66.132],[-67.065,66.656],[-66.864,66.575],[-67.08,66.49],[-67.889,66.614],[-67.266,66.515],[-67.111,66.379],[-67.357,66.389],[-67.15,66.277],[-67.914,66.504],[-67.697,66.285],[-67.811,66.222],[-68.282,66.371],[-67.264,66.103],[-67.186,65.91],[-67.805,65.876],[-68.252,66.222],[-68.751,66.188],[-68.011,66.082],[-68.323,65.943],[-67.8,65.812],[-67.941,65.527],[-67.265,65.645],[-67.416,65.489],[-67.051,65.423],[-67.356,65.324],[-66.91,65.222],[-67.094,65.064],[-66.744,65.17],[-66.912,65.046],[-66.768,65.064],[-66.695,64.784],[-66.661,65.036],[-66.12,64.869],[-66.346,64.648],[-66.014,64.856],[-65.829,64.657],[-65.945,64.874],[-65.701,64.849],[-65.531,64.72],[-65.703,64.512],[-65.036,64.432],[-65.666,64.301],[-65.252,64.215],[-65.364,64.141],[-65.015,64.05],[-65.171,64.006],[-64.607,63.974],[-64.949,63.819],[-64.489,63.659],[-64.649,63.643],[-64.456,63.446],[-64.597,63.231],[-65.295,63.796],[-64.958,63.591],[-65.104,63.424],[-64.881,63.273],[-65.067,63.209],[-64.61,62.921],[-65.261,62.991],[-64.922,62.66],[-65.083,62.57],[-64.815,62.579],[-64.954,62.529],[-65.352,62.689],[-65.335,62.902],[-65.551,62.809],[-65.669,63.019],[-65.765,62.881],[-66.255,63.129],[-66.057,62.952],[-66.396,63.014],[-66.632,63.329],[-66.52,63.015],[-66.649,63.035],[-66.934,63.364],[-67.144,63.276],[-67.799,63.73],[-67.676,63.371],[-68.238,63.689],[-68.959,63.744],[-67.86,63.133],[-67.966,63.044],[-67.608,63.093],[-67.731,62.943],[-67.541,63.04],[-66.585,62.602],[-66.355,62.28],[-65.887,62.2],[-66.18,62.116],[-65.944,61.882],[-68.606,62.26],[-68.756,62.458],[-69.048,62.388],[-69.483,62.598],[-69.465,62.772],[-71.113,62.979],[-70.887,63.165],[-71.405,63.045],[-71.742,63.381],[-72.1,63.435],[-71.216,63.602],[-71.557,63.573],[-71.493,63.701],[-71.93,63.853],[-71.898,63.653],[-72.254,63.668],[-72.229,63.952],[-72.542,63.775],[-72.591,64.032],[-72.943,64.04],[-72.933,64.181],[-73.487,64.399],[-73.179,64.568],[-73.31,64.658],[-73.575,64.315],[-73.601,64.5],[-74.12,64.342],[-74.131,64.539],[-73.983,64.524],[-74.151,64.568],[-74.015,64.595],[-74.086,64.757],[-74.385,64.567],[-74.666,64.709],[-74.591,64.896],[-74.727,64.719],[-74.985,64.794],[-74.464,64.563],[-74.615,64.503],[-74.514,64.381],[-75.792,64.607],[-75.691,64.367],[-76.649,64.191],[-78.032,64.431],[-78.219,64.701],[-78.147,64.95],[-77.316,65.181],[-77.518,65.324],[-77.292,65.377],[-77.375,65.484],[-75.864,65.247],[-74.546,65.334],[-74.157,65.548],[-73.484,65.449],[-74.483,66.152],[-73.181,66.71],[-71.337,66.555],[-71.09,66.319],[-71.281,66.075],[-71.072,66.049],[-71.331,65.906],[-70.639,66.304],[-70.317,66.164],[-69.272,66.256],[-69.479,66.398],[-69.206,66.463],[-69.679,66.444],[-69.247,66.567],[-70.241,66.655],[-70.981,67.031],[-71.224,67.008],[-71.132,66.898],[-71.377,66.622],[-72.963,66.734],[-72.839,67.013],[-72.19,67.27],[-72.937,67.931],[-73.007,68.24],[-73.865,68.347],[-73.55,68.445],[-73.962,68.416],[-73.724,68.525],[-73.769,68.684],[-74.184,68.734],[-73.887,68.559],[-74.008,68.501],[-74.495,68.598],[-74.721,68.736],[-74.574,68.845],[-74.96,68.811],[-74.695,68.863],[-75.044,68.909],[-74.651,69.033],[-74.82,69.094],[-75.117,68.889],[-75.447,69.016],[-76.649,68.696],[-76.597,69.033],[-75.608,69.081],[-75.59,69.239],[-76.648,69.544],[-76.227,69.664],[-77.147,69.625],[-76.8,69.715],[-77.31,69.835],[-76.967,69.993],[-77.639,69.755],[-77.79,70.25],[-78.378,70.206],[-78.436,70.358],[-79.443,70.577],[-79.382,70.459],[-79.584,70.409],[-78.92,70.311],[-78.711,69.935],[-79.678,69.858],[-80.108,69.97],[-79.933,70.021],[-81.698,70.135],[-80.894,69.726],[-82.968,70.305],[-81.725,69.951],[-82.191,69.795],[-83.078,70.02],[-85.822,70.009],[-86.562,70.241],[-86.342,70.479],[-87.852,70.242],[-88.785,70.497],[-89.484,71.092],[-87.001,71.003],[-87.886,71.269],[-89.942,71.411],[-90.025,71.6],[-89.779,71.764],[-90.095,71.916],[-89.556,72.17],[-89.967,72.317],[-89.468,72.661],[-89.54,72.778],[-89.248,72.793],[-89.41,72.832],[-89.178,73.161],[-87.45,73.764],[-84.988,73.792],[-84.833,73.746],[-84.937,73.668],[-85.843,73.398],[-86.681,72.858],[-86.707,72.665],[-86.235,72.416],[-86.345,72.334],[-86.398,72.307]]],[[[-74.131,68.07],[-73.506,68.038],[-73.421,67.761],[-74.566,67.814],[-74.736,68.073],[-74.146,68.066],[-74.131,68.07]]],[[[-64.032,46.829],[-63.791,46.442],[-63.668,46.568],[-62.98,46.36],[-61.971,46.453],[-62.469,46.266],[-62.457,46.003],[-62.829,45.964],[-63.119,46.194],[-63.016,46.297],[-63.248,46.129],[-64.133,46.405],[-64.083,46.608],[-64.409,46.708],[-64.004,47.053],[-63.987,46.874],[-64.032,46.829]]],[[[-64.018,49.924],[-61.833,49.314],[-61.668,49.133],[-61.821,49.065],[-62.933,49.19],[-64.509,49.853],[-64.049,49.931],[-64.018,49.924]]],[[[-60.847,45.749],[-60.424,45.985],[-60.794,45.955],[-60.293,46.336],[-60.299,46.171],[-59.844,46.178],[-59.968,46.034],[-59.801,45.951],[-60.689,45.577],[-61.3,45.554],[-61.457,45.701],[-61.552,46.041],[-60.891,46.788],[-60.415,47.037],[-60.351,46.615],[-60.601,46.235],[-60.419,46.293],[-61.13,45.967],[-60.753,46.074],[-61.095,45.882],[-60.93,45.859],[-61.155,45.709],[-60.903,45.766],[-60.847,45.749]]],[[[-56.692,50.126],[-56.846,49.569],[-56.159,50.158],[-56.153,49.944],[-55.523,50.004],[-56.178,49.58],[-55.899,49.715],[-55.846,49.571],[-56.136,49.431],[-55.848,49.531],[-55.544,49.489],[-55.581,49.359],[-55.442,49.503],[-55.325,49.316],[-55.334,49.537],[-55.163,49.545],[-55.327,49.078],[-55.099,49.359],[-55.06,49.236],[-54.858,49.416],[-54.844,49.279],[-54.476,49.569],[-54.465,49.303],[-54.078,49.476],[-53.509,49.282],[-53.6,49.04],[-54.199,48.805],[-53.646,48.677],[-54.195,48.383],[-53.0,48.609],[-53.208,48.35],[-53.976,48.182],[-53.681,48.069],[-53.937,48.013],[-53.629,48.053],[-53.887,47.852],[-53.661,47.516],[-53.301,48.009],[-52.851,48.103],[-53.287,47.605],[-53.119,47.418],[-52.806,47.803],[-52.651,47.62],[-53.102,46.642],[-53.618,46.637],[-53.559,47.204],[-54.198,46.821],[-53.833,47.414],[-54.178,47.877],[-54.442,47.42],[-54.612,47.361],[-54.443,47.585],[-55.229,47.15],[-55.071,47.098],[-55.233,46.939],[-55.701,46.861],[-55.974,46.997],[-54.864,47.549],[-54.702,47.674],[-55.08,47.586],[-54.958,47.78],[-55.139,47.577],[-55.445,47.706],[-55.41,47.492],[-55.61,47.401],[-55.63,47.541],[-55.891,47.459],[-55.794,47.573],[-56.182,47.506],[-55.674,47.663],[-55.933,47.661],[-55.758,47.936],[-56.047,47.701],[-56.152,47.817],[-56.167,47.636],[-56.786,47.538],[-58.314,47.761],[-59.301,47.618],[-59.396,47.922],[-58.289,48.507],[-59.216,48.547],[-58.917,48.702],[-58.717,48.56],[-58.363,49.147],[-57.893,48.967],[-58.147,49.079],[-57.937,49.234],[-58.203,49.23],[-58.234,49.395],[-58.019,49.555],[-57.728,49.47],[-57.967,49.663],[-57.682,49.817],[-57.836,49.88],[-57.375,50.599],[-57.158,50.622],[-57.397,50.714],[-57.076,50.796],[-56.642,51.366],[-55.916,51.626],[-55.872,51.496],[-55.429,51.575],[-55.614,51.308],[-56.094,51.345],[-55.729,51.094],[-56.08,50.73],[-56.173,50.883],[-56.131,50.636],[-56.662,50.135],[-56.692,50.126]]]]}},{"type":"Feature","id":"CHE","properties":{"name":"Switzerland","ISO_A3":"CHE"},"geometry":{"type":"Polygon","coordinates":[[[9.562,47.505],[9.674,47.391],[9.486,47.049],[10.105,46.841],[10.488,46.939],[10.472,46.544],[10.047,46.544],[10.146,46.23],[9.282,46.496],[9.015,45.818],[8.469,46.233],[8.446,46.464],[7.866,45.92],[7.102,45.859],[6.682,46.454],[5.964,46.143],[6.433,46.929],[7.057,47.334],[6.884,47.373],[6.986,47.493],[8.466,47.573],[8.601,47.803],[9.559,47.542],[9.562,47.505]]]}},{"type":"Feature","id":"CHL","properties":{"name":"Chile","ISO_A3":"CHL"},"geometry":{"type":"MultiPolygon","coordinates":[[[[-74.461,-49.004],[-74.517,-49.632],[-74.38,-49.744],[-74.634,-50.058],[-74.88,-49.989],[-74.649,-49.916],[-74.913,-49.934],[-74.67,-49.711],[-74.876,-49.617],[-74.699,-49.621],[-74.868,-49.546],[-74.707,-49.518],[-74.762,-49.317],[-75.088,-49.534],[-74.928,-49.62],[-75.008,-49.927],[-75.448,-49.28],[-75.051,-49.485],[-75.293,-49.231],[-74.81,-49.303],[-75.015,-48.824],[-74.792,-48.677],[-74.744,-48.82],[-74.58,-48.71],[-74.59,-48.881],[-74.461,-48.705],[-74.444,-49.002],[-74.461,-49.004]]],[[[-73.899,-41.798],[-73.477,-41.831],[-73.561,-41.96],[-73.337,-42.263],[-73.805,-42.539],[-73.472,-42.814],[-73.698,-42.853],[-73.48,-43.145],[-73.752,-43.129],[-73.662,-43.319],[-73.841,-43.286],[-73.832,-43.426],[-74.294,-43.322],[-74.172,-42.268],[-73.917,-41.79],[-73.899,-41.798]]],[[[-73.248,-44.538],[-73.006,-44.37],[-72.685,-44.531],[-73.214,-44.937],[-73.452,-44.639],[-73.257,-44.539],[-73.248,-44.538]]],[[[-72.846,-53.59],[-72.795,-53.465],[-72.383,-53.64],[-72.623,-53.709],[-72.148,-53.795],[-72.396,-53.831],[-72.366,-54.056],[-73.049,-54.102],[-72.766,-54.063],[-72.873,-53.976],[-72.703,-53.879],[-73.026,-53.905],[-72.878,-53.763],[-73.103,-53.761],[-72.837,-53.703],[-73.392,-53.467],[-73.055,-53.525],[-73.2,-53.422],[-73.009,-53.384],[-72.845,-53.603],[-72.846,-53.59]]],[[[-72.829,-52.545],[-72.672,-52.681],[-72.952,-52.824],[-72.693,-52.724],[-72.716,-52.901],[-72.164,-52.661],[-71.395,-52.736],[-72.035,-53.137],[-72.495,-53.074],[-72.207,-53.194],[-72.664,-53.354],[-72.431,-53.538],[-73.313,-53.166],[-72.75,-53.298],[-72.66,-53.152],[-72.96,-53.114],[-72.971,-52.871],[-73.091,-53.104],[-73.432,-53.013],[-73.175,-52.904],[-73.797,-52.927],[-73.204,-52.788],[-73.378,-52.575],[-73.722,-52.754],[-73.493,-52.454],[-73.646,-52.435],[-73.549,-52.229],[-73.734,-52.046],[-73.364,-52.221],[-72.998,-52.07],[-73.107,-52.216],[-72.943,-52.28],[-72.748,-52.079],[-72.917,-52.219],[-72.954,-52.043],[-72.761,-51.954],[-72.587,-52.331],[-72.994,-52.491],[-72.53,-52.468],[-72.667,-52.418],[-72.474,-52.217],[-72.665,-51.977],[-72.456,-51.78],[-73.33,-51.447],[-72.526,-51.738],[-72.769,-51.814],[-73.287,-51.561],[-73.0,-51.786],[-73.21,-51.893],[-72.925,-51.877],[-73.232,-52.099],[-73.342,-51.689],[-73.269,-52.161],[-73.507,-52.066],[-73.648,-51.827],[-73.409,-52.011],[-73.533,-51.733],[-73.7,-51.79],[-73.98,-51.491],[-73.817,-51.39],[-73.585,-51.619],[-73.695,-51.168],[-74.113,-51.193],[-74.037,-50.979],[-74.244,-50.961],[-73.703,-50.954],[-73.872,-50.83],[-73.471,-50.654],[-73.746,-50.534],[-73.552,-50.364],[-74.027,-50.842],[-74.225,-50.584],[-74.066,-50.572],[-74.277,-50.502],[-73.905,-50.542],[-74.132,-50.437],[-74.004,-50.358],[-74.233,-50.449],[-74.27,-50.249],[-74.37,-50.391],[-74.703,-50.196],[-74.439,-50.015],[-73.925,-50.281],[-74.357,-49.974],[-73.866,-49.857],[-74.316,-49.886],[-74.062,-49.744],[-74.308,-49.646],[-74.036,-49.541],[-73.762,-49.691],[-74.074,-49.505],[-74.038,-49.27],[-73.801,-49.351],[-73.995,-49.232],[-74.15,-49.203],[-74.181,-49.545],[-74.391,-49.388],[-74.423,-49.012],[-74.324,-48.704],[-73.992,-48.725],[-74.359,-48.587],[-73.918,-48.585],[-73.837,-48.408],[-74.599,-47.985],[-74.289,-47.999],[-74.199,-48.243],[-74.26,-48.0],[-73.71,-48.025],[-73.428,-48.273],[-73.224,-48.077],[-73.45,-48.125],[-73.619,-47.881],[-73.209,-47.955],[-73.489,-47.905],[-73.648,-47.629],[-73.883,-47.831],[-74.677,-47.721],[-74.497,-47.515],[-74.287,-47.614],[-74.529,-47.668],[-74.243,-47.71],[-73.952,-47.502],[-74.481,-47.441],[-74.265,-47.194],[-74.067,-47.314],[-73.954,-47.067],[-74.196,-47.115],[-74.007,-46.963],[-74.25,-46.764],[-74.606,-46.787],[-74.428,-46.894],[-74.96,-46.748],[-74.915,-46.44],[-75.48,-46.685],[-75.581,-46.807],[-75.344,-46.719],[-75.254,-46.854],[-75.379,-46.956],[-75.647,-46.721],[-75.154,-46.301],[-74.873,-46.373],[-75.04,-46.225],[-74.721,-46.216],[-74.677,-45.923],[-75.015,-46.113],[-75.059,-45.872],[-74.527,-45.839],[-74.41,-46.031],[-74.335,-45.799],[-74.049,-45.848],[-74.223,-46.031],[-74.064,-46.015],[-74.124,-46.14],[-73.939,-46.079],[-74.422,-46.211],[-73.728,-46.237],[-74.017,-46.665],[-73.855,-46.697],[-73.928,-46.56],[-73.338,-46.033],[-73.659,-46.324],[-73.633,-45.97],[-73.149,-45.677],[-73.551,-45.784],[-73.475,-45.445],[-73.21,-45.297],[-72.799,-45.432],[-73.506,-45.194],[-72.543,-44.521],[-72.574,-44.343],[-72.714,-44.5],[-73.283,-44.162],[-72.97,-43.763],[-72.813,-43.812],[-73.049,-43.737],[-72.898,-43.607],[-73.091,-43.435],[-72.855,-43.026],[-72.726,-43.074],[-72.82,-42.527],[-72.493,-42.576],[-72.837,-42.295],[-72.59,-42.188],[-72.397,-42.476],[-72.426,-41.978],[-72.878,-41.914],[-72.324,-41.649],[-72.277,-41.393],[-72.44,-41.678],[-72.946,-41.475],[-73.161,-41.791],[-73.492,-41.796],[-73.735,-41.745],[-73.42,-41.507],[-73.784,-41.562],[-73.938,-41.054],[-73.679,-39.966],[-73.287,-39.949],[-73.162,-39.67],[-73.41,-39.832],[-73.203,-39.366],[-73.68,-37.335],[-73.586,-37.147],[-73.191,-37.168],[-73.11,-36.809],[-72.908,-37.18],[-73.219,-36.784],[-73.119,-36.614],[-72.972,-36.695],[-72.787,-35.978],[-72.567,-35.794],[-72.621,-35.56],[-72.203,-35.109],[-72.008,-34.129],[-71.608,-33.55],[-71.741,-33.099],[-71.508,-32.915],[-71.408,-32.395],[-71.713,-30.608],[-71.275,-29.876],[-71.521,-28.917],[-70.899,-27.621],[-70.971,-27.172],[-70.629,-26.342],[-70.736,-25.819],[-70.446,-25.366],[-70.58,-24.545],[-70.393,-23.619],[-70.624,-23.499],[-70.603,-23.253],[-70.288,-22.908],[-70.057,-21.437],[-70.378,-18.352],[-69.86,-18.17],[-69.797,-17.647],[-69.468,-17.498],[-69.281,-17.97],[-69.065,-18.049],[-68.95,-18.937],[-68.405,-19.416],[-68.682,-19.718],[-68.522,-19.924],[-68.762,-20.078],[-68.739,-20.456],[-68.438,-20.642],[-68.549,-20.884],[-68.179,-21.302],[-67.884,-22.835],[-67.181,-22.814],[-66.99,-23.0],[-67.323,-24.034],[-68.503,-24.618],[-68.343,-25.111],[-68.589,-25.448],[-68.381,-26.178],[-68.588,-26.492],[-68.294,-27.039],[-68.842,-27.154],[-69.122,-27.9],[-69.655,-28.416],[-69.789,-29.127],[-70.025,-29.386],[-69.817,-30.18],[-69.955,-30.386],[-70.144,-30.34],[-70.276,-31.048],[-70.525,-31.189],[-70.567,-31.583],[-70.209,-31.96],[-70.388,-32.044],[-69.989,-32.899],[-70.065,-33.205],[-69.769,-33.349],[-69.902,-33.764],[-69.797,-34.207],[-70.032,-34.292],[-70.378,-35.173],[-70.583,-35.266],[-70.317,-35.819],[-70.421,-36.153],[-71.038,-36.477],[-71.18,-36.843],[-71.211,-37.698],[-70.825,-38.592],[-71.426,-38.922],[-71.461,-39.582],[-71.699,-39.589],[-71.592,-39.902],[-71.83,-40.216],[-71.656,-40.35],[-71.965,-40.738],[-71.727,-42.123],[-72.188,-42.157],[-72.011,-42.489],[-72.142,-42.901],[-71.73,-43.198],[-71.931,-43.457],[-71.581,-43.652],[-71.84,-44.35],[-71.091,-44.532],[-71.275,-44.809],[-72.062,-44.757],[-71.337,-45.237],[-71.797,-45.623],[-71.615,-45.976],[-71.908,-46.145],[-71.648,-46.689],[-71.955,-46.816],[-71.883,-47.228],[-72.523,-47.743],[-72.241,-48.346],[-72.588,-48.487],[-72.525,-48.791],[-72.952,-48.952],[-73.087,-49.284],[-73.466,-49.284],[-73.559,-49.948],[-73.144,-50.781],[-72.287,-50.66],[-72.266,-51.035],[-72.41,-51.107],[-72.264,-51.278],[-72.444,-51.585],[-71.944,-51.876],[-72.026,-51.97],[-69.996,-52.001],[-68.418,-52.386],[-69.22,-52.197],[-69.67,-52.538],[-70.861,-52.729],[-70.736,-52.786],[-70.967,-53.754],[-71.292,-53.896],[-72.48,-53.399],[-72.118,-53.253],[-72.16,-53.433],[-71.869,-53.226],[-71.767,-53.436],[-72.023,-53.55],[-71.816,-53.519],[-71.743,-53.212],[-71.341,-53.113],[-71.144,-52.834],[-71.56,-52.563],[-72.782,-52.56],[-72.829,-52.545]]],[[[-70.462,-53.58],[-70.333,-54.02],[-70.661,-53.972],[-70.214,-54.243],[-70.828,-54.124],[-70.894,-53.875],[-70.619,-53.873],[-70.713,-53.699],[-70.479,-53.565],[-70.462,-53.58]]],[[[-69.591,-54.772],[-70.843,-54.835],[-70.442,-54.634],[-71.012,-54.779],[-70.938,-54.622],[-71.876,-54.638],[-71.986,-54.472],[-70.944,-54.467],[-70.797,-54.326],[-70.576,-54.355],[-70.758,-54.559],[-70.623,-54.608],[-70.558,-54.402],[-70.199,-54.589],[-70.91,-54.123],[-70.143,-54.432],[-70.002,-54.263],[-69.792,-54.548],[-69.841,-54.289],[-69.584,-54.5],[-69.458,-54.346],[-69.205,-54.487],[-69.51,-54.68],[-68.966,-54.474],[-70.023,-54.107],[-70.154,-53.768],[-69.317,-53.441],[-70.446,-53.378],[-70.419,-53.013],[-70.09,-52.93],[-70.437,-52.779],[-69.922,-52.845],[-69.431,-52.453],[-69.142,-52.698],[-68.767,-52.542],[-68.607,-52.657],[-68.607,-54.894],[-69.6,-54.795],[-69.591,-54.772]]],[[[-68.535,-55.422],[-68.852,-55.491],[-68.694,-55.385],[-68.932,-55.404],[-68.84,-55.222],[-69.247,-55.191],[-69.411,-55.299],[-69.091,-55.538],[-69.364,-55.553],[-69.771,-55.325],[-69.48,-55.201],[-69.854,-55.306],[-70.036,-55.173],[-68.496,-54.924],[-68.306,-55.028],[-68.549,-55.147],[-69.055,-55.073],[-68.176,-55.278],[-68.648,-55.301],[-68.111,-55.414],[-68.061,-55.715],[-68.516,-55.448],[-68.535,-55.422]]],[[[-67.194,-54.96],[-67.045,-55.132],[-67.222,-55.321],[-68.099,-55.221],[-68.313,-54.923],[-67.216,-54.949],[-67.194,-54.96]]]]}},{"type":"Feature","id":"CHN","properties":{"name":"China","ISO_A3":"CHN"},"geometry":{"type":"MultiPolygon","coordinates":[[[[124.346,39.974],[124.14,39.746],[123.63,39.833],[122.832,39.596],[121.862,38.943],[121.664,39.017],[121.703,38.872],[121.134,38.726],[121.117,38.946],[121.668,39.088],[121.607,39.259],[121.881,39.39],[121.268,39.376],[121.41,39.501],[121.229,39.555],[121.55,39.54],[121.472,39.808],[121.818,39.94],[122.266,40.484],[121.818,40.949],[121.136,40.887],[120.444,40.196],[119.537,39.892],[118.918,39.124],[118.536,39.146],[118.404,38.967],[117.936,39.209],[117.757,39.091],[117.838,38.862],[117.587,38.8],[117.74,38.349],[117.933,38.377],[118.062,38.141],[118.845,38.145],[119.255,37.82],[119.262,37.656],[118.927,37.519],[119.264,37.134],[119.726,37.128],[120.29,37.58],[120.223,37.688],[120.739,37.827],[121.566,37.438],[122.125,37.555],[122.704,37.393],[122.414,37.026],[122.516,36.898],[122.191,36.844],[122.172,37.01],[120.851,36.623],[120.987,36.554],[120.706,36.415],[120.689,36.13],[120.16,36.189],[120.3,35.982],[119.659,35.582],[119.204,35.005],[119.227,34.793],[120.276,34.297],[120.954,32.608],[121.373,32.425],[121.412,32.181],[121.937,31.737],[120.982,31.801],[120.625,32.078],[120.052,31.969],[119.788,32.33],[118.941,32.169],[119.706,32.247],[120.116,31.931],[120.718,31.993],[121.663,31.333],[121.963,30.878],[121.175,30.645],[120.807,30.3],[120.246,30.284],[120.632,30.376],[120.876,30.212],[121.312,30.403],[121.711,29.984],[122.137,29.88],[121.431,29.473],[121.991,29.584],[121.938,29.197],[121.781,29.174],[121.815,29.338],[121.747,29.15],[121.464,29.145],[121.687,29.019],[121.665,28.726],[121.334,28.708],[121.557,28.635],[121.64,28.29],[121.154,28.039],[121.163,28.347],[121.001,28.008],[120.784,27.98],[120.481,27.167],[120.19,27.269],[120.418,27.142],[120.027,26.856],[120.118,26.635],[119.865,26.515],[120.077,26.802],[119.867,26.648],[119.67,26.887],[119.73,26.706],[119.559,26.755],[119.829,26.446],[119.577,26.434],[119.945,26.356],[119.454,25.983],[119.16,26.117],[119.365,25.94],[119.713,26.018],[119.471,25.66],[119.632,25.342],[119.343,25.537],[119.119,25.408],[119.368,25.263],[119.276,25.172],[118.899,25.249],[119.007,24.956],[118.648,24.853],[118.775,24.754],[118.606,24.53],[118.437,24.678],[117.982,24.553],[118.04,24.441],[117.787,24.5],[118.139,24.271],[117.719,24.029],[117.607,23.747],[117.445,23.927],[117.277,23.628],[116.825,23.456],[116.646,23.658],[116.872,23.453],[116.549,23.389],[116.802,23.237],[116.485,22.937],[115.819,22.743],[115.693,22.947],[115.568,22.667],[115.309,22.871],[114.879,22.771],[114.905,22.552],[114.735,22.608],[114.773,22.833],[114.497,22.655],[114.509,22.45],[114.41,22.612],[113.895,22.456],[113.572,22.868],[113.675,23.131],[113.443,23.094],[113.619,22.754],[113.411,22.738],[113.661,22.435],[113.468,22.153],[112.784,23.173],[112.604,23.182],[113.057,22.796],[113.398,22.009],[113.219,21.902],[112.924,22.515],[113.085,22.214],[112.928,21.856],[112.787,21.944],[112.565,21.755],[112.382,22.032],[112.392,21.731],[112.013,21.795],[111.812,21.56],[111.912,21.689],[111.691,21.771],[111.808,21.695],[111.639,21.516],[111.03,21.524],[110.613,21.218],[110.433,21.19],[110.398,21.381],[110.169,20.909],[110.386,20.821],[110.299,20.681],[110.467,20.674],[110.519,20.428],[109.919,20.224],[110.011,20.417],[109.664,20.936],[109.909,21.416],[109.577,21.731],[109.55,21.478],[109.158,21.401],[109.149,21.571],[108.854,21.743],[108.741,21.609],[108.543,21.913],[108.401,21.539],[108.339,21.688],[108.256,21.52],[107.383,21.596],[107.023,21.944],[106.683,21.985],[106.557,22.459],[106.836,22.806],[105.883,22.928],[105.322,23.392],[104.801,23.115],[104.723,22.82],[104.377,22.691],[104.115,22.812],[103.964,22.506],[103.66,22.789],[103.53,22.595],[103.32,22.808],[103.08,22.451],[102.496,22.781],[102.26,22.414],[101.672,22.476],[101.549,22.246],[101.834,21.627],[101.762,21.145],[101.248,21.201],[101.109,21.774],[100.572,21.451],[100.126,21.511],[99.962,22.053],[99.179,22.148],[99.314,22.739],[99.566,22.933],[98.884,23.189],[98.891,23.617],[98.681,23.911],[98.878,24.154],[97.527,23.937],[97.752,24.172],[97.549,24.736],[97.798,24.85],[97.838,25.273],[98.703,25.853],[98.573,26.122],[98.72,26.132],[98.782,26.606],[98.698,27.549],[98.44,27.669],[98.317,27.523],[98.141,28.143],[97.688,28.522],[97.332,28.214],[96.719,28.605],[96.492,28.431],[96.63,28.734],[96.316,29.117],[96.185,29.046],[96.303,29.191],[96.136,29.346],[95.26,29.073],[94.629,29.296],[94.295,29.151],[94.26,28.932],[93.426,28.662],[92.677,28.151],[92.73,27.978],[92.456,27.793],[91.874,27.722],[91.342,28.062],[90.583,28.023],[89.819,28.241],[89.032,27.578],[88.974,27.306],[88.783,27.453],[88.888,27.856],[88.755,28.08],[87.193,27.82],[86.738,28.104],[86.411,27.907],[86.174,28.169],[86.003,27.911],[85.711,28.386],[85.609,28.257],[85.121,28.336],[85.115,28.687],[84.857,28.571],[84.461,28.751],[84.086,29.295],[83.588,29.175],[83.218,29.606],[82.166,30.076],[82.082,30.36],[81.408,30.421],[81.124,30.02],[81.031,30.247],[80.209,30.588],[80.179,30.806],[79.427,31.023],[79.142,31.432],[78.778,31.312],[78.779,31.967],[78.393,32.539],[78.74,32.696],[78.968,32.336],[79.548,32.677],[79.403,33.194],[78.937,33.387],[78.907,33.62],[79.09,33.637],[78.887,33.973],[79.41,34.01],[79.607,34.238],[79.538,34.479],[79.792,34.481],[80.211,34.895],[80.367,35.525],[79.706,35.639],[79.435,35.973],[78.888,35.958],[77.911,35.462],[76.767,35.66],[76.556,35.927],[76.165,35.823],[75.944,36.076],[76.061,36.225],[75.865,36.67],[75.452,36.724],[75.4,36.955],[74.486,37.093],[74.501,37.239],[75.129,37.323],[74.897,37.665],[74.916,38.025],[74.696,38.425],[73.804,38.612],[73.699,38.879],[73.843,38.999],[73.508,39.375],[73.874,39.483],[73.934,40.023],[74.862,40.324],[74.838,40.522],[75.239,40.448],[75.601,40.663],[75.7,40.28],[76.34,40.35],[76.878,41.028],[77.765,41.015],[78.156,41.382],[80.199,42.037],[80.175,42.668],[80.575,42.887],[80.381,43.042],[80.797,43.184],[80.396,44.11],[80.41,44.61],[79.882,44.911],[81.774,45.386],[82.56,45.204],[82.258,45.616],[83.028,47.207],[84.944,46.863],[85.538,47.049],[85.703,47.38],[85.584,48.191],[85.787,48.417],[86.583,48.54],[86.817,48.831],[86.729,48.994],[86.996,49.143],[87.814,49.17],[87.901,48.983],[87.735,48.88],[88.091,48.712],[87.969,48.575],[88.516,48.4],[88.637,48.178],[89.06,47.989],[89.582,48.03],[90.367,47.657],[91.047,46.723],[90.892,46.313],[91.021,46.023],[90.668,45.544],[90.882,45.192],[93.539,44.955],[94.724,44.339],[95.404,44.295],[95.323,44.026],[95.523,44.005],[96.388,42.725],[99.503,42.566],[100.848,42.673],[103.413,41.882],[104.525,41.875],[104.518,41.661],[105.007,41.582],[107.46,42.458],[109.535,42.47],[110.433,42.78],[111.062,43.355],[111.947,43.69],[111.411,44.356],[111.996,45.09],[113.628,44.744],[114.541,45.385],[115.356,45.389],[116.174,45.69],[116.578,46.289],[117.37,46.361],[117.415,46.58],[118.905,46.775],[119.295,46.612],[119.904,46.667],[119.709,47.194],[118.559,47.993],[117.804,48.014],[117.375,47.64],[116.796,47.899],[115.935,47.681],[115.522,48.153],[115.813,48.257],[115.788,48.524],[116.714,49.846],[117.858,49.51],[119.274,50.105],[119.362,50.34],[119.133,50.382],[119.275,50.604],[120.088,51.681],[120.779,52.157],[120.616,52.358],[120.726,52.54],[120.075,52.583],[120.032,52.779],[120.826,53.271],[123.282,53.56],[124.864,53.093],[125.615,53.077],[125.655,52.871],[126.099,52.773],[125.972,52.608],[126.557,52.125],[126.458,51.943],[126.908,51.405],[126.817,51.281],[126.977,51.319],[126.917,51.057],[127.297,50.743],[127.328,50.335],[127.607,50.224],[127.526,49.815],[127.849,49.574],[129.501,49.422],[130.221,48.867],[130.67,48.876],[130.522,48.615],[130.833,48.298],[130.658,48.094],[131.001,47.693],[132.552,47.715],[133.055,48.107],[134.767,48.371],[134.544,47.985],[134.77,47.715],[134.169,47.318],[133.911,46.263],[133.165,45.469],[133.13,45.128],[132.962,45.023],[131.874,45.341],[131.485,44.966],[130.961,44.853],[131.303,44.044],[131.311,43.395],[131.109,42.913],[130.406,42.729],[130.639,42.417],[130.257,42.705],[130.261,42.903],[129.913,43.008],[129.697,42.426],[129.36,42.456],[128.908,42.009],[128.031,41.995],[128.311,41.588],[128.202,41.409],[127.341,41.462],[126.947,41.802],[126.697,41.75],[126.021,40.899],[124.891,40.476],[124.361,40.0],[124.346,39.974]]],[[[110.689,20.155],[110.938,20.004],[111.017,19.641],[110.813,19.622],[110.411,18.66],[109.571,18.162],[108.687,18.507],[108.664,19.349],[109.306,19.918],[110.366,20.092],[110.624,19.937],[110.674,20.154],[110.689,20.155]]]]}},{"type":"Feature","id":"CIV","properties":{"name":"C\ufffdte d\ufffdIvoire","ISO_A3":"CIV"},"geometry":{"type":"Polygon","coordinates":[[[-4.524,5.263],[-4.007,5.243],[-5.599,5.11],[-7.565,4.399],[-7.432,5.839],[-7.765,5.955],[-7.925,6.291],[-8.597,6.501],[-8.275,7.004],[-8.472,7.556],[-8.193,7.553],[-7.944,8.048],[-8.24,8.234],[-8.236,8.465],[-7.649,8.378],[-7.692,8.649],[-7.975,8.831],[-7.731,9.082],[-7.914,9.189],[-7.849,9.422],[-8.14,9.532],[-8.16,9.932],[-7.626,10.461],[-7.03,10.144],[-6.947,10.349],[-6.648,10.371],[-6.642,10.672],[-6.427,10.561],[-6.247,10.741],[-6.178,10.225],[-5.663,10.464],[-5.11,10.306],[-4.688,9.678],[-4.313,9.597],[-4.127,9.847],[-3.191,9.925],[-2.687,9.492],[-2.78,9.065],[-2.493,8.206],[-2.781,7.952],[-3.259,6.616],[-3.026,5.709],[-2.761,5.6],[-2.727,5.132],[-3.137,5.144],[-3.176,5.373],[-3.294,5.128],[-3.893,5.325],[-4.492,5.274],[-4.524,5.263]]]}},{"type":"Feature","id":"CMR","properties":{"name":"Cameroon","ISO_A3":"CMR"},"geometry":{"type":"Polygon","coordinates":[[[9.696,3.884],[9.691,4.097],[9.242,3.942],[9.002,4.078],[8.952,4.575],[8.788,4.792],[8.568,4.734],[8.921,5.564],[8.842,5.821],[10.15,7.038],[10.494,6.872],[10.581,7.157],[11.097,6.52],[11.331,6.502],[11.88,7.098],[12.26,8.442],[12.782,8.743],[12.875,9.378],[13.231,9.58],[13.249,10.036],[13.5,10.207],[13.735,11.006],[13.987,11.31],[14.196,11.245],[14.648,11.591],[14.678,12.164],[14.179,12.417],[14.083,13.083],[14.467,13.083],[15.087,11.997],[15.143,10.54],[15.685,9.996],[14.215,10.008],[13.976,9.645],[15.109,8.659],[15.591,7.766],[14.739,6.25],[14.416,6.032],[14.618,5.894],[14.526,5.286],[14.729,4.616],[15.087,4.301],[15.247,3.714],[16.069,2.912],[16.147,1.698],[14.595,2.201],[11.702,2.318],[10.0,2.172],[9.823,2.35],[9.975,3.09],[9.654,3.538],[9.699,3.876],[9.696,3.884]]]}},{"type":"Feature","id":"COD","properties":{"name":"Congo (Kinshasa)","ISO_A3":"COD"},"geometry":{"type":"Polygon","coordinates":[[[12.202,-5.774],[12.528,-5.742],[12.464,-5.08],[13.112,-4.589],[13.428,-4.913],[13.722,-4.708],[13.736,-4.445],[14.401,-4.28],[14.397,-4.862],[14.682,-4.915],[15.554,-4.041],[15.895,-3.946],[16.215,-3.297],[16.228,-2.142],[17.724,-0.539],[18.093,2.266],[18.649,3.219],[18.545,4.321],[19.423,5.131],[20.173,4.892],[20.58,4.413],[22.258,4.115],[22.546,4.214],[22.965,4.839],[23.421,4.593],[24.378,5.113],[25.065,4.928],[25.57,5.382],[26.522,5.047],[27.135,5.207],[28.382,4.285],[28.788,4.564],[29.221,4.341],[29.62,4.659],[30.211,3.94],[30.549,3.844],[30.556,3.627],[30.939,3.505],[30.742,2.445],[31.315,2.117],[29.989,0.845],[29.722,0.075],[29.592,-1.388],[29.269,-1.629],[29.164,-2.157],[28.862,-2.525],[29.254,-3.052],[29.351,-4.951],[29.632,-5.722],[29.55,-6.295],[30.311,-7.137],[30.773,-8.203],[28.891,-8.477],[28.912,-8.767],[28.38,-9.253],[28.697,-9.801],[28.436,-11.816],[29.04,-12.383],[29.483,-12.458],[29.483,-12.25],[29.815,-12.15],[29.815,-13.444],[29.586,-13.204],[29.006,-13.423],[28.438,-12.514],[27.65,-12.286],[27.208,-11.569],[26.876,-11.985],[25.98,-11.948],[25.332,-11.627],[25.354,-11.201],[24.439,-11.466],[24.28,-11.388],[24.391,-11.101],[24.065,-10.889],[23.196,-11.108],[22.509,-11.039],[22.25,-11.264],[22.328,-10.387],[21.791,-9.418],[21.952,-8.502],[21.752,-7.943],[21.789,-7.283],[20.553,-7.283],[20.628,-6.917],[19.548,-7.0],[19.381,-8.0],[18.531,-7.917],[17.566,-8.125],[16.942,-7.238],[16.572,-5.871],[12.895,-5.841],[12.44,-6.057],[12.232,-5.819],[12.202,-5.774]]]}},{"type":"Feature","id":"COG","properties":{"name":"Congo (Brazzaville)","ISO_A3":"COG"},"geometry":{"type":"Polygon","coordinates":[[[11.152,-3.962],[11.441,-3.509],[11.664,-3.746],[11.956,-3.416],[11.535,-2.838],[11.526,-2.373],[11.736,-2.548],[11.97,-2.339],[12.514,-2.422],[12.445,-1.918],[12.648,-1.813],[13.004,-2.344],[13.488,-2.436],[13.764,-2.089],[13.867,-2.47],[14.097,-2.51],[14.431,-1.904],[14.527,-0.618],[13.818,-0.155],[13.956,0.363],[14.496,0.933],[14.18,1.398],[13.162,1.231],[13.297,2.172],[14.595,2.201],[15.748,1.92],[16.058,1.657],[16.081,2.192],[16.509,2.832],[16.639,3.531],[17.468,3.708],[18.177,3.483],[18.487,3.653],[18.649,3.219],[18.093,2.266],[17.84,0.954],[17.958,0.375],[17.678,-0.147],[17.705,-0.505],[16.781,-1.24],[16.121,-2.211],[16.215,-3.297],[15.895,-3.946],[15.201,-4.314],[14.682,-4.915],[14.397,-4.862],[14.401,-4.28],[13.736,-4.445],[13.722,-4.708],[13.428,-4.913],[12.772,-4.39],[12.011,-5.033],[11.21,-4.0],[11.152,-3.962]]]}},{"type":"Feature","id":"COL","properties":{"name":"Colombia","ISO_A3":"COL"},"geometry":{"type":"Polygon","coordinates":[[[-78.154,2.578],[-77.782,2.554],[-77.686,3.009],[-77.051,3.879],[-77.281,3.839],[-77.194,4.057],[-77.359,3.926],[-77.527,4.144],[-77.296,4.735],[-77.392,5.428],[-77.538,5.481],[-77.246,5.784],[-77.483,6.191],[-77.326,6.543],[-77.883,7.218],[-77.729,7.696],[-77.569,7.508],[-77.159,7.932],[-77.409,8.644],[-76.949,8.253],[-77.142,7.723],[-76.921,7.004],[-77.126,7.828],[-76.715,8.062],[-76.936,8.556],[-76.334,8.924],[-75.948,9.44],[-75.629,9.436],[-75.527,10.239],[-75.703,10.144],[-75.511,10.574],[-74.92,11.046],[-74.746,10.938],[-74.843,11.106],[-74.464,10.978],[-74.375,10.746],[-74.194,11.302],[-73.266,11.292],[-71.669,12.458],[-71.268,12.333],[-71.117,12.034],[-71.972,11.644],[-72.246,11.145],[-72.487,11.097],[-73.366,9.172],[-73.014,9.289],[-72.766,9.098],[-72.354,8.165],[-72.476,7.49],[-72.187,7.374],[-72.028,7.02],[-70.118,6.979],[-69.288,6.057],[-69.05,6.223],[-67.452,6.2],[-67.624,5.478],[-67.851,5.3],[-67.859,4.534],[-67.311,3.375],[-67.86,2.786],[-67.614,2.811],[-67.217,2.393],[-66.846,1.327],[-67.088,1.168],[-67.139,1.796],[-67.391,2.23],[-67.922,1.821],[-68.193,2.028],[-68.163,1.728],[-69.846,1.714],[-69.846,1.076],[-69.25,1.057],[-69.115,0.642],[-69.482,0.734],[-70.044,0.563],[-70.065,-0.164],[-69.607,-0.508],[-69.396,-1.122],[-69.947,-4.227],[-70.28,-3.825],[-70.713,-3.793],[-70.057,-2.761],[-70.305,-2.498],[-71.004,-2.208],[-71.399,-2.407],[-71.739,-2.142],[-72.142,-2.465],[-72.929,-2.456],[-73.165,-2.238],[-73.148,-1.804],[-73.538,-1.701],[-73.62,-1.263],[-74.274,-0.977],[-74.422,-0.5],[-74.78,-0.203],[-75.81,0.053],[-76.274,0.436],[-76.585,0.219],[-77.53,0.407],[-77.482,0.655],[-77.664,0.812],[-78.615,1.246],[-79.008,1.653],[-78.828,1.824],[-78.562,1.753],[-78.691,2.229],[-78.487,2.547],[-78.32,2.377],[-78.152,2.632],[-78.154,2.578]]]}},{"type":"Feature","id":"CRI","properties":{"name":"Costa Rica","ISO_A3":"CRI"},"geometry":{"type":"Polygon","coordinates":[[[-83.673,10.934],[-83.373,10.334],[-82.556,9.555],[-82.86,9.617],[-82.936,9.473],[-82.936,9.078],[-82.712,8.922],[-83.053,8.334],[-82.904,8.04],[-83.123,8.594],[-83.48,8.719],[-83.278,8.387],[-83.589,8.458],[-83.734,8.598],[-83.52,8.858],[-83.625,9.039],[-84.625,9.591],[-84.744,9.97],[-85.235,10.212],[-84.895,9.834],[-85.112,9.562],[-85.653,9.904],[-85.853,10.261],[-85.63,10.62],[-85.917,10.905],[-85.704,10.936],[-85.61,11.22],[-84.911,10.945],[-84.359,10.996],[-83.931,10.708],[-83.67,10.798],[-83.698,10.941],[-83.673,10.934]]]}},{"type":"Feature","id":"CUB","properties":{"name":"Cuba","ISO_A3":"CUB"},"geometry":{"type":"MultiPolygon","coordinates":[[[[-82.936,21.93],[-82.692,21.874],[-82.604,21.524],[-83.143,21.528],[-82.955,21.602],[-83.092,21.78],[-82.982,21.903],[-82.936,21.93]]],[[[-75.087,19.902],[-75.867,20.01],[-77.734,19.843],[-77.017,20.546],[-78.144,20.762],[-78.487,21.028],[-78.75,21.638],[-79.824,21.667],[-80.537,22.183],[-80.461,22.041],[-80.885,22.037],[-81.186,22.28],[-81.203,22.109],[-81.82,22.184],[-82.158,22.395],[-81.647,22.491],[-81.864,22.677],[-82.771,22.697],[-83.37,22.201],[-83.92,22.165],[-84.035,21.906],[-84.935,21.837],[-84.282,22.012],[-84.4,22.318],[-84.023,22.715],[-82.025,23.188],[-79.823,22.925],[-79.369,22.426],[-78.69,22.378],[-77.414,21.635],[-77.444,21.801],[-77.147,21.648],[-77.368,21.604],[-77.207,21.46],[-77.065,21.594],[-76.893,21.298],[-75.718,21.126],[-75.574,21.01],[-75.749,20.9],[-75.553,20.788],[-75.774,20.836],[-75.757,20.703],[-74.995,20.697],[-74.146,20.254],[-74.274,20.068],[-75.058,19.903],[-75.087,19.902]]]]}},{"type":"Feature","id":"CYP","properties":{"name":"Cyprus","ISO_A3":"CYP"},"geometry":{"type":"Polygon","coordinates":[[[33.902,34.965],[33.872,35.124],[33.602,34.816],[32.703,34.64],[32.425,34.743],[32.275,35.095],[32.852,35.148],[32.92,35.401],[33.64,35.357],[34.565,35.693],[33.942,35.304],[34.078,34.988],[33.906,34.973],[33.902,34.965]]]}},{"type":"Feature","id":"CZE","properties":{"name":"Czechia","ISO_A3":"CZE"},"geometry":{"type":"Polygon","coordinates":[[[16.94,48.617],[15.022,49.02],[14.706,48.591],[14.054,48.604],[12.656,49.435],[12.403,49.762],[12.548,49.92],[12.147,50.322],[12.318,50.172],[12.513,50.396],[14.388,50.9],[14.316,51.056],[14.766,50.819],[15.172,51.02],[15.374,50.778],[16.343,50.662],[16.445,50.58],[16.221,50.407],[16.706,50.097],[17.028,50.23],[16.908,50.449],[17.721,50.319],[17.593,50.16],[17.778,50.02],[18.575,49.919],[18.851,49.517],[18.184,49.287],[17.885,48.928],[17.192,48.875],[16.953,48.622],[16.94,48.617]]]}},{"type":"Feature","id":"DEU","properties":{"name":"Germany","ISO_A3":"DEU"},"geometry":{"type":"Polygon","coordinates":[[[8.271,53.518],[8.575,53.538],[8.482,53.688],[8.684,53.894],[9.277,53.857],[10.066,53.462],[8.874,53.95],[8.982,54.062],[8.6,54.372],[9.007,54.483],[8.81,54.467],[8.578,54.882],[8.278,54.753],[8.421,55.058],[8.43,54.879],[9.956,54.78],[9.637,54.52],[10.034,54.657],[9.841,54.467],[10.133,54.484],[10.174,54.33],[11.128,54.39],[10.756,54.057],[10.911,53.898],[12.088,54.141],[12.511,54.483],[12.914,54.42],[12.401,54.25],[13.035,54.431],[13.468,54.087],[13.809,54.099],[13.819,53.842],[14.272,53.74],[14.45,53.259],[14.124,52.845],[14.639,52.569],[14.535,52.398],[14.758,52.067],[14.591,51.82],[15.033,51.294],[14.897,50.941],[14.766,50.819],[14.316,51.056],[14.388,50.9],[12.513,50.396],[12.318,50.172],[12.091,50.252],[12.548,49.92],[12.403,49.762],[12.656,49.435],[13.84,48.772],[13.727,48.513],[13.45,48.564],[13.407,48.371],[12.749,48.108],[13.079,47.688],[13.001,47.464],[12.25,47.742],[11.273,47.398],[10.454,47.556],[10.174,47.27],[9.802,47.596],[9.562,47.505],[8.657,47.8],[8.428,47.567],[7.526,47.659],[7.805,48.593],[8.203,48.96],[6.739,49.164],[6.369,49.469],[6.522,49.797],[6.113,50.059],[6.377,50.441],[5.879,51.018],[6.175,51.158],[6.224,51.475],[5.945,51.824],[6.722,51.896],[6.696,52.07],[7.066,52.241],[6.994,52.465],[6.681,52.553],[7.042,52.633],[7.213,53.011],[7.245,53.322],[7.001,53.356],[7.089,53.582],[7.945,53.719],[8.094,53.454],[8.299,53.526],[8.271,53.518]]]}},{"type":"Feature","id":"DJI","properties":{"name":"Djibouti","ISO_A3":"DJI"},"geometry":{"type":"Polygon","coordinates":[[[42.64,11.482],[43.242,11.496],[42.967,10.997],[42.628,11.095],[41.946,10.913],[41.786,10.987],[41.835,11.733],[42.461,12.527],[42.698,12.366],[43.137,12.714],[43.41,12.063],[42.537,11.592],[42.635,11.467],[42.64,11.482]]]}},{"type":"Feature","id":"DNK","properties":{"name":"Denmark","ISO_A3":"DNK"},"geometry":{"type":"MultiPolygon","coordinates":[[[[8.139,55.67],[8.14,55.953],[8.376,55.901],[8.097,56.061],[8.197,56.697],[8.666,56.468],[8.963,56.802],[9.174,56.709],[9.055,56.564],[9.298,56.607],[9.16,56.683],[9.287,56.993],[10.306,56.983],[10.328,56.705],[9.857,56.643],[10.338,56.701],[10.243,56.575],[10.836,56.531],[10.914,56.344],[10.511,56.095],[10.346,56.198],[10.502,56.276],[10.344,56.261],[10.193,55.837],[9.877,55.86],[10.014,55.701],[9.579,55.704],[9.859,55.624],[9.569,55.527],[9.715,55.238],[9.423,55.027],[9.737,54.987],[9.751,54.839],[8.635,54.912],[8.674,55.14],[8.462,55.095],[8.685,55.158],[8.509,55.299],[8.615,55.429],[8.074,55.559],[8.139,55.67]]],[[[9.064,57.019],[8.675,56.952],[8.515,56.589],[8.227,56.781],[8.6,57.124],[9.415,57.169],[9.953,57.592],[10.617,57.752],[10.431,57.602],[10.547,57.227],[10.331,56.988],[9.068,57.021],[9.064,57.019]]],[[[10.519,55.54],[10.431,55.444],[10.652,55.589],[10.852,55.292],[10.743,55.068],[10.08,55.076],[9.681,55.507],[10.453,55.567],[10.519,55.54]]],[[[12.518,55.587],[12.229,55.531],[12.455,55.289],[12.023,55.161],[12.168,54.995],[11.259,55.2],[11.093,55.676],[10.885,55.735],[11.368,55.768],[11.522,55.927],[11.307,55.987],[11.777,55.977],[11.609,55.782],[11.78,55.658],[12.003,55.915],[11.951,55.675],[12.086,55.654],[12.04,55.929],[11.852,55.975],[12.539,56.08],[12.681,55.629],[12.519,55.586],[12.518,55.587]]]]}},{"type":"Feature","id":"DOM","properties":{"name":"Dominican Republic","ISO_A3":"DOM"},"geometry":{"type":"Polygon","coordinates":[[[-71.759,18.032],[-71.698,18.342],[-71.996,18.631],[-71.738,18.722],[-71.875,18.972],[-71.64,19.147],[-71.777,19.336],[-71.651,19.898],[-69.947,19.675],[-69.743,19.282],[-69.151,19.287],[-69.624,19.223],[-69.627,19.082],[-68.921,19.028],[-68.345,18.644],[-68.466,18.344],[-68.706,18.209],[-68.959,18.415],[-69.878,18.472],[-70.502,18.193],[-70.665,18.432],[-71.087,18.296],[-71.421,17.608],[-71.732,18.021],[-71.759,18.032]]]}},{"type":"Feature","id":"DZA","properties":{"name":"Algeria","ISO_A3":"DZA"},"geometry":{"type":"Polygon","coordinates":[[[8.642,36.941],[8.158,36.481],[8.409,36.411],[8.258,35.763],[8.473,35.236],[8.29,34.721],[7.528,34.063],[7.525,33.797],[7.808,33.208],[8.323,32.823],[8.357,32.502],[9.075,32.086],[9.556,30.228],[9.415,30.041],[9.783,29.427],[9.914,26.646],[9.4,26.195],[10.028,25.354],[10.223,24.646],[11.568,24.254],[11.477,24.082],[11.998,23.515],[7.459,20.843],[5.813,19.443],[3.295,19.003],[3.115,19.15],[3.255,19.835],[2.683,20.099],[2.375,20.028],[2.215,20.319],[1.798,20.298],[1.591,20.6],[1.164,20.739],[1.167,21.114],[0.022,21.89],[-8.668,27.316],[-8.668,28.714],[-7.148,29.524],[-5.796,29.617],[-5.562,29.492],[-5.277,29.904],[-4.324,30.531],[-3.636,30.704],[-3.543,31.034],[-3.788,31.237],[-3.667,31.633],[-2.823,31.798],[-2.908,32.118],[-1.154,32.109],[-1.246,32.326],[-1.001,32.506],[-1.383,32.741],[-1.67,33.284],[-1.74,34.743],[-2.212,35.085],[-1.357,35.318],[-0.938,35.727],[-0.383,35.909],[-0.11,35.789],[1.065,36.488],[2.603,36.601],[2.963,36.814],[4.759,36.896],[5.301,36.638],[6.413,37.085],[6.932,36.88],[7.207,37.087],[7.823,36.846],[8.591,36.929],[8.642,36.941]]]}},{"type":"Feature","id":"ECU","properties":{"name":"Ecuador","ISO_A3":"ECU"},"geometry":{"type":"MultiPolygon","coordinates":[[[[-91.341,0.159],[-90.781,-0.758],[-91.169,-1.047],[-91.512,-0.907],[-91.073,-0.617],[-91.594,-0.012],[-91.364,0.158],[-91.341,0.159]]],[[[-78.747,1.379],[-78.185,0.938],[-77.664,0.812],[-77.482,0.655],[-77.53,0.407],[-76.585,0.219],[-76.274,0.436],[-75.255,-0.116],[-75.61,-0.193],[-75.231,-0.55],[-75.2,-0.979],[-75.387,-0.932],[-75.556,-1.549],[-76.634,-2.59],[-77.844,-2.999],[-78.17,-3.491],[-78.341,-3.382],[-78.66,-4.586],[-79.014,-5.014],[-79.262,-4.968],[-79.645,-4.434],[-80.097,-4.294],[-80.45,-4.443],[-80.329,-4.223],[-80.468,-4.034],[-80.127,-3.895],[-80.241,-3.461],[-80.025,-3.358],[-79.724,-2.604],[-79.851,-2.08],[-79.897,-2.572],[-79.959,-2.23],[-80.251,-2.742],[-81.007,-2.189],[-80.735,-2.057],[-80.912,-1.059],[-80.3,-0.653],[-80.493,-0.386],[-80.067,0.052],[-80.042,0.364],[-79.944,0.209],[-80.08,0.793],[-78.966,1.13],[-78.752,1.389],[-78.747,1.379]]]]}},{"type":"Feature","id":"EGY","properties":{"name":"Egypt","ISO_A3":"EGY"},"geometry":{"type":"MultiPolygon","coordinates":[[[[27.87,31.223],[29.063,30.821],[30.073,31.327],[30.252,31.252],[30.37,31.476],[31.048,31.6],[31.923,31.524],[32.309,31.273],[32.302,30.346],[32.585,29.98],[32.343,29.589],[32.868,28.571],[33.584,27.847],[33.495,27.642],[33.849,27.235],[33.936,26.668],[35.137,24.513],[35.769,23.947],[35.484,23.93],[35.619,23.146],[35.209,22.785],[34.948,22.858],[34.688,22.299],[34.15,22.203],[34.081,22.0],[31.399,22.0],[31.466,22.224],[31.315,22.0],[25.0,22.0],[25.0,29.253],[24.697,30.156],[25.016,30.777],[24.86,31.404],[25.14,31.658],[25.318,31.504],[25.911,31.628],[27.859,31.246],[27.87,31.223]]],[[[34.218,31.325],[34.902,29.491],[34.252,27.725],[33.233,28.574],[33.181,29.001],[32.73,29.468],[32.307,30.58],[32.36,31.227],[32.717,31.029],[33.096,31.179],[33.141,31.044],[34.187,31.302],[34.218,31.325]]]]}},{"type":"Feature","id":"ERI","properties":{"name":"Eritrea","ISO_A3":"ERI"},"geometry":{"type":"Polygon","coordinates":[[[39.906,15.504],[40.156,14.992],[40.57,14.998],[40.78,14.706],[41.192,14.62],[41.69,13.934],[42.235,13.637],[42.397,13.202],[42.791,12.84],[43.015,12.921],[43.137,12.714],[42.698,12.366],[42.056,12.801],[40.942,14.082],[40.134,14.546],[39.93,14.415],[39.58,14.607],[39.266,14.414],[39.154,14.653],[38.455,14.413],[37.913,14.894],[37.528,14.184],[37.313,14.446],[37.018,14.252],[36.547,14.266],[36.433,15.167],[36.951,16.311],[37.001,17.078],[37.405,17.058],[37.512,17.339],[38.243,17.551],[38.584,18.021],[39.469,15.524],[39.78,15.061],[39.871,15.507],[39.906,15.504]]]}},{"type":"Feature","id":"ESP","properties":{"name":"Spain","ISO_A3":"ESP"},"geometry":{"type":"MultiPolygon","coordinates":[[[[-16.152,28.587],[-16.695,28.001],[-16.917,28.362],[-16.158,28.589],[-16.152,28.587]]],[[[-15.419,28.18],[-15.431,27.804],[-15.832,27.91],[-15.69,28.17],[-15.442,28.167],[-15.419,28.18]]],[[[-13.889,28.758],[-13.945,28.229],[-14.496,28.074],[-13.905,28.749],[-13.889,28.758]]],[[[-6.961,37.186],[-7.406,37.182],[-7.523,37.555],[-6.935,38.201],[-7.322,38.478],[-6.959,39.054],[-7.531,39.667],[-7.016,39.67],[-6.873,39.999],[-7.011,40.223],[-6.781,40.364],[-6.931,41.029],[-6.189,41.575],[-6.811,41.993],[-8.131,41.809],[-8.084,42.047],[-8.245,42.14],[-8.883,41.881],[-8.901,42.112],[-8.612,42.345],[-8.858,42.26],[-8.668,42.418],[-8.944,42.464],[-8.755,42.641],[-9.045,42.522],[-8.916,42.798],[-9.292,42.92],[-8.914,43.318],[-8.224,43.333],[-8.325,43.557],[-7.688,43.775],[-7.158,43.554],[-5.845,43.657],[-4.568,43.393],[-3.597,43.513],[-3.03,43.33],[-1.796,43.383],[-1.383,43.253],[-1.441,43.046],[-0.752,42.967],[-0.568,42.781],[0.668,42.689],[0.708,42.861],[1.357,42.72],[1.457,42.436],[2.542,42.334],[2.947,42.481],[3.306,42.327],[3.112,42.202],[3.203,41.892],[2.935,41.715],[0.701,40.804],[0.867,40.695],[0.538,40.567],[-0.322,39.502],[-0.178,39.028],[0.231,38.732],[-0.511,38.325],[-0.859,37.716],[-0.721,37.605],[-1.671,37.357],[-2.125,36.732],[-4.396,36.722],[-5.184,36.409],[-5.611,36.011],[-6.036,36.182],[-6.44,36.72],[-6.345,36.798],[-6.931,37.162],[-6.961,37.186]]],[[[3.107,39.906],[3.458,39.744],[3.232,39.362],[3.05,39.265],[2.347,39.595],[3.137,39.928],[3.107,39.906]]]]}},{"type":"Feature","id":"EST","properties":{"name":"Estonia","ISO_A3":"EST"},"geometry":{"type":"MultiPolygon","coordinates":[[[[22.228,58.078],[21.985,57.952],[22.222,58.136],[21.832,58.281],[21.996,58.346],[21.917,58.517],[22.117,58.424],[22.54,58.642],[23.302,58.476],[22.243,58.083],[22.228,58.078]]],[[[23.545,58.951],[23.404,59.026],[23.491,59.209],[25.697,59.667],[28.085,59.457],[28.131,59.291],[27.357,58.787],[27.491,58.225],[27.817,57.895],[27.352,57.518],[26.5,57.525],[25.296,58.081],[24.352,57.877],[24.574,58.334],[23.765,58.334],[23.493,58.689],[23.737,58.769],[23.454,58.769],[23.48,58.934],[23.545,58.951]]]]}},{"type":"Feature","id":"ETH","properties":{"name":"Ethiopia","ISO_A3":"ETH"},"geometry":{"type":"Polygon","coordinates":[[[42.404,12.469],[41.835,11.733],[41.786,10.987],[42.967,10.997],[42.672,10.614],[43.463,9.416],[43.995,9.003],[47.001,8.001],[48.001,8.001],[44.97,4.913],[43.635,4.855],[43.082,4.607],[42.844,4.284],[42.079,4.179],[41.846,3.95],[41.207,3.936],[40.756,4.285],[39.866,3.871],[39.553,3.405],[38.127,3.61],[37.029,4.388],[36.05,4.457],[35.809,4.791],[35.86,5.321],[35.321,5.336],[35.126,5.624],[34.939,6.558],[34.194,7.041],[33.724,7.656],[33.006,7.856],[33.245,8.448],[33.768,8.368],[34.146,8.607],[34.295,10.585],[34.603,10.906],[34.841,10.713],[34.987,10.89],[35.044,11.734],[35.662,12.637],[36.16,12.697],[36.559,14.285],[37.018,14.252],[37.313,14.446],[37.528,14.184],[37.913,14.894],[38.455,14.413],[39.154,14.653],[39.266,14.414],[39.58,14.607],[39.93,14.415],[40.134,14.546],[40.942,14.082],[42.329,12.571],[42.404,12.469]]]}},{"type":"Feature","id":"FIN","properties":{"name":"Finland","ISO_A3":"FIN"},"geometry":{"type":"Polygon","coordinates":[[[26.862,60.428],[25.933,60.485],[26.113,60.326],[25.999,60.266],[24.85,60.204],[24.42,59.962],[24.355,60.09],[23.364,59.914],[23.52,60.073],[22.95,59.818],[23.157,59.966],[22.809,60.017],[23.227,60.062],[22.871,60.162],[23.024,60.331],[22.52,60.215],[22.604,60.374],[21.706,60.458],[21.808,60.627],[21.585,60.491],[21.334,60.686],[21.378,60.901],[21.181,60.858],[21.439,60.943],[21.334,61.194],[21.591,61.234],[21.448,61.429],[21.654,61.581],[21.286,61.989],[21.411,62.214],[21.113,62.523],[21.169,62.92],[21.68,63.05],[21.503,63.171],[21.626,63.307],[22.362,63.29],[22.215,63.481],[22.708,63.841],[23.616,64.047],[24.552,64.818],[25.481,64.974],[25.224,65.161],[25.329,65.482],[24.154,65.758],[23.667,66.261],[23.995,66.822],[23.551,67.171],[23.759,67.434],[23.394,67.485],[23.637,67.966],[22.846,68.381],[22.046,68.479],[20.549,69.06],[21.058,69.036],[21.003,69.222],[21.627,69.277],[22.375,68.717],[23.168,68.629],[23.871,68.837],[24.903,68.555],[25.777,69.018],[25.703,69.255],[25.966,69.705],[26.467,69.94],[27.959,70.092],[29.336,69.478],[28.832,69.224],[28.929,69.052],[28.416,68.915],[28.801,68.869],[28.434,68.54],[28.646,68.196],[29.327,68.075],[30.017,67.674],[29.033,66.926],[30.119,65.752],[29.722,65.637],[29.864,65.56],[29.602,65.26],[29.897,65.105],[29.611,64.927],[30.087,64.774],[30.045,64.402],[30.554,64.102],[29.972,63.757],[31.587,62.909],[31.163,62.446],[28.658,60.951],[27.74,60.492],[26.907,60.417],[26.862,60.428]]]}},{"type":"Feature","id":"FJI","properties":{"name":"Fiji","ISO_A3":"FJI"},"geometry":{"type":"MultiPolygon","coordinates":[[[[178.186,-17.313],[178.583,-17.644],[178.589,-18.134],[177.888,-18.275],[177.338,-18.124],[177.25,-17.888],[177.517,-17.508],[178.18,-17.338],[178.186,-17.313]]],[[[179.982,-16.178],[179.475,-16.699],[179.92,-16.468],[179.892,-16.775],[179.197,-16.699],[178.712,-17.014],[178.478,-16.751],[180.0,-16.172],[179.982,-16.178]]]]}},{"type":"Feature","id":"FLK","properties":{"name":"Falkland Islands (Islas Malvinas)","ISO_A3":"FLK"},"geometry":{"type":"MultiPolygon","coordinates":[[[[-60.391,-52.106],[-60.639,-52.259],[-61.041,-52.06],[-60.203,-51.781],[-60.652,-51.668],[-60.087,-51.708],[-60.657,-51.356],[-60.15,-51.503],[-59.22,-51.415],[-59.859,-51.964],[-60.362,-51.936],[-60.382,-52.118],[-60.391,-52.106]]],[[[-58.239,-51.571],[-58.377,-51.512],[-58.27,-51.392],[-57.939,-51.365],[-57.777,-51.544],[-58.154,-51.554],[-57.718,-51.681],[-58.449,-51.926],[-58.956,-51.808],[-58.606,-51.983],[-58.669,-52.122],[-59.261,-51.995],[-59.04,-52.199],[-59.432,-52.139],[-59.404,-52.336],[-59.731,-52.126],[-59.488,-51.833],[-58.972,-51.783],[-59.168,-51.593],[-58.881,-51.384],[-58.938,-51.247],[-58.413,-51.316],[-58.326,-51.436],[-58.545,-51.472],[-58.207,-51.58],[-58.239,-51.571]]]]}},{"type":"Feature","id":"FRA","properties":{"name":"France","ISO_A3":"FRA"},"geometry":{"type":"MultiPolygon","coordinates":[[[[7.439,43.749],[6.752,43.421],[6.622,43.164],[6.15,43.049],[4.008,43.552],[3.033,43.087],[3.175,42.435],[2.67,42.341],[2.016,42.347],[1.714,42.615],[0.708,42.861],[0.668,42.689],[0.001,42.685],[-1.441,43.046],[-1.383,43.253],[-1.786,43.351],[-1.446,43.647],[-1.194,44.66],[-1.019,44.669],[-1.262,44.64],[-1.153,45.484],[-1.063,45.573],[-0.588,45.041],[-0.828,45.488],[-1.239,45.707],[-1.063,46.049],[-1.563,46.244],[-1.273,46.16],[-1.135,46.305],[-1.806,46.489],[-2.144,46.819],[-1.984,47.025],[-2.242,47.136],[-1.947,47.288],[-2.495,47.275],[-2.462,47.509],[-2.819,47.487],[-2.781,47.622],[-3.13,47.473],[-3.166,47.704],[-3.958,47.897],[-4.374,47.799],[-4.714,48.065],[-4.299,48.093],[-4.554,48.339],[-4.244,48.304],[-4.774,48.33],[-4.705,48.571],[-3.079,48.893],[-2.686,48.5],[-2.329,48.673],[-1.44,48.639],[-1.942,49.727],[-1.272,49.684],[-1.16,49.359],[-0.143,49.289],[0.4,49.446],[0.069,49.506],[0.206,49.714],[1.62,50.197],[1.583,50.872],[2.545,51.089],[2.789,50.729],[3.148,50.79],[3.71,50.303],[4.201,50.275],[4.196,49.955],[4.875,50.154],[4.859,49.797],[5.472,49.497],[6.257,49.51],[6.739,49.164],[8.194,48.977],[7.582,48.126],[7.589,47.59],[7.381,47.432],[6.986,47.493],[6.884,47.373],[7.057,47.334],[6.433,46.929],[5.964,46.197],[6.821,46.427],[6.797,46.139],[7.044,45.923],[6.809,45.725],[7.185,45.407],[7.077,45.211],[6.627,45.105],[7.066,44.713],[6.855,44.532],[7.008,44.235],[7.684,44.174],[7.462,43.76],[7.439,43.749]]],[[[9.426,43.01],[9.555,42.125],[9.221,41.368],[8.787,41.562],[8.887,41.689],[8.683,41.747],[8.804,41.893],[8.617,41.901],[8.742,42.041],[8.553,42.35],[8.806,42.604],[9.322,42.697],[9.344,42.999],[9.426,43.01]]]]}},{"type":"Feature","id":"GAB","properties":{"name":"Gabon","ISO_A3":"GAB"},"geometry":{"type":"Polygon","coordinates":[[[10.276,-2.985],[9.268,-1.877],[9.007,-1.32],[9.283,-1.69],[9.483,-1.516],[9.3,-1.611],[9.347,-1.33],[9.183,-1.455],[8.898,-1.055],[10.052,-0.834],[9.311,-1.068],[9.013,-0.936],[9.296,-0.38],[9.316,0.329],[9.825,0.006],[10.004,0.182],[9.498,0.288],[9.308,0.593],[9.512,0.662],[9.591,0.481],[9.661,1.057],[11.333,1.0],[11.373,2.293],[13.247,2.274],[13.162,1.231],[14.18,1.398],[14.496,0.933],[13.956,0.363],[13.818,-0.155],[14.527,-0.618],[14.431,-1.904],[14.151,-2.23],[14.258,-2.349],[13.902,-2.49],[13.764,-2.089],[13.488,-2.436],[13.02,-2.349],[12.82,-1.91],[12.458,-1.883],[12.514,-2.422],[11.97,-2.339],[11.736,-2.548],[11.526,-2.373],[11.535,-2.838],[11.956,-3.416],[11.664,-3.746],[11.441,-3.509],[11.152,-3.962],[10.316,-3.017],[10.276,-2.985]]]}},{"type":"Feature","id":"GBR","properties":{"name":"United Kingdom","ISO_A3":"GBR"},"geometry":{"type":"MultiPolygon","coordinates":[[[[-6.994,55.115],[-6.076,55.199],[-5.689,54.804],[-5.898,54.624],[-5.577,54.676],[-5.433,54.488],[-5.523,54.341],[-5.695,54.572],[-5.608,54.249],[-6.053,54.028],[-6.623,54.039],[-7.029,54.421],[-7.307,54.118],[-7.862,54.219],[-8.148,54.47],[-7.02,55.101],[-6.994,55.115]]],[[[-6.247,58.51],[-6.336,58.228],[-6.167,58.21],[-6.392,58.199],[-6.472,57.938],[-6.751,58.006],[-6.668,57.88],[-6.972,57.727],[-7.13,57.838],[-6.833,57.906],[-7.08,57.967],[-7.102,58.186],[-6.76,58.188],[-6.273,58.515],[-6.247,58.51]]],[[[-5.722,57.184],[-6.001,57.02],[-5.916,57.166],[-6.313,57.159],[-6.788,57.433],[-6.616,57.606],[-6.35,57.497],[-6.297,57.707],[-6.071,57.268],[-5.669,57.209],[-5.722,57.184]]],[[[-5.318,55.872],[-4.986,56.234],[-5.446,56.014],[-5.316,55.787],[-5.516,55.369],[-5.803,55.306],[-5.471,55.814],[-5.666,55.801],[-5.491,56.259],[-5.639,56.313],[-5.101,56.517],[-5.452,56.506],[-5.106,56.836],[-5.691,56.499],[-6.005,56.65],[-5.617,56.689],[-6.227,56.725],[-5.805,56.784],[-5.844,56.99],[-5.614,56.984],[-5.797,57.061],[-5.502,57.097],[-5.656,57.235],[-5.426,57.233],[-5.725,57.309],[-5.443,57.413],[-5.828,57.379],[-5.842,57.576],[-5.519,57.55],[-5.819,57.647],[-5.674,57.7],[-5.815,57.854],[-5.069,57.83],[-5.457,58.078],[-5.282,58.087],[-5.398,58.251],[-5.104,58.264],[-4.999,58.626],[-4.664,58.553],[-4.738,58.447],[-3.024,58.643],[-3.22,58.305],[-4.01,57.857],[-4.343,57.885],[-3.772,57.867],[-4.401,57.612],[-3.993,57.677],[-4.346,57.486],[-3.329,57.726],[-2.018,57.698],[-1.776,57.47],[-2.54,56.566],[-3.259,56.366],[-2.806,56.444],[-2.584,56.278],[-3.727,56.033],[-2.137,55.917],[-1.628,55.555],[-1.184,54.66],[-0.076,54.115],[-0.211,54.0],[0.124,53.623],[-0.691,53.697],[0.174,53.47],[0.349,53.11],[0.06,52.919],[1.313,52.929],[1.699,52.721],[1.763,52.481],[1.578,52.085],[1.1,51.954],[1.29,51.938],[1.237,51.819],[0.445,51.493],[1.449,51.378],[0.971,50.911],[-0.799,50.726],[-1.385,50.894],[-1.551,50.721],[-2.062,50.716],[-1.951,50.594],[-2.544,50.62],[-2.459,50.514],[-2.905,50.733],[-3.454,50.657],[-3.707,50.205],[-4.21,50.426],[-5.063,50.196],[-5.199,49.959],[-5.717,50.069],[-4.796,50.598],[-4.204,51.199],[-3.065,51.202],[-2.384,51.758],[-3.405,51.379],[-3.85,51.616],[-4.292,51.563],[-4.112,51.659],[-4.371,51.768],[-5.059,51.62],[-5.136,51.863],[-5.32,51.862],[-4.127,52.339],[-3.963,52.56],[-4.159,52.896],[-4.767,52.795],[-4.208,53.204],[-3.871,53.343],[-3.075,53.239],[-3.197,53.387],[-3.043,53.444],[-2.753,53.314],[-3.102,53.56],[-2.935,53.732],[-3.049,53.923],[-2.795,54.125],[-3.227,54.094],[-3.201,54.241],[-3.639,54.518],[-3.368,54.891],[-3.067,54.971],[-3.984,54.768],[-4.388,54.893],[-4.391,54.678],[-4.846,54.868],[-4.922,54.643],[-5.186,54.976],[-4.991,54.919],[-4.997,55.138],[-4.628,55.477],[-4.906,55.699],[-4.879,55.941],[-4.599,55.94],[-4.9,56.146],[-4.989,55.864],[-5.301,55.852],[-5.318,55.872]]]]}},{"type":"Feature","id":"GEO","properties":{"name":"Georgia","ISO_A3":"GEO"},"geometry":{"type":"Polygon","coordinates":[[[40.008,43.385],[40.107,43.57],[40.662,43.563],[41.618,43.221],[42.86,43.179],[43.962,42.548],[44.943,42.751],[45.774,42.489],[45.606,42.218],[46.426,41.912],[46.195,41.643],[46.689,41.338],[46.649,41.111],[45.309,41.473],[44.884,41.204],[43.474,41.123],[42.836,41.584],[42.47,41.436],[41.547,41.521],[41.778,41.858],[41.445,42.733],[40.083,43.376],[40.008,43.385]]]}},{"type":"Feature","id":"GHA","properties":{"name":"Ghana","ISO_A3":"GHA"},"geometry":{"type":"Polygon","coordinates":[[[-0.847,5.207],[-2.057,4.744],[-3.106,5.091],[-2.727,5.132],[-2.724,5.388],[-3.026,5.709],[-3.231,6.823],[-2.781,7.952],[-2.493,8.206],[-2.78,9.065],[-2.657,9.253],[-2.773,10.423],[-2.94,10.612],[-2.834,11.007],[-0.62,10.913],[-0.276,11.175],[-0.005,11.108],[-0.059,10.632],[0.392,10.315],[0.383,9.591],[0.23,9.462],[0.567,9.406],[0.374,8.754],[0.729,8.343],[0.588,8.198],[0.532,6.829],[1.2,6.112],[0.929,5.787],[0.252,5.765],[-0.812,5.213],[-0.847,5.207]]]}},{"type":"Feature","id":"GIN","properties":{"name":"Guinea","ISO_A3":"GIN"},"geometry":{"type":"Polygon","coordinates":[[[-13.674,9.554],[-13.64,9.866],[-14.454,10.208],[-14.662,10.465],[-14.543,10.829],[-14.746,10.696],[-14.816,10.929],[-14.665,11.049],[-14.917,11.049],[-14.664,11.505],[-13.708,11.701],[-13.696,12.008],[-13.958,12.181],[-13.657,12.324],[-13.708,12.675],[-13.07,12.642],[-13.061,12.485],[-12.359,12.307],[-11.433,12.442],[-11.493,12.179],[-11.306,12.022],[-10.936,12.231],[-10.658,11.897],[-10.342,12.223],[-9.688,12.035],[-9.318,12.281],[-9.407,12.464],[-9.135,12.48],[-8.781,11.988],[-8.85,11.655],[-8.353,11.376],[-8.674,10.97],[-8.289,11.021],[-8.325,10.589],[-7.947,10.239],[-8.145,9.988],[-8.144,9.549],[-7.849,9.422],[-7.914,9.189],[-7.731,9.082],[-7.975,8.831],[-7.692,8.649],[-7.649,8.378],[-8.236,8.465],[-8.24,8.234],[-7.944,8.048],[-8.193,7.553],[-8.676,7.696],[-8.837,7.276],[-9.091,7.202],[-9.467,7.396],[-9.349,7.749],[-9.665,8.499],[-10.323,8.506],[-10.684,8.311],[-10.465,8.679],[-10.573,9.05],[-11.208,10.0],[-12.436,9.882],[-13.094,9.045],[-13.319,9.067],[-13.167,9.167],[-13.41,9.279],[-13.433,9.689],[-13.691,9.532],[-13.674,9.554]]]}},{"type":"Feature","id":"GMB","properties":{"name":"Gambia, The","ISO_A3":"GMB"},"geometry":{"type":"Polygon","coordinates":[[[-16.226,13.306],[-15.578,13.503],[-16.417,13.331],[-16.545,13.592],[-15.472,13.591],[-15.059,13.825],[-14.367,13.469],[-13.96,13.579],[-13.793,13.418],[-14.352,13.229],[-15.089,13.597],[-15.3,13.365],[-15.803,13.348],[-15.803,13.167],[-16.747,13.064],[-16.694,13.475],[-16.464,13.256],[-16.226,13.323],[-16.226,13.306]]]}},{"type":"Feature","id":"GNB","properties":{"name":"Guinea-Bissau","ISO_A3":"GNB"},"geometry":{"type":"Polygon","coordinates":[[[-14.978,10.972],[-15.104,10.963],[-14.985,11.219],[-15.209,11.071],[-15.341,11.414],[-15.503,11.348],[-15.113,11.636],[-15.538,11.685],[-15.065,11.954],[-15.006,11.785],[-15.006,11.993],[-15.949,11.737],[-15.795,12.007],[-15.96,12.08],[-16.1,11.875],[-16.343,12.097],[-15.985,12.34],[-16.439,12.185],[-16.667,12.36],[-15.68,12.426],[-15.2,12.687],[-13.708,12.675],[-13.657,12.324],[-13.958,12.181],[-13.696,12.008],[-13.708,11.701],[-14.664,11.505],[-14.963,10.989],[-14.978,10.972]]]}},{"type":"Feature","id":"GNQ","properties":{"name":"Equatorial Guinea","ISO_A3":"GNQ"},"geometry":{"type":"MultiPolygon","coordinates":[[[[8.533,3.25],[8.459,3.465],[8.691,3.775],[8.899,3.765],[8.765,3.32],[8.564,3.24],[8.533,3.25]]],[[[9.882,2.228],[11.333,2.172],[11.333,1.0],[9.937,0.929],[9.384,1.108],[9.713,1.575],[9.848,2.244],[9.882,2.228]]]]}},{"type":"Feature","id":"GRC","properties":{"name":"Greece","ISO_A3":"GRC"},"geometry":{"type":"MultiPolygon","coordinates":[[[[21.435,38.331],[21.323,38.498],[21.138,38.311],[20.731,38.793],[20.771,38.953],[21.176,38.876],[21.102,39.052],[20.786,39.145],[20.727,38.95],[20.009,39.691],[20.219,39.646],[20.415,39.816],[20.312,39.991],[20.677,40.099],[21.042,40.558],[20.98,40.854],[24.262,41.574],[25.288,41.235],[26.132,41.356],[26.155,41.744],[26.592,41.61],[26.627,41.347],[26.325,41.255],[26.36,40.946],[26.075,40.728],[25.11,41.088],[24.803,40.845],[24.51,40.959],[23.734,40.75],[23.861,40.418],[24.398,40.156],[23.736,40.354],[23.978,39.946],[23.4,40.279],[23.75,39.916],[23.36,39.961],[23.306,40.229],[22.824,40.475],[22.928,40.637],[22.594,40.472],[22.594,40.012],[23.35,39.183],[23.073,39.085],[23.215,39.191],[22.944,39.344],[22.824,39.204],[23.066,39.034],[22.56,38.846],[24.071,38.201],[24.033,37.659],[23.528,38.043],[22.992,37.881],[23.513,37.43],[23.171,37.286],[22.717,37.563],[23.198,36.435],[22.623,36.805],[22.484,36.39],[22.131,37.023],[21.93,36.981],[21.875,36.72],[21.703,36.814],[21.667,37.408],[21.106,37.847],[21.39,38.214],[21.6,38.143],[21.849,38.339],[22.872,37.933],[23.194,38.165],[22.421,38.439],[21.468,38.311],[21.435,38.331]]],[[[23.311,39.039],[23.629,38.754],[24.155,38.652],[24.272,38.199],[24.592,38.156],[24.511,37.949],[24.045,38.396],[23.647,38.4],[23.196,38.835],[22.83,38.826],[23.269,39.032],[23.311,39.039]]],[[[23.75,35.687],[23.842,35.527],[24.176,35.587],[24.063,35.5],[24.301,35.353],[25.773,35.339],[25.813,35.109],[26.311,35.317],[26.137,35.0],[24.741,34.924],[24.744,35.076],[24.384,35.194],[23.588,35.232],[23.737,35.695],[23.75,35.687]]],[[[26.348,39.382],[26.521,38.972],[26.149,39.023],[26.281,39.196],[25.854,39.19],[26.316,39.373],[26.348,39.382]]]]}},{"type":"Feature","id":"GRL","properties":{"name":"Greenland","ISO_A3":"GRL"},"geometry":{"type":"MultiPolygon","coordinates":[[[[-54.065,70.299],[-53.139,70.159],[-51.849,69.643],[-53.779,69.256],[-54.273,69.43],[-53.467,69.431],[-53.52,69.554],[-53.302,69.587],[-53.849,69.461],[-53.969,69.62],[-54.976,69.708],[-54.395,69.689],[-54.924,69.832],[-54.268,69.921],[-54.77,70.039],[-54.825,70.214],[-54.143,70.307],[-54.065,70.299]]],[[[-47.127,82.604],[-45.121,82.294],[-45.873,82.107],[-45.516,81.958],[-45.791,81.915],[-48.467,82.563],[-47.322,82.609],[-47.127,82.604]]],[[[-24.664,71.351],[-25.111,71.292],[-26.442,71.629],[-26.866,71.539],[-28.31,71.958],[-27.4,71.63],[-28.49,71.514],[-25.882,71.48],[-25.407,71.271],[-26.721,70.925],[-27.507,70.918],[-27.935,71.125],[-27.602,70.923],[-28.391,70.935],[-27.875,70.857],[-27.992,70.685],[-28.827,70.424],[-26.298,70.363],[-28.485,70.071],[-27.341,69.956],[-26.876,70.242],[-25.272,70.415],[-25.309,70.277],[-23.865,70.131],[-22.049,70.146],[-22.36,69.982],[-23.828,69.752],[-23.562,69.626],[-23.777,69.517],[-24.298,69.599],[-24.082,69.409],[-24.824,69.465],[-24.601,69.257],[-25.388,69.245],[-25.048,69.104],[-25.636,69.084],[-25.755,68.986],[-25.517,68.96],[-26.431,68.699],[-27.686,68.495],[-28.001,68.601],[-28.862,68.338],[-29.267,68.44],[-29.11,68.315],[-29.436,68.228],[-29.983,68.429],[-29.987,68.279],[-30.316,68.276],[-30.142,68.128],[-30.771,68.305],[-30.474,68.087],[-31.141,68.205],[-30.913,68.075],[-31.594,68.081],[-31.768,68.209],[-31.533,68.257],[-32.048,68.277],[-32.555,68.638],[-32.648,68.499],[-32.119,68.202],[-32.6,68.188],[-32.024,68.14],[-32.154,67.856],[-33.232,67.683],[-33.091,67.635],[-33.398,67.554],[-33.35,67.366],[-33.616,67.363],[-33.411,67.253],[-34.048,66.95],[-33.956,66.756],[-34.137,66.808],[-34.298,66.574],[-34.463,66.712],[-34.69,66.368],[-35.164,66.41],[-35.206,66.246],[-35.923,66.447],[-35.569,66.141],[-36.381,65.905],[-36.366,66.088],[-36.652,66.102],[-36.477,65.997],[-36.955,65.833],[-37.252,66.104],[-37.117,65.888],[-37.443,65.977],[-37.08,65.857],[-37.191,65.755],[-37.794,65.881],[-37.779,66.03],[-37.008,66.345],[-38.033,66.375],[-37.675,66.248],[-37.987,66.228],[-37.826,66.164],[-38.04,66.078],[-37.986,65.91],[-38.357,65.92],[-38.041,65.792],[-38.183,65.627],[-38.676,65.696],[-38.546,65.564],[-38.912,65.529],[-39.24,65.718],[-39.243,65.538],[-39.959,65.566],[-40.095,65.488],[-39.433,65.279],[-39.993,65.214],[-39.85,65.164],[-40.228,64.995],[-40.668,65.194],[-40.673,65.033],[-41.13,65.147],[-40.968,64.965],[-41.18,64.954],[-40.586,64.873],[-40.176,64.429],[-40.511,64.481],[-40.64,64.714],[-40.64,64.457],[-40.358,64.342],[-41.553,64.26],[-40.571,64.101],[-40.836,63.944],[-40.612,63.928],[-40.528,63.685],[-41.494,63.862],[-41.68,63.763],[-40.913,63.658],[-40.772,63.49],[-41.512,63.574],[-41.139,63.301],[-41.767,63.548],[-41.919,63.471],[-41.694,63.335],[-41.83,63.282],[-41.438,63.109],[-41.996,63.24],[-41.541,63.031],[-42.137,63.209],[-42.22,63.074],[-41.621,62.916],[-42.046,62.775],[-42.35,62.804],[-42.334,62.936],[-42.583,62.827],[-42.494,62.696],[-43.131,62.657],[-42.369,62.556],[-42.503,62.459],[-42.236,62.355],[-42.9,62.444],[-42.257,62.29],[-42.311,62.079],[-42.623,62.055],[-42.419,62.009],[-42.521,61.929],[-42.11,61.996],[-42.41,61.908],[-42.233,61.876],[-42.305,61.762],[-42.882,61.755],[-42.24,61.713],[-42.929,61.548],[-42.419,61.391],[-43.183,61.325],[-42.651,61.25],[-43.132,61.204],[-42.636,61.086],[-43.627,61.109],[-42.735,61.061],[-42.795,60.912],[-43.478,60.908],[-42.794,60.79],[-43.575,60.844],[-42.748,60.725],[-43.235,60.64],[-42.753,60.678],[-43.22,60.454],[-43.714,60.721],[-43.641,60.536],[-44.205,60.618],[-43.311,60.442],[-43.605,60.289],[-43.101,60.302],[-43.268,60.217],[-43.078,60.097],[-44.144,60.162],[-43.91,60.313],[-44.108,60.377],[-44.773,59.987],[-44.862,60.139],[-44.837,60.021],[-45.17,60.081],[-44.76,60.191],[-44.477,60.548],[-44.872,60.206],[-45.216,60.176],[-44.512,60.766],[-45.225,60.423],[-45.219,60.619],[-45.505,60.485],[-45.123,60.713],[-45.583,60.459],[-45.672,60.629],[-45.967,60.58],[-45.272,60.893],[-45.389,60.999],[-45.708,60.76],[-46.218,60.731],[-45.221,61.195],[-46.021,60.894],[-45.611,61.141],[-45.861,61.201],[-45.759,61.308],[-46.093,61.234],[-45.821,61.117],[-46.301,61.066],[-46.192,60.976],[-46.766,61.027],[-46.564,60.897],[-46.862,60.788],[-47.062,60.839],[-46.936,61.004],[-48.243,60.806],[-47.742,60.974],[-48.206,61.169],[-47.988,61.325],[-48.529,61.185],[-48.378,61.352],[-49.012,61.413],[-48.242,61.539],[-49.261,61.549],[-48.614,61.643],[-49.138,61.723],[-48.748,61.978],[-49.207,61.71],[-49.345,61.765],[-49.187,61.887],[-49.429,61.833],[-48.861,62.076],[-49.084,62.061],[-49.03,62.201],[-49.16,62.003],[-49.636,61.972],[-49.471,62.064],[-49.659,62.114],[-49.29,62.164],[-49.577,62.22],[-49.284,62.255],[-49.812,62.244],[-49.892,62.371],[-49.618,62.453],[-49.974,62.335],[-50.308,62.481],[-49.911,62.838],[-50.254,62.689],[-50.246,62.838],[-49.725,63.044],[-50.367,62.774],[-50.174,62.984],[-50.607,63.079],[-50.05,63.212],[-50.907,63.119],[-50.805,63.222],[-51.021,63.137],[-51.109,63.286],[-50.087,63.377],[-51.164,63.361],[-50.696,63.552],[-51.406,63.521],[-51.564,63.737],[-50.949,63.91],[-51.417,63.802],[-51.352,63.953],[-51.648,64.01],[-50.158,64.211],[-50.554,64.193],[-50.44,64.324],[-51.456,64.073],[-51.75,64.169],[-50.22,64.432],[-50.907,64.568],[-50.546,64.694],[-49.651,64.311],[-50.108,64.521],[-50.034,64.677],[-50.252,64.702],[-50.075,64.813],[-50.656,64.847],[-51.044,64.608],[-51.187,64.765],[-51.792,64.218],[-52.145,64.23],[-52.116,64.732],[-51.254,65.023],[-52.217,64.802],[-52.007,64.975],[-52.273,65.079],[-51.982,65.312],[-52.484,65.182],[-52.572,65.309],[-51.785,65.652],[-52.448,65.391],[-52.439,65.539],[-52.608,65.475],[-52.453,65.634],[-52.797,65.541],[-52.539,65.669],[-52.79,65.628],[-52.664,65.786],[-53.225,65.668],[-52.669,65.939],[-51.698,65.919],[-51.839,66.011],[-51.699,66.085],[-53.151,65.845],[-52.878,66.02],[-53.464,66.038],[-51.277,66.839],[-50.425,66.846],[-50.967,66.967],[-53.67,66.101],[-53.224,66.268],[-53.611,66.233],[-53.627,66.507],[-52.409,66.544],[-53.462,66.65],[-52.617,66.715],[-53.148,66.712],[-52.654,66.801],[-53.08,66.845],[-52.248,66.841],[-52.471,66.982],[-53.668,66.921],[-53.245,67.001],[-53.895,67.141],[-52.129,67.378],[-51.185,67.131],[-50.54,67.215],[-51.186,67.136],[-51.463,67.346],[-52.134,67.404],[-53.74,67.196],[-53.878,67.302],[-53.718,67.449],[-52.467,67.773],[-50.199,67.494],[-51.338,67.71],[-50.273,67.834],[-51.165,67.75],[-51.32,67.868],[-51.038,67.971],[-51.57,67.93],[-51.307,67.8],[-51.671,67.693],[-52.363,67.822],[-51.605,67.969],[-53.775,67.581],[-53.567,67.701],[-53.724,67.798],[-53.276,67.806],[-53.494,67.863],[-53.12,68.054],[-52.062,67.956],[-53.312,68.183],[-50.371,67.921],[-51.415,68.177],[-50.84,68.133],[-51.411,68.244],[-50.809,68.502],[-51.58,68.424],[-51.235,68.276],[-52.484,68.169],[-52.925,68.261],[-52.617,68.353],[-53.441,68.318],[-52.249,68.637],[-51.889,68.648],[-51.838,68.505],[-50.882,68.613],[-50.996,68.722],[-50.702,68.833],[-51.311,68.743],[-50.972,68.928],[-51.212,68.884],[-51.089,69.138],[-50.189,68.962],[-50.674,69.115],[-49.994,69.142],[-50.49,69.201],[-50.332,69.34],[-51.149,69.206],[-50.883,69.467],[-50.22,69.528],[-50.91,69.494],[-50.839,69.647],[-50.446,69.613],[-50.826,69.71],[-50.219,69.769],[-50.613,69.935],[-50.268,70.052],[-52.219,70.037],[-54.582,70.679],[-54.135,70.829],[-52.923,70.767],[-50.58,70.332],[-50.713,70.397],[-50.519,70.526],[-50.938,70.42],[-51.354,70.566],[-50.649,70.643],[-51.47,70.737],[-50.68,70.705],[-50.883,70.877],[-51.959,71.024],[-50.934,70.983],[-51.498,71.061],[-51.176,71.133],[-52.225,71.117],[-51.512,71.31],[-52.511,71.156],[-52.286,71.353],[-51.385,71.49],[-52.991,71.427],[-51.656,71.735],[-53.268,71.715],[-52.734,72.002],[-53.371,71.782],[-53.382,72.041],[-53.867,72.297],[-53.395,71.859],[-54.1,71.65],[-53.91,71.445],[-55.508,71.471],[-55.552,71.646],[-55.854,71.694],[-54.625,71.993],[-54.382,72.249],[-54.616,72.027],[-55.243,71.928],[-55.578,72.028],[-54.823,72.362],[-55.625,72.45],[-54.334,72.496],[-54.852,72.652],[-54.276,72.82],[-55.657,73.066],[-55.118,73.168],[-55.424,73.264],[-55.041,73.357],[-56.023,73.645],[-55.595,73.712],[-55.862,73.862],[-55.57,73.86],[-56.405,74.07],[-56.119,74.075],[-56.255,74.172],[-56.067,74.285],[-57.295,74.105],[-56.107,74.368],[-56.792,74.453],[-56.122,74.49],[-57.004,74.666],[-56.795,74.843],[-57.015,74.919],[-58.115,75.101],[-57.882,75.188],[-58.397,75.3],[-58.217,75.405],[-58.675,75.358],[-58.049,75.442],[-58.571,75.677],[-58.396,75.729],[-59.756,75.799],[-59.651,75.958],[-60.723,76.029],[-60.818,76.176],[-62.802,76.223],[-63.024,76.411],[-63.958,76.131],[-64.375,76.357],[-64.654,76.277],[-64.551,76.135],[-65.271,76.184],[-65.414,76.02],[-65.867,76.092],[-65.534,76.239],[-65.702,76.272],[-66.171,76.277],[-66.436,76.082],[-67.109,76.25],[-67.272,76.157],[-66.483,75.905],[-68.485,76.085],[-69.607,76.421],[-67.968,76.691],[-69.982,76.769],[-69.703,77.018],[-70.601,76.796],[-70.947,76.904],[-70.617,76.942],[-71.319,77.067],[-70.141,77.244],[-66.354,77.11],[-69.123,77.275],[-67.345,77.391],[-66.131,77.252],[-66.611,77.422],[-66.038,77.446],[-66.16,77.603],[-70.181,77.556],[-69.489,77.729],[-70.632,77.685],[-69.96,77.859],[-71.203,77.763],[-71.423,77.796],[-71.151,77.88],[-72.219,77.94],[-72.992,78.157],[-72.468,78.282],[-72.742,78.367],[-72.429,78.526],[-68.872,78.84],[-69.105,78.945],[-68.536,79.045],[-65.985,79.099],[-64.784,79.534],[-64.725,79.642],[-65.203,79.742],[-65.083,79.855],[-64.229,79.881],[-65.064,80.008],[-64.075,80.158],[-67.014,80.054],[-67.455,80.184],[-67.481,80.343],[-64.128,81.113],[-63.155,80.783],[-63.784,81.122],[-63.484,81.201],[-61.839,80.982],[-61.338,81.136],[-61.87,81.344],[-61.321,81.498],[-61.953,81.735],[-61.773,81.796],[-59.646,81.848],[-59.378,81.668],[-57.247,81.342],[-60.289,81.984],[-56.713,82.248],[-55.916,82.153],[-56.296,82.269],[-55.212,82.338],[-54.44,82.074],[-54.422,81.818],[-54.762,81.564],[-53.882,81.79],[-53.756,81.984],[-50.821,81.497],[-52.071,81.867],[-50.756,81.903],[-51.571,82.115],[-51.811,82.387],[-50.866,82.462],[-47.312,81.987],[-46.07,81.624],[-45.766,81.654],[-46.52,81.833],[-45.233,81.637],[-45.93,81.828],[-45.232,81.957],[-45.508,82.143],[-43.124,82.114],[-44.511,82.218],[-46.406,82.714],[-42.979,82.706],[-42.308,82.394],[-42.13,82.393],[-42.245,82.577],[-42.566,82.651],[-42.133,82.674],[-40.08,82.311],[-40.589,82.654],[-45.456,82.8],[-45.772,82.865],[-45.575,82.91],[-44.872,82.88],[-46.284,83.086],[-43.733,83.039],[-44.771,83.155],[-43.025,83.234],[-39.079,82.753],[-39.72,82.982],[-37.848,82.983],[-39.487,83.043],[-37.628,83.142],[-39.673,83.251],[-39.523,83.305],[-39.734,83.446],[-38.688,83.378],[-38.971,83.462],[-38.712,83.543],[-37.041,83.387],[-37.764,83.524],[-37.313,83.587],[-31.208,83.654],[-25.433,83.399],[-26.877,83.219],[-33.187,83.128],[-35.743,82.926],[-35.919,82.741],[-35.323,82.912],[-32.029,82.952],[-30.612,83.164],[-24.728,83.253],[-24.109,83.085],[-24.796,82.848],[-23.116,82.98],[-22.837,82.818],[-22.403,82.911],[-19.907,82.626],[-21.394,82.317],[-24.413,82.149],[-31.168,82.199],[-29.956,82.088],[-32.778,81.808],[-32.417,81.653],[-28.128,82.023],[-24.544,81.994],[-24.628,81.781],[-26.388,81.566],[-26.648,81.492],[-26.384,81.422],[-23.4,81.698],[-23.155,82.004],[-21.267,82.052],[-20.992,81.766],[-21.314,81.463],[-23.934,80.574],[-19.638,81.556],[-19.8,81.68],[-19.072,81.572],[-19.319,81.413],[-17.358,81.39],[-16.793,81.448],[-16.913,81.543],[-16.692,81.622],[-13.327,81.783],[-11.423,81.339],[-13.274,81.002],[-14.108,81.253],[-14.939,81.143],[-15.1,81.056],[-14.135,80.775],[-16.369,80.591],[-15.68,80.417],[-16.363,80.215],[-18.003,80.159],[-17.191,79.996],[-17.985,79.692],[-19.62,79.693],[-19.828,79.431],[-18.976,79.238],[-20.552,78.999],[-21.134,78.486],[-21.309,77.918],[-19.568,77.922],[-18.894,77.577],[-20.478,77.657],[-20.146,77.5],[-20.47,77.43],[-18.188,77.132],[-18.189,76.889],[-18.539,76.689],[-20.973,76.946],[-20.539,76.887],[-21.649,76.861],[-20.783,76.815],[-21.926,76.723],[-21.688,76.518],[-22.029,76.46],[-21.675,76.473],[-22.162,76.434],[-21.642,76.436],[-21.836,76.215],[-20.952,76.301],[-19.736,76.122],[-21.839,75.962],[-19.95,75.938],[-19.361,75.733],[-19.571,75.724],[-19.336,75.381],[-19.606,75.128],[-22.028,75.658],[-21.397,75.457],[-22.033,75.46],[-20.502,75.138],[-21.654,74.991],[-22.444,75.161],[-21.791,74.956],[-20.678,75.063],[-20.606,74.733],[-20.878,74.655],[-19.396,74.684],[-18.974,74.482],[-19.634,74.24],[-22.056,74.597],[-21.835,74.368],[-22.385,74.294],[-22.085,74.218],[-22.474,74.062],[-21.857,73.9],[-21.891,73.656],[-21.733,73.713],[-21.943,73.993],[-21.726,74.061],[-20.293,73.885],[-20.536,73.714],[-20.412,73.485],[-21.569,73.489],[-22.455,73.256],[-24.09,73.675],[-22.295,73.632],[-22.803,73.56],[-24.084,73.83],[-24.509,73.702],[-24.471,73.538],[-25.788,73.961],[-24.689,73.509],[-26.024,73.237],[-27.407,73.466],[-26.351,73.237],[-27.712,73.145],[-27.398,73.107],[-27.483,72.934],[-27.244,73.128],[-26.367,73.188],[-25.004,73.017],[-26.264,72.774],[-27.435,72.831],[-26.424,72.78],[-26.772,72.701],[-26.343,72.742],[-26.426,72.574],[-25.496,72.832],[-24.72,72.684],[-24.716,72.495],[-26.196,72.39],[-25.248,72.393],[-25.538,72.02],[-25.224,72.347],[-24.581,72.419],[-23.709,72.214],[-23.869,72.115],[-22.527,71.911],[-23.155,71.629],[-21.941,71.708],[-22.569,71.461],[-22.433,71.248],[-22.104,71.497],[-21.699,71.448],[-21.925,71.244],[-21.677,71.167],[-22.139,71.057],[-21.687,71.073],[-22.001,70.97],[-21.609,70.945],[-21.941,70.819],[-21.584,70.73],[-21.78,70.64],[-21.49,70.559],[-21.662,70.44],[-22.394,70.464],[-22.495,70.867],[-22.632,70.443],[-23.648,70.525],[-24.061,70.671],[-24.629,71.347],[-24.664,71.351]]],[[[-25.696,71.078],[-25.817,70.957],[-25.375,70.913],[-25.47,70.78],[-25.27,70.655],[-26.029,70.511],[-28.064,70.458],[-27.078,70.87],[-25.837,71.053],[-25.696,71.078]]],[[[-24.061,72.88],[-23.156,72.835],[-21.973,72.489],[-22.793,72.431],[-22.07,72.262],[-22.283,72.124],[-24.376,72.588],[-24.527,72.838],[-24.232,72.88],[-24.061,72.88]]],[[[-22.168,72.94],[-21.9,72.905],[-22.19,72.807],[-21.972,72.676],[-24.539,72.893],[-23.352,73.061],[-22.232,72.971],[-22.168,72.94]]],[[[-24.755,73.431],[-23.208,73.239],[-24.822,73.294],[-22.929,73.146],[-24.394,73.023],[-25.747,73.185],[-24.84,73.43],[-24.755,73.431]]]]}},{"type":"Feature","id":"GTM","properties":{"name":"Guatemala","ISO_A3":"GTM"},"geometry":{"type":"Polygon","coordinates":[[[-88.232,15.725],[-89.155,15.069],[-89.151,14.586],[-89.574,14.417],[-89.526,14.22],[-90.101,13.743],[-91.541,14.043],[-92.231,14.536],[-92.06,15.071],[-92.211,15.261],[-91.732,16.074],[-90.442,16.074],[-90.418,16.424],[-91.44,17.251],[-90.988,17.251],[-90.988,17.816],[-89.152,17.816],[-89.228,15.896],[-88.747,15.829],[-88.951,15.67],[-88.595,15.71],[-88.623,15.964],[-88.261,15.737],[-88.232,15.725]]]}},{"type":"Feature","id":"GUF","properties":{"name":"French Guiana","ISO_A3":"GUF"},"geometry":{"type":"Polygon","coordinates":[[[-51.797,4.612],[-51.658,4.061],[-52.33,3.167],[-52.661,2.374],[-52.988,2.168],[-53.766,2.376],[-54.142,2.113],[-54.603,2.335],[-54.209,2.78],[-54.012,3.427],[-54.356,4.047],[-54.478,4.906],[-53.951,5.744],[-52.944,5.455],[-52.02,4.72],[-51.998,4.349],[-51.813,4.636],[-51.797,4.612]]]}},{"type":"Feature","id":"GUY","properties":{"name":"Guyana","ISO_A3":"GUY"},"geometry":{"type":"Polygon","coordinates":[[[-58.96,6.564],[-58.694,6.385],[-58.783,6.248],[-58.635,6.4],[-58.573,6.254],[-58.629,5.53],[-58.911,5.335],[-58.465,4.171],[-58.904,5.326],[-58.621,5.531],[-58.497,6.787],[-58.176,6.812],[-58.223,6.592],[-58.165,6.827],[-58.011,6.791],[-57.582,6.176],[-57.46,6.336],[-57.179,6.111],[-57.342,5.326],[-57.184,5.167],[-57.883,4.882],[-58.072,4.135],[-57.695,3.412],[-57.293,3.367],[-57.2,2.83],[-56.492,1.962],[-57.307,1.999],[-57.573,1.686],[-57.995,1.658],[-58.02,1.504],[-58.33,1.592],[-58.497,1.278],[-58.828,1.172],[-59.752,1.857],[-59.723,2.276],[-59.972,2.599],[-59.867,3.557],[-59.515,3.945],[-59.684,4.385],[-60.161,4.518],[-59.971,5.075],[-60.202,5.271],[-60.738,5.2],[-61.411,5.946],[-61.127,6.188],[-61.15,6.738],[-60.729,6.756],[-60.306,7.04],[-60.624,7.211],[-60.714,7.541],[-59.802,8.401],[-59.126,8.022],[-58.483,7.342],[-58.638,6.427],[-58.976,6.562],[-58.96,6.564]]]}},{"type":"Feature","id":"HND","properties":{"name":"Honduras","ISO_A3":"HND"},"geometry":{"type":"Polygon","coordinates":[[[-83.222,14.988],[-84.473,14.616],[-84.897,14.816],[-85.186,14.249],[-85.739,13.842],[-86.012,14.08],[-86.334,13.769],[-86.761,13.769],[-86.712,13.296],[-87.024,12.99],[-87.309,12.988],[-87.514,13.275],[-87.399,13.414],[-87.818,13.409],[-87.8,13.921],[-88.492,13.862],[-89.096,14.401],[-89.356,14.42],[-89.151,14.586],[-89.155,15.069],[-88.247,15.722],[-87.732,15.919],[-86.902,15.756],[-86.357,15.782],[-85.852,15.942],[-86.003,16.029],[-85.494,15.864],[-85.002,15.982],[-84.307,15.817],[-83.728,15.391],[-84.234,15.532],[-84.102,15.342],[-83.73,15.197],[-83.553,15.279],[-83.719,15.396],[-83.199,15.0],[-83.222,14.988]]]}},{"type":"Feature","id":"HRV","properties":{"name":"Croatia","ISO_A3":"HRV"},"geometry":{"type":"Polygon","coordinates":[[[13.586,45.478],[14.323,45.47],[14.58,45.666],[14.817,45.46],[15.346,45.457],[15.263,45.727],[15.706,45.851],[15.647,46.217],[16.302,46.378],[16.366,46.547],[17.859,45.768],[18.89,45.921],[18.899,45.571],[19.098,45.51],[18.97,45.382],[19.447,45.196],[19.087,45.145],[19.022,44.855],[18.68,45.091],[17.863,45.045],[16.935,45.276],[16.529,45.226],[16.355,45.003],[15.765,45.166],[15.729,44.825],[16.055,44.624],[16.212,44.217],[17.269,43.479],[17.576,43.018],[16.424,43.546],[15.986,43.5],[15.871,43.829],[15.626,43.774],[15.156,44.189],[15.266,44.33],[15.628,44.149],[14.989,44.574],[14.84,45.108],[14.552,45.278],[14.304,45.332],[13.906,44.769],[13.511,45.505],[13.586,45.478]]]}},{"type":"Feature","id":"HTI","properties":{"name":"Haiti","ISO_A3":"HTI"},"geometry":{"type":"Polygon","coordinates":[[[-71.758,19.702],[-71.63,19.189],[-71.875,18.972],[-71.738,18.722],[-71.996,18.631],[-71.698,18.342],[-71.759,18.032],[-72.053,18.237],[-73.386,18.27],[-73.903,18.031],[-74.447,18.349],[-74.408,18.629],[-72.893,18.425],[-72.339,18.575],[-72.824,19.057],[-72.698,19.452],[-73.398,19.638],[-73.409,19.843],[-72.781,19.951],[-72.323,19.708],[-71.774,19.708],[-71.758,19.702]]]}},{"type":"Feature","id":"HUN","properties":{"name":"Hungary","ISO_A3":"HUN"},"geometry":{"type":"Polygon","coordinates":[[[16.114,46.869],[16.504,47.002],[16.445,47.407],[16.706,47.523],[16.448,47.692],[17.093,47.708],[17.01,47.858],[17.202,48.02],[17.78,47.739],[18.669,47.763],[18.848,47.816],[18.833,48.048],[19.634,48.248],[19.929,48.13],[20.836,48.583],[21.439,48.585],[21.764,48.339],[22.216,48.424],[22.881,48.055],[22.774,47.843],[22.024,47.52],[21.066,46.243],[19.568,46.179],[18.447,45.737],[17.395,45.931],[16.127,46.857],[16.114,46.869]]]}},{"type":"Feature","id":"IDN","properties":{"name":"Indonesia","ISO_A3":"IDN"},"geometry":{"type":"MultiPolygon","coordinates":[[[[97.731,0.566],[97.057,1.41],[97.489,1.473],[97.941,0.979],[97.744,0.554],[97.731,0.566]]],[[[96.351,2.545],[96.499,2.363],[96.341,2.345],[95.693,2.78],[95.875,2.912],[96.325,2.559],[96.351,2.545]]],[[[98.909,-0.933],[99.3,-1.722],[98.878,-1.679],[98.603,-1.225],[98.664,-0.98],[98.91,-0.908],[98.909,-0.933]]],[[[97.651,5.113],[97.99,4.51],[98.287,4.416],[98.173,4.109],[99.757,3.169],[99.993,2.939],[99.995,2.58],[100.053,2.741],[100.164,2.499],[100.223,2.705],[100.985,1.763],[100.76,2.255],[101.042,2.295],[101.409,1.699],[102.149,1.377],[102.076,0.949],[102.174,1.229],[102.437,0.793],[102.913,0.715],[103.107,0.456],[102.391,0.212],[102.847,0.247],[103.325,0.544],[103.71,0.3],[103.813,-0.012],[103.522,0.033],[103.404,-0.224],[102.709,-0.473],[103.258,-0.306],[103.438,-0.569],[103.231,-0.683],[104.072,-1.219],[103.535,-1.588],[104.376,-1.035],[104.487,-1.986],[104.555,-1.851],[104.904,-2.116],[104.601,-2.407],[104.731,-2.385],[104.708,-2.612],[104.918,-2.291],[104.758,-2.707],[104.911,-2.809],[104.744,-3.02],[104.141,-3.047],[104.862,-2.978],[105.025,-2.397],[105.203,-2.327],[105.62,-2.39],[105.816,-2.921],[106.048,-2.995],[106.091,-3.254],[105.828,-3.6],[105.961,-3.824],[105.724,-5.904],[105.275,-5.446],[105.15,-5.809],[104.555,-5.516],[104.729,-5.933],[104.584,-5.943],[103.839,-5.066],[102.304,-3.986],[102.237,-3.684],[101.614,-3.236],[100.891,-2.327],[100.859,-1.913],[99.746,-0.036],[99.137,0.257],[98.765,1.765],[97.782,2.241],[97.594,2.879],[97.002,3.547],[96.498,3.749],[95.416,4.823],[95.194,5.527],[95.431,5.657],[96.186,5.26],[97.642,5.129],[97.651,5.113]]],[[[102.542,1.126],[103.023,0.687],[102.433,0.829],[102.48,1.124],[102.542,1.126]]],[[[101.407,2.02],[101.691,2.106],[101.732,1.762],[101.456,1.725],[101.398,2.005],[101.407,2.02]]],[[[106.481,-3.038],[105.95,-2.809],[105.745,-2.135],[105.132,-2.086],[105.396,-1.609],[105.606,-1.53],[105.826,-1.803],[105.723,-1.528],[105.921,-1.509],[106.301,-2.422],[106.841,-2.572],[106.602,-2.866],[106.728,-3.082],[106.498,-3.063],[106.481,-3.038]]],[[[107.985,-3.273],[107.859,-3.059],[107.595,-3.224],[107.628,-2.596],[108.27,-2.751],[108.2,-3.131],[107.991,-3.261],[107.985,-3.273]]],[[[108.314,4.042],[108.387,3.794],[108.152,3.635],[108.253,3.762],[107.974,4.015],[108.219,4.23],[108.294,4.057],[108.314,4.042]]],[[[107.404,-6.039],[107.671,-6.238],[108.347,-6.247],[108.612,-6.768],[109.273,-6.873],[110.484,-6.947],[110.664,-6.502],[111.035,-6.422],[111.241,-6.69],[112.607,-6.877],[112.888,-7.614],[113.152,-7.741],[114.041,-7.605],[114.453,-7.803],[114.34,-8.431],[114.532,-8.78],[113.242,-8.285],[112.649,-8.448],[111.795,-8.256],[111.697,-8.379],[109.305,-7.703],[108.323,-7.816],[106.524,-7.408],[106.37,-7.28],[106.514,-6.967],[105.212,-6.746],[105.375,-6.655],[105.468,-6.828],[105.772,-6.516],[106.041,-5.878],[106.835,-6.121],[107.008,-5.921],[107.389,-6.018],[107.404,-6.039]]],[[[113.115,-7.182],[112.693,-7.156],[112.859,-6.893],[114.096,-6.931],[113.513,-7.253],[113.136,-7.192],[113.115,-7.182]]],[[[117.549,3.781],[117.343,3.717],[117.492,3.598],[116.863,3.603],[117.226,3.605],[117.415,3.336],[117.216,3.184],[117.72,2.891],[117.62,2.771],[118.095,2.311],[117.609,2.114],[118.987,0.988],[118.352,0.809],[117.895,1.123],[118.029,0.781],[117.754,0.758],[117.565,0.417],[117.453,-0.463],[117.199,-0.566],[117.249,-0.907],[116.884,-1.277],[116.764,-0.99],[116.766,-1.358],[116.227,-1.779],[116.45,-1.772],[116.351,-2.127],[116.596,-2.196],[116.512,-2.562],[116.305,-2.539],[116.317,-2.946],[116.123,-2.824],[116.271,-3.115],[116.098,-3.146],[115.969,-3.608],[114.69,-4.176],[114.512,-3.398],[114.783,-3.003],[114.867,-2.101],[114.784,-2.683],[114.183,-3.393],[113.585,-3.446],[113.597,-3.167],[113.335,-3.273],[113.063,-3.012],[112.995,-2.579],[112.966,-3.203],[111.891,-3.543],[111.705,-2.787],[111.833,-2.544],[111.557,-3.009],[111.437,-2.887],[110.951,-3.063],[110.737,-2.989],[110.923,-2.846],[110.651,-3.04],[110.568,-2.841],[110.264,-2.965],[110.103,-1.993],[109.902,-1.831],[110.063,-1.352],[109.592,-0.656],[109.146,-0.568],[109.054,-0.261],[109.641,-0.373],[110.11,-0.037],[109.506,-0.397],[109.186,-0.205],[109.278,0.012],[108.919,0.329],[108.905,1.176],[109.22,1.356],[108.959,1.205],[109.337,1.943],[109.648,2.08],[109.662,1.618],[110.575,0.854],[111.232,1.087],[111.819,0.985],[112.5,1.583],[112.99,1.579],[112.976,1.41],[113.627,1.221],[113.975,1.45],[114.558,1.436],[114.883,1.914],[114.741,2.191],[115.243,2.499],[115.09,2.822],[115.563,3.163],[115.566,3.92],[115.877,4.392],[117.248,4.374],[117.586,4.161],[117.379,4.149],[117.353,3.944],[117.814,3.78],[117.563,3.785],[117.549,3.781]]],[[[116.521,-8.831],[116.377,-8.956],[115.845,-8.823],[116.06,-8.751],[116.099,-8.362],[116.371,-8.21],[116.718,-8.348],[116.503,-8.844],[116.521,-8.831]]],[[[115.197,-8.068],[115.711,-8.399],[115.09,-8.837],[115.147,-8.675],[114.588,-8.401],[114.433,-8.121],[115.182,-8.061],[115.197,-8.068]]],[[[116.274,-3.22],[116.311,-3.907],[116.055,-4.043],[116.01,-3.612],[116.257,-3.21],[116.274,-3.22]]],[[[114.76,-2.732],[114.48,-3.502],[114.321,-3.455],[114.372,-3.053],[114.751,-2.725],[114.76,-2.732]]],[[[118.688,-8.535],[118.773,-8.306],[119.001,-8.31],[119.148,-8.728],[118.697,-8.752],[118.917,-8.841],[118.448,-8.884],[118.386,-8.61],[118.126,-8.879],[117.014,-9.109],[116.74,-8.997],[116.751,-8.664],[117.166,-8.369],[117.565,-8.408],[117.807,-8.726],[118.274,-8.653],[117.695,-8.241],[117.924,-8.08],[118.274,-8.361],[118.643,-8.288],[118.683,-8.551],[118.688,-8.535]]],[[[119.944,-9.29],[120.817,-9.978],[120.671,-10.23],[120.213,-10.253],[119.654,-9.776],[119.05,-9.693],[119.033,-9.431],[119.927,-9.28],[119.944,-9.29]]],[[[122.886,-8.08],[123.02,-8.318],[122.452,-8.737],[121.015,-8.956],[119.89,-8.858],[119.861,-8.432],[120.261,-8.283],[121.514,-8.615],[122.007,-8.447],[122.296,-8.642],[122.894,-8.276],[122.73,-8.22],[122.867,-8.063],[122.886,-8.08]]],[[[121.973,-2.541],[122.487,-3.18],[122.196,-3.609],[122.667,-3.898],[122.531,-3.97],[122.677,-4.158],[122.854,-4.07],[122.885,-4.411],[122.188,-4.472],[121.985,-4.901],[121.551,-4.773],[121.609,-4.067],[120.881,-3.529],[121.066,-2.586],[120.687,-2.644],[120.19,-2.975],[120.419,-3.266],[120.452,-4.657],[120.272,-5.145],[120.467,-5.606],[119.93,-5.547],[119.692,-5.701],[119.418,-5.561],[119.635,-3.986],[119.423,-3.458],[118.935,-3.57],[118.757,-2.785],[119.142,-2.473],[119.332,-1.961],[119.341,-1.169],[119.73,-0.644],[119.878,-0.864],[119.81,-0.137],[119.605,-0.014],[119.865,-0.06],[119.77,0.213],[120.04,0.709],[120.287,0.984],[120.575,0.75],[120.904,1.355],[122.844,0.803],[122.986,0.968],[123.937,0.835],[124.583,1.194],[124.532,1.353],[124.963,1.728],[125.166,1.689],[125.235,1.47],[124.433,0.444],[123.621,0.294],[123.063,0.506],[121.804,0.41],[121.524,0.55],[121.081,0.397],[120.529,0.517],[120.244,0.342],[120.009,-0.179],[120.061,-0.636],[120.505,-0.996],[120.691,-1.42],[121.112,-1.429],[121.629,-0.809],[121.947,-0.996],[122.202,-0.788],[122.961,-0.755],[122.731,-0.663],[123.057,-0.564],[123.409,-0.656],[123.352,-1.035],[123.1,-0.835],[122.804,-0.941],[122.39,-1.495],[121.874,-1.679],[121.679,-1.944],[121.302,-1.796],[121.929,-2.465],[121.973,-2.541]]],[[[122.704,-4.62],[122.639,-5.357],[122.279,-5.393],[122.318,-4.835],[122.683,-4.612],[122.704,-4.62]]],[[[123.08,-4.369],[123.213,-4.859],[123.028,-4.764],[122.921,-5.175],[123.224,-5.277],[122.785,-5.703],[122.556,-5.517],[123.042,-4.369],[123.08,-4.369]]],[[[122.788,-1.447],[122.912,-1.18],[123.194,-1.153],[123.231,-1.389],[123.365,-1.227],[123.56,-1.309],[123.456,-1.517],[123.259,-1.445],[123.243,-1.649],[123.099,-1.601],[123.161,-1.302],[122.908,-1.599],[122.789,-1.478],[122.788,-1.447]]],[[[124.044,-9.336],[124.296,-9.503],[124.698,-9.053],[125.184,-9.025],[124.983,-9.191],[124.984,-9.633],[124.443,-10.145],[123.456,-10.348],[123.769,-10.052],[123.581,-10.018],[123.672,-9.633],[124.03,-9.345],[124.044,-9.336]]],[[[124.535,-8.127],[125.083,-8.146],[125.14,-8.319],[124.362,-8.442],[124.518,-8.124],[124.535,-8.127]]],[[[124.506,-2.014],[124.336,-1.889],[124.4,-1.66],[125.127,-1.684],[125.316,-1.893],[124.524,-2.018],[124.506,-2.014]]],[[[126.633,-7.56],[126.842,-7.733],[126.476,-7.97],[125.798,-8.016],[125.948,-7.662],[126.611,-7.559],[126.633,-7.56]]],[[[127.066,-3.355],[127.258,-3.373],[127.224,-3.659],[126.697,-3.862],[126.182,-3.613],[125.996,-3.3],[126.089,-3.114],[126.708,-3.057],[127.071,-3.322],[127.066,-3.355]]],[[[127.654,-1.335],[128.156,-1.684],[127.5,-1.725],[127.416,-1.48],[127.641,-1.331],[127.654,-1.335]]],[[[127.531,-0.302],[127.692,-0.456],[127.598,-0.619],[127.879,-0.813],[127.464,-0.814],[127.291,-0.47],[127.519,-0.321],[127.531,-0.302]]],[[[128.201,2.287],[128.582,2.636],[128.578,2.112],[128.269,1.986],[128.217,2.28],[128.201,2.287]]],[[[127.414,1.039],[127.576,1.76],[128.067,2.198],[127.841,1.846],[128.016,1.723],[128.009,1.311],[127.626,0.973],[127.842,0.805],[128.191,1.389],[128.723,1.573],[128.696,1.063],[128.199,0.79],[128.869,0.239],[128.079,0.477],[127.879,0.347],[128.048,-0.415],[128.457,-0.905],[127.687,-0.27],[127.734,0.311],[127.527,0.555],[127.636,0.852],[127.424,1.032],[127.414,1.039]]],[[[129.552,-2.801],[130.553,-3.107],[130.841,-3.454],[130.845,-3.87],[129.929,-3.338],[129.525,-3.298],[129.534,-3.47],[128.934,-3.356],[128.886,-3.204],[128.46,-3.458],[128.184,-3.065],[127.924,-3.565],[127.84,-3.163],[128.161,-2.866],[129.053,-2.796],[129.132,-2.969],[129.543,-2.785],[129.552,-2.801]]],[[[130.455,-1.832],[130.264,-2.055],[129.879,-1.983],[129.719,-1.879],[130.058,-1.725],[130.347,-1.67],[130.443,-1.827],[130.455,-1.832]]],[[[130.899,-0.894],[131.088,-1.013],[130.961,-1.359],[130.635,-0.981],[130.863,-0.896],[130.899,-0.894]]],[[[130.804,-0.009],[131.34,-0.286],[130.988,-0.358],[130.622,-0.08],[130.919,-0.308],[130.796,-0.44],[130.223,-0.215],[130.769,-0.011],[130.804,-0.009]]],[[[131.658,-7.121],[131.632,-7.622],[131.294,-8.019],[131.102,-7.996],[131.106,-7.706],[131.602,-7.127],[131.658,-7.121]]],[[[133.674,-3.435],[133.699,-3.171],[133.905,-3.104],[133.84,-2.937],[133.722,-3.036],[133.633,-3.417],[133.433,-3.415],[133.595,-3.523],[133.402,-3.659],[133.456,-3.86],[132.956,-4.104],[132.734,-3.687],[132.927,-3.56],[132.834,-3.306],[131.952,-2.772],[132.232,-2.654],[132.742,-2.8],[133.212,-2.412],[133.392,-2.741],[133.423,-2.504],[133.86,-2.711],[133.728,-2.441],[133.992,-2.298],[133.969,-2.083],[132.317,-2.284],[131.967,-1.964],[131.979,-1.501],[131.811,-1.614],[131.714,-1.424],[130.933,-1.432],[131.249,-1.082],[131.232,-0.817],[131.847,-0.706],[132.422,-0.344],[134.125,-0.856],[134.015,-0.971],[134.274,-1.335],[134.067,-1.673],[134.176,-2.356],[134.46,-2.863],[134.477,-2.523],[134.639,-2.503],[134.682,-2.975],[134.847,-2.898],[134.861,-3.249],[135.112,-3.381],[135.5,-3.359],[135.98,-2.939],[136.393,-2.219],[137.219,-2.075],[137.155,-1.769],[137.371,-1.84],[137.332,-1.688],[137.839,-1.464],[137.788,-2.095],[138.412,-2.665],[138.433,-2.925],[137.361,-3.065],[137.286,-3.225],[138.056,-2.983],[137.99,-3.183],[138.287,-2.889],[138.579,-2.941],[138.616,-3.268],[139.099,-3.311],[138.618,-3.266],[138.414,-2.663],[137.791,-2.092],[137.92,-1.461],[139.767,-2.363],[141.002,-2.605],[141.002,-6.324],[140.847,-6.721],[141.022,-6.892],[141.02,-9.128],[139.995,-8.201],[140.057,-7.991],[139.064,-8.137],[138.935,-8.313],[138.838,-8.108],[139.11,-7.573],[138.679,-7.196],[139.406,-7.132],[139.683,-7.293],[139.892,-7.108],[139.512,-7.265],[138.428,-6.36],[138.252,-5.876],[138.698,-5.623],[138.226,-5.687],[138.242,-5.445],[138.053,-5.501],[138.183,-5.339],[137.989,-5.382],[138.216,-5.143],[137.736,-5.373],[137.795,-5.114],[137.552,-5.131],[137.618,-4.915],[137.415,-5.116],[137.476,-4.922],[137.336,-5.042],[137.211,-4.843],[137.09,-4.975],[135.907,-4.488],[135.207,-4.467],[134.63,-4.119],[134.963,-3.948],[134.506,-4.044],[134.338,-3.88],[134.291,-4.043],[134.14,-3.746],[133.964,-3.86],[133.833,-3.555],[133.817,-3.726],[133.691,-3.671],[133.651,-3.447],[133.674,-3.435]]],[[[134.262,-6.637],[134.096,-6.167],[134.462,-6.443],[134.331,-6.863],[134.052,-6.775],[134.119,-6.448],[134.248,-6.62],[134.262,-6.637]]],[[[134.548,-5.922],[134.783,-6.094],[134.613,-6.371],[134.271,-6.111],[134.535,-5.919],[134.548,-5.922]]],[[[134.48,-5.563],[134.773,-5.889],[134.355,-6.033],[134.395,-5.789],[134.214,-5.709],[134.464,-5.561],[134.48,-5.563]]],[[[135.481,-1.6],[136.789,-1.74],[136.259,-1.91],[135.454,-1.599],[135.481,-1.6]]],[[[136.207,-1.175],[135.858,-1.167],[135.721,-0.784],[135.517,-0.855],[135.392,-0.62],[135.865,-0.706],[136.386,-1.073],[136.237,-1.171],[136.207,-1.175]]],[[[138.678,-7.368],[139.08,-7.568],[138.913,-8.077],[138.471,-8.35],[137.678,-8.455],[138.024,-7.629],[138.622,-7.37],[138.678,-7.368]]],[[[138.919,-6.839],[139.343,-7.047],[139.359,-7.227],[138.613,-7.012],[138.887,-6.84],[138.919,-6.839]]]]}},{"type":"Feature","id":"IND","properties":{"name":"India","ISO_A3":"IND"},"geometry":{"type":"MultiPolygon","coordinates":[[[[86.476,20.137],[86.195,19.89],[85.211,19.741],[85.128,19.472],[85.395,19.616],[84.118,18.306],[82.316,17.056],[82.339,16.746],[82.078,16.703],[82.3,16.564],[81.724,16.315],[81.856,16.534],[81.715,16.318],[81.474,16.397],[81.141,15.976],[80.868,16.069],[80.829,15.746],[80.639,15.876],[80.268,15.669],[80.048,15.083],[80.316,13.435],[80.172,13.763],[80.112,13.637],[80.168,13.834],[80.051,13.588],[80.349,13.293],[79.761,11.628],[79.881,10.297],[79.274,10.241],[78.899,9.49],[79.148,9.277],[78.208,8.958],[78.067,8.372],[77.532,8.077],[76.981,8.382],[76.547,8.903],[76.241,10.237],[74.983,12.48],[74.407,14.487],[74.105,14.792],[74.564,14.957],[74.047,14.915],[73.797,15.456],[73.971,15.539],[73.769,15.49],[73.313,16.535],[73.14,17.567],[73.475,17.565],[73.138,17.61],[72.856,18.7],[73.002,19.258],[72.758,19.375],[72.876,19.529],[72.65,19.854],[72.897,20.574],[72.621,21.097],[72.609,21.579],[73.099,21.731],[72.555,21.656],[72.629,21.947],[72.505,21.95],[72.599,22.212],[72.912,22.243],[72.372,22.324],[72.113,21.199],[70.829,20.69],[70.097,21.108],[68.936,22.305],[69.066,22.479],[69.223,22.257],[70.163,22.552],[70.616,23.167],[69.564,22.748],[68.762,23.079],[68.456,23.492],[68.756,23.84],[68.516,23.788],[68.808,24.313],[70.025,24.171],[70.573,24.422],[70.714,24.216],[71.12,24.402],[70.66,25.702],[70.269,25.714],[70.1,25.938],[70.174,26.551],[69.51,26.744],[69.587,27.183],[70.372,28.012],[70.872,27.706],[71.898,27.961],[72.355,28.733],[72.946,29.028],[73.397,29.946],[73.973,30.198],[73.935,30.49],[74.696,31.074],[74.51,31.132],[74.571,31.837],[75.373,32.228],[75.027,32.498],[74.685,32.499],[74.705,32.842],[74.485,32.765],[74.017,33.205],[74.192,33.479],[73.961,33.723],[74.282,33.935],[73.896,34.06],[73.991,34.271],[73.751,34.369],[73.932,34.641],[74.448,34.782],[75.785,34.514],[76.683,34.745],[77.823,35.513],[78.136,35.487],[78.003,35.243],[78.273,34.63],[79.045,34.325],[78.657,34.074],[78.718,33.623],[79.164,33.173],[79.296,32.722],[78.968,32.336],[78.731,32.71],[78.393,32.539],[78.456,32.136],[78.763,31.948],[78.778,31.312],[79.093,30.995],[79.701,30.971],[81.031,30.247],[80.368,29.751],[80.075,28.824],[81.211,28.361],[81.9,27.854],[82.707,27.712],[82.736,27.502],[83.338,27.333],[83.392,27.478],[83.864,27.346],[84.151,27.517],[84.622,27.337],[84.643,27.046],[85.211,26.758],[85.634,26.872],[85.859,26.57],[86.344,26.617],[86.736,26.424],[87.072,26.586],[87.341,26.347],[88.03,26.365],[88.188,26.771],[87.991,27.106],[88.118,27.918],[88.639,28.117],[88.888,27.856],[88.771,27.558],[88.915,27.291],[88.746,27.142],[89.134,26.807],[92.056,26.847],[92.123,27.287],[92.019,27.478],[91.652,27.484],[91.643,27.761],[92.456,27.793],[93.247,28.542],[94.021,28.793],[94.693,29.318],[95.26,29.073],[96.136,29.346],[96.303,29.191],[96.185,29.046],[96.316,29.117],[96.646,28.69],[96.411,28.503],[96.719,28.605],[97.362,28.198],[97.379,27.892],[96.893,27.616],[97.138,27.091],[96.703,27.371],[96.231,27.277],[95.149,26.616],[95.186,26.073],[94.632,25.388],[94.714,24.936],[94.157,23.848],[93.328,24.081],[93.387,23.144],[93.127,23.044],[93.199,22.256],[92.903,21.941],[92.725,22.148],[92.607,21.975],[92.279,23.717],[91.954,23.73],[91.832,23.097],[91.616,22.944],[91.449,23.26],[91.347,23.102],[91.158,23.622],[91.374,24.106],[91.906,24.139],[91.92,24.337],[92.163,24.419],[92.245,24.909],[92.476,24.868],[92.427,25.025],[92.062,25.188],[90.441,25.145],[89.831,25.296],[89.743,26.159],[89.359,26.007],[89.084,26.398],[88.912,26.383],[89.046,26.241],[88.678,26.265],[88.402,26.628],[88.524,26.359],[88.176,26.147],[88.114,25.798],[89.004,25.269],[88.443,25.198],[88.402,24.951],[88.137,24.935],[88.009,24.668],[88.735,24.279],[88.562,23.637],[88.801,23.497],[88.719,23.256],[88.985,23.221],[88.958,22.611],[88.6,21.905],[88.282,21.754],[88.069,22.215],[88.361,22.623],[88.048,22.22],[87.911,22.42],[88.183,22.086],[87.81,21.706],[86.934,21.357],[86.825,21.14],[86.97,20.824],[86.711,20.593],[86.808,20.369],[86.498,20.407],[86.697,20.292],[86.491,20.157],[86.476,20.137]]],[[[92.959,12.487],[92.721,12.301],[92.723,12.827],[92.927,12.886],[92.975,12.532],[92.959,12.487]]]]}},{"type":"Feature","id":"IRL","properties":{"name":"Ireland","ISO_A3":"IRL"},"geometry":{"type":"Polygon","coordinates":[[[-6.217,53.984],[-6.372,53.916],[-6.083,53.561],[-6.188,53.307],[-5.998,52.966],[-6.463,52.344],[-6.344,52.19],[-7.587,52.099],[-8.061,51.808],[-8.465,51.897],[-8.297,51.755],[-8.713,51.569],[-9.816,51.453],[-9.457,51.728],[-10.105,51.663],[-9.628,51.867],[-10.395,51.846],[-9.794,52.154],[-10.457,52.188],[-9.78,52.253],[-9.944,52.421],[-9.649,52.57],[-8.812,52.686],[-9.93,52.556],[-9.503,52.75],[-9.263,53.154],[-8.934,53.202],[-10.183,53.411],[-10.057,53.459],[-10.193,53.554],[-9.816,53.616],[-9.902,53.764],[-9.57,53.803],[-9.939,53.87],[-9.797,53.949],[-9.989,54.214],[-10.136,54.109],[-10.069,54.276],[-8.512,54.217],[-8.674,54.363],[-8.154,54.627],[-8.804,54.698],[-8.373,54.836],[-8.285,55.16],[-7.793,55.25],[-7.692,55.112],[-7.799,55.213],[-7.627,55.27],[-7.62,54.968],[-7.495,55.288],[-7.283,55.277],[-7.369,55.384],[-6.922,55.236],[-8.154,54.437],[-7.347,54.118],[-7.029,54.421],[-6.623,54.039],[-6.164,53.977],[-6.217,53.984]]]}},{"type":"Feature","id":"IRN","properties":{"name":"Iran","ISO_A3":"IRN"},"geometry":{"type":"Polygon","coordinates":[[[49.256,30.306],[49.005,30.501],[48.745,30.171],[48.577,30.304],[48.692,29.9],[48.463,29.993],[48.026,30.483],[48.032,30.996],[47.683,30.998],[47.866,31.784],[47.465,32.391],[46.094,32.985],[46.19,33.264],[45.415,33.973],[45.582,34.146],[45.44,34.459],[45.741,34.537],[45.689,34.812],[45.926,35.088],[46.191,35.111],[46.014,35.684],[46.347,35.787],[45.356,35.974],[45.266,36.395],[44.837,36.797],[44.621,37.727],[44.223,37.888],[44.507,38.346],[44.304,38.392],[44.034,39.377],[44.422,39.412],[44.614,39.782],[45.458,38.99],[46.184,38.841],[46.534,38.867],[48.031,39.692],[48.368,39.381],[48.129,39.246],[48.328,39.011],[48.021,38.838],[48.64,38.399],[48.883,38.442],[49.065,37.679],[50.196,37.389],[51.089,36.737],[51.909,36.583],[54.007,36.953],[53.609,36.877],[54.014,36.821],[53.914,37.348],[54.673,37.437],[55.128,37.949],[57.215,38.28],[57.453,37.939],[59.354,37.529],[59.557,37.132],[60.043,37.022],[60.346,36.629],[61.152,36.637],[61.284,35.55],[61.001,34.643],[60.742,34.527],[60.918,34.305],[60.523,34.107],[60.581,33.597],[60.946,33.514],[60.583,33.13],[60.883,32.198],[60.856,31.487],[61.707,31.376],[61.838,31.036],[60.873,29.858],[61.91,28.564],[62.793,28.279],[62.777,27.258],[63.332,27.121],[63.195,26.646],[62.44,26.565],[62.215,26.268],[61.898,26.263],[61.618,25.178],[61.407,25.064],[60.536,25.442],[60.469,25.287],[59.088,25.403],[57.335,25.781],[56.951,26.987],[56.706,27.142],[56.134,27.152],[54.794,26.496],[54.277,26.728],[53.725,26.703],[52.695,27.292],[52.431,27.648],[51.403,27.923],[51.023,28.81],[50.808,28.922],[50.918,29.063],[50.643,29.149],[50.643,29.45],[50.092,30.174],[49.547,30.002],[49.241,30.134],[49.232,30.339],[49.256,30.306]]]}},{"type":"Feature","id":"IRQ","properties":{"name":"Iraq","ISO_A3":"IRQ"},"geometry":{"type":"MultiPolygon","coordinates":[[[[47.955,30.009],[47.19,30.028],[46.426,29.061],[44.722,29.198],[42.086,31.112],[40.413,31.948],[39.201,32.154],[38.794,33.375],[40.978,34.398],[41.228,34.779],[41.399,36.524],[41.817,36.588],[42.794,37.381],[43.832,37.195],[44.124,37.323],[44.306,36.971],[44.77,37.165],[45.356,35.974],[46.34,35.82],[46.014,35.684],[46.191,35.111],[45.926,35.088],[45.689,34.812],[45.741,34.537],[45.44,34.459],[45.582,34.146],[45.415,33.973],[46.19,33.264],[46.094,32.985],[47.378,32.474],[47.856,31.813],[47.683,30.998],[48.032,30.996],[48.109,30.453],[47.696,30.593],[47.95,30.041],[47.955,30.009]]],[[[47.704,30.592],[48.157,30.421],[48.626,29.908],[47.975,30.009],[47.702,30.56],[47.704,30.592]]]]}},{"type":"Feature","id":"ISL","properties":{"name":"Iceland","ISO_A3":"ISL"},"geometry":{"type":"Polygon","coordinates":[[[-16.192,66.534],[-15.379,66.146],[-14.541,66.379],[-15.187,66.109],[-14.614,65.992],[-14.829,65.717],[-14.335,65.788],[-14.438,65.592],[-13.606,65.509],[-13.923,65.29],[-13.591,65.277],[-13.854,65.196],[-13.495,65.076],[-14.233,65.031],[-13.686,64.912],[-14.033,64.934],[-13.751,64.866],[-14.071,64.706],[-14.477,64.765],[-14.258,64.646],[-14.492,64.648],[-14.529,64.412],[-16.227,64.109],[-16.613,63.857],[-16.887,63.856],[-17.096,64.105],[-17.311,64.034],[-17.192,64.257],[-17.714,63.899],[-17.699,63.742],[-17.964,63.799],[-17.924,63.566],[-18.391,63.602],[-18.292,63.472],[-18.611,63.405],[-20.042,63.571],[-19.567,63.699],[-20.087,63.535],[-21.217,63.924],[-22.702,63.801],[-22.693,64.082],[-22.015,64.05],[-21.727,64.174],[-21.832,64.291],[-21.421,64.382],[-22.038,64.304],[-21.776,64.576],[-22.226,64.473],[-22.421,64.805],[-23.794,64.727],[-24.047,64.878],[-21.792,65.03],[-21.765,65.207],[-22.55,65.162],[-21.705,65.446],[-22.77,65.629],[-22.714,65.507],[-23.732,65.416],[-24.535,65.504],[-24.304,65.641],[-23.812,65.528],[-24.099,65.806],[-23.309,65.666],[-23.533,65.719],[-23.172,65.775],[-23.869,65.886],[-23.393,65.853],[-23.82,66.03],[-23.462,66.019],[-23.658,66.119],[-23.471,66.193],[-22.425,65.838],[-22.456,66.072],[-22.976,66.217],[-22.406,66.274],[-23.154,66.327],[-22.945,66.465],[-22.412,66.458],[-21.327,66.007],[-21.583,65.962],[-21.286,65.923],[-21.433,65.69],[-21.778,65.767],[-21.304,65.597],[-21.439,65.457],[-21.193,65.431],[-21.091,65.158],[-20.942,65.574],[-20.656,65.683],[-20.458,65.5],[-20.293,65.667],[-20.421,66.081],[-20.112,66.113],[-19.414,65.722],[-19.437,66.047],[-18.781,66.193],[-18.037,65.66],[-18.313,66.155],[-17.438,65.988],[-17.224,66.19],[-16.511,66.185],[-16.546,66.508],[-16.218,66.505],[-16.192,66.534]]]}},{"type":"Feature","id":"ISR","properties":{"name":"Israel","ISO_A3":"ISR"},"geometry":{"type":"Polygon","coordinates":[[[34.902,29.491],[34.267,31.22],[34.568,31.541],[35.104,33.094],[35.504,33.089],[35.774,33.333],[35.896,32.945],[35.563,32.637],[35.555,32.389],[35.224,32.552],[34.957,32.19],[34.96,31.833],[35.23,31.772],[34.892,31.369],[35.476,31.493],[34.914,29.498],[34.902,29.491]]]}},{"type":"Feature","id":"ITA","properties":{"name":"Italy","ISO_A3":"ITA"},"geometry":{"type":"MultiPolygon","coordinates":[[[[8.206,40.97],[8.498,40.821],[9.184,41.249],[9.567,41.116],[9.502,40.919],[9.828,40.529],[9.623,40.247],[9.735,40.074],[9.557,39.135],[9.012,39.266],[8.859,38.878],[8.478,39.062],[8.382,39.456],[8.555,39.851],[8.397,39.91],[8.374,40.491],[8.152,40.578],[8.189,40.957],[8.206,40.97]]],[[[12.979,45.655],[12.143,45.358],[12.484,44.965],[12.249,44.763],[12.393,44.212],[13.628,43.548],[14.057,42.626],[14.742,42.087],[16.153,41.909],[15.955,41.462],[17.941,40.683],[18.521,40.107],[18.335,39.795],[17.866,40.28],[16.9,40.433],[16.492,39.753],[17.157,39.401],[17.171,38.957],[16.623,38.825],[16.552,38.407],[16.063,37.924],[15.733,37.925],[15.631,38.217],[15.898,38.451],[15.836,38.646],[16.221,38.867],[15.678,40.029],[14.917,40.237],[14.995,40.402],[14.757,40.678],[14.337,40.577],[14.466,40.736],[14.04,40.798],[13.706,41.254],[13.046,41.227],[11.64,42.289],[11.097,42.393],[11.158,42.562],[10.486,42.957],[10.522,43.251],[10.064,44.028],[8.755,44.427],[8.068,43.889],[7.55,43.781],[7.684,44.174],[7.008,44.235],[6.855,44.532],[7.066,44.713],[6.627,45.105],[7.077,45.211],[7.185,45.407],[6.806,45.817],[7.866,45.92],[8.367,46.452],[9.015,45.818],[9.282,46.496],[10.123,46.224],[10.047,46.544],[10.472,46.544],[10.47,46.855],[11.022,46.766],[11.187,46.969],[12.186,47.092],[12.153,46.917],[12.443,46.688],[13.714,46.523],[13.375,46.298],[13.667,46.174],[13.48,46.011],[13.919,45.634],[13.548,45.792],[12.976,45.645],[12.979,45.655]]],[[[12.582,37.645],[12.427,37.801],[12.736,38.182],[12.893,38.025],[13.318,38.225],[13.744,37.97],[15.641,38.273],[15.086,37.48],[15.333,37.013],[15.08,36.648],[12.614,37.635],[12.582,37.645]]]]}},{"type":"Feature","id":"JAM","properties":{"name":"Jamaica","ISO_A3":"JAM"},"geometry":{"type":"Polygon","coordinates":[[[-77.829,18.525],[-76.332,18.148],[-76.192,17.9],[-76.84,17.975],[-77.177,17.706],[-78.357,18.242],[-77.862,18.523],[-77.829,18.525]]]}},{"type":"Feature","id":"JOR","properties":{"name":"Jordan","ISO_A3":"JOR"},"geometry":{"type":"Polygon","coordinates":[[[34.978,29.543],[35.458,31.115],[35.563,32.637],[35.935,32.721],[36.078,32.512],[36.838,32.311],[38.794,33.375],[39.044,32.304],[39.301,32.23],[39.006,32.001],[37.005,31.501],[37.997,30.501],[37.5,29.999],[36.754,29.868],[36.071,29.184],[34.959,29.357],[35.0,29.527],[34.978,29.543]]]}},{"type":"Feature","id":"JPN","properties":{"name":"Japan","ISO_A3":"JPN"},"geometry":{"type":"MultiPolygon","coordinates":[[[[140.918,41.544],[141.455,41.424],[141.425,40.707],[141.821,40.264],[142.068,39.563],[141.915,39.104],[141.623,39.0],[141.45,38.657],[141.511,38.275],[141.082,38.38],[140.93,38.099],[140.981,36.997],[140.558,36.286],[140.847,35.742],[140.542,36.08],[140.573,35.924],[140.219,36.085],[140.863,35.694],[140.562,35.631],[140.374,35.179],[139.883,34.903],[139.753,34.964],[139.823,35.345],[140.098,35.555],[139.759,35.646],[139.681,35.151],[139.546,35.308],[139.152,35.241],[139.14,34.891],[138.843,34.601],[138.785,35.124],[138.356,34.914],[138.227,34.595],[137.606,34.68],[137.626,34.802],[137.019,34.578],[137.324,34.784],[136.946,34.874],[136.875,34.728],[136.827,35.082],[136.521,34.699],[136.915,34.452],[136.9,34.276],[136.303,34.18],[135.785,33.439],[135.065,33.892],[135.074,34.305],[135.355,34.462],[135.339,34.711],[134.211,34.731],[133.935,34.451],[133.097,34.39],[132.563,34.09],[132.375,34.36],[132.139,33.832],[131.717,34.06],[130.902,33.916],[130.861,34.105],[130.961,34.428],[131.397,34.42],[132.623,35.422],[133.111,35.597],[133.316,35.57],[133.131,35.511],[133.275,35.435],[135.224,35.779],[135.317,35.464],[136.07,35.66],[135.964,35.997],[136.699,36.746],[136.757,37.365],[137.345,37.516],[136.869,37.113],[137.051,37.108],[136.991,36.854],[137.187,36.757],[138.552,37.377],[138.834,37.811],[139.38,38.115],[139.783,38.847],[140.061,39.692],[139.7,40.007],[139.954,40.09],[139.86,40.612],[140.252,40.804],[140.342,41.262],[140.632,41.192],[140.738,40.83],[140.882,41.009],[141.204,40.939],[141.198,41.272],[140.764,41.148],[140.898,41.522],[140.918,41.544]]],[[[131.001,33.964],[131.099,33.619],[131.692,33.641],[131.513,33.268],[131.886,33.266],[131.812,33.122],[132.084,32.931],[131.682,32.543],[131.337,31.361],[131.076,31.457],[131.129,31.276],[130.683,31.004],[130.803,31.336],[130.591,31.589],[130.793,31.703],[130.513,31.48],[130.635,31.185],[130.14,31.407],[130.334,31.566],[130.175,32.104],[130.614,32.495],[130.451,32.625],[130.612,32.796],[130.233,33.194],[130.128,32.88],[130.339,32.858],[130.345,32.672],[130.168,32.591],[130.09,32.794],[129.764,32.583],[129.682,33.099],[129.99,32.859],[129.562,33.325],[129.833,33.303],[129.858,33.544],[130.027,33.447],[130.528,33.884],[130.974,33.96],[131.001,33.964]]],[[[134.144,34.396],[134.614,34.25],[134.737,33.829],[134.318,33.582],[134.186,33.264],[133.748,33.536],[133.283,33.386],[133.003,32.722],[132.476,32.905],[132.41,33.459],[132.085,33.398],[132.659,33.704],[132.948,34.131],[133.141,33.925],[133.511,33.972],[133.58,34.245],[134.12,34.394],[134.144,34.396]]],[[[143.211,41.952],[141.81,42.61],[140.996,42.301],[140.468,42.586],[140.284,42.257],[141.186,41.802],[140.637,41.815],[140.2,41.398],[140.017,41.487],[140.139,41.929],[139.775,42.263],[139.824,42.613],[140.529,43.005],[140.351,43.332],[141.162,43.144],[141.424,43.329],[141.33,43.723],[141.627,43.921],[141.788,44.585],[141.648,45.45],[141.965,45.506],[143.784,44.097],[144.753,43.923],[145.345,44.337],[145.062,43.806],[145.346,43.58],[145.197,43.625],[145.222,43.34],[145.801,43.362],[144.975,42.982],[143.965,42.9],[143.433,42.476],[143.242,41.927],[143.211,41.952]]],[[[148.175,45.146],[146.865,44.443],[147.187,44.698],[147.102,44.817],[147.873,45.229],[147.901,45.428],[148.218,45.264],[148.857,45.54],[148.843,45.337],[148.243,45.185],[148.175,45.146]]]]}},{"type":"Feature","id":"KAZ","properties":{"name":"Kazakhstan","ISO_A3":"KAZ"},"geometry":{"type":"Polygon","coordinates":[[[80.175,42.211],[79.968,42.433],[79.502,42.464],[79.199,42.804],[76.971,42.987],[75.668,42.802],[74.202,43.266],[73.55,43.028],[73.467,42.41],[71.887,42.831],[71.266,42.772],[70.641,42.019],[70.383,42.071],[69.041,41.366],[68.729,40.97],[68.528,41.02],[68.653,40.613],[68.502,40.58],[67.978,40.831],[68.127,41.032],[67.966,41.148],[66.709,41.141],[66.535,41.877],[65.999,41.937],[66.097,42.938],[65.845,42.859],[65.002,43.715],[62.004,43.506],[61.08,44.377],[58.59,45.59],[55.998,45.0],[55.999,41.319],[55.455,41.267],[54.952,41.906],[54.215,42.377],[52.985,42.121],[52.446,41.761],[52.435,42.15],[52.676,42.538],[52.564,42.742],[52.736,42.701],[51.912,42.842],[51.651,43.191],[51.276,43.154],[51.315,43.462],[50.847,44.189],[50.255,44.351],[50.225,44.568],[51.56,44.511],[50.96,44.886],[51.273,45.025],[51.416,45.39],[53.261,45.343],[52.732,45.554],[53.082,46.005],[53.157,46.342],[52.997,46.505],[53.208,46.695],[52.92,46.957],[52.437,46.999],[52.113,46.813],[51.213,47.121],[49.817,46.54],[49.323,46.568],[49.367,46.389],[49.168,46.409],[49.268,46.291],[48.545,46.563],[48.589,46.766],[49.021,46.76],[48.519,47.412],[48.112,47.745],[47.194,47.761],[47.123,48.269],[46.493,48.433],[47.051,49.166],[46.782,49.34],[46.903,49.864],[47.182,49.935],[47.3,50.303],[47.613,50.464],[48.263,49.858],[48.746,49.921],[48.903,50.018],[48.571,50.632],[49.423,50.85],[49.455,51.126],[50.373,51.332],[50.585,51.646],[50.812,51.585],[50.768,51.773],[51.38,51.641],[51.24,51.563],[51.38,51.476],[52.363,51.772],[52.566,51.456],[53.336,51.51],[54.518,50.855],[54.414,50.621],[54.543,50.527],[54.732,50.621],[54.597,51.031],[55.736,50.55],[56.448,51.057],[57.185,51.115],[57.508,50.876],[57.761,50.922],[57.772,51.138],[58.317,51.154],[58.614,51.047],[58.656,50.809],[59.479,50.641],[59.509,50.495],[59.813,50.535],[60.015,50.822],[60.809,50.657],[61.449,50.806],[61.69,51.256],[61.506,51.407],[60.422,51.647],[60.517,51.798],[59.994,51.965],[61.067,52.347],[60.715,52.663],[61.009,52.978],[62.13,52.99],[61.177,53.312],[61.258,53.508],[61.593,53.526],[60.9,53.629],[61.227,53.796],[61.029,53.955],[61.407,54.087],[62.51,53.913],[63.159,54.191],[65.222,54.334],[65.213,54.532],[65.489,54.655],[68.234,54.969],[68.178,55.199],[69.001,55.286],[68.932,55.443],[70.205,55.146],[70.792,55.289],[71.021,55.085],[71.03,54.779],[71.291,54.668],[71.198,54.312],[70.998,54.336],[71.178,54.095],[71.72,54.106],[71.752,54.254],[72.185,54.121],[72.034,54.366],[72.507,54.14],[72.37,54.083],[72.486,53.901],[72.714,53.951],[72.609,54.137],[73.276,53.943],[73.767,54.054],[73.253,53.675],[73.438,53.435],[73.901,53.651],[74.385,53.458],[74.458,53.691],[75.064,53.8],[75.375,54.07],[76.929,54.458],[76.757,54.162],[76.439,54.167],[76.504,54.032],[77.907,53.291],[80.076,50.738],[80.677,51.316],[81.145,51.212],[81.06,50.948],[81.413,50.976],[81.449,50.756],[82.565,50.746],[82.733,50.927],[83.447,51.01],[83.962,50.801],[84.325,50.229],[85.038,50.049],[85.259,49.588],[86.202,49.466],[86.694,49.81],[86.62,49.57],[87.315,49.231],[86.749,49.015],[86.817,48.831],[86.583,48.54],[85.725,48.373],[85.53,48.045],[85.703,47.38],[85.538,47.049],[84.944,46.863],[83.028,47.207],[82.258,45.616],[82.56,45.204],[81.774,45.386],[79.882,44.911],[80.41,44.61],[80.396,44.11],[80.797,43.184],[80.381,43.042],[80.589,42.914],[80.261,42.824],[80.178,42.221],[80.175,42.211]]]}},{"type":"Feature","id":"KEN","properties":{"name":"Ilemi Triangle (Kenya)","ISO_A3":"KEN"},"geometry":{"type":"MultiPolygon","coordinates":[[[[34.377,4.617],[35.408,5.033],[35.599,4.624],[34.377,4.617]]],[[[41.496,-1.739],[41.261,-2.023],[40.843,-1.975],[40.957,-2.311],[40.234,-2.686],[39.534,-4.453],[39.206,-4.679],[37.6,-3.521],[37.673,-3.061],[33.934,-1.0],[33.915,0.109],[34.53,1.116],[34.831,1.267],[35.032,1.915],[34.935,2.513],[34.461,3.171],[34.463,3.667],[34.089,3.861],[33.984,4.224],[34.377,4.617],[35.949,4.631],[36.05,4.457],[37.029,4.388],[38.127,3.61],[39.553,3.405],[39.866,3.871],[40.756,4.285],[41.207,3.936],[41.907,3.983],[40.992,2.822],[40.994,-0.834],[41.518,-1.703],[41.496,-1.739]]]]}},{"type":"Feature","id":"KGZ","properties":{"name":"Kyrgyzstan","ISO_A3":"KGZ"},"geometry":{"type":"Polygon","coordinates":[[[73.6,39.459],[72.484,39.377],[72.231,39.181],[72.048,39.367],[71.797,39.276],[71.497,39.621],[70.828,39.389],[70.535,39.624],[69.338,39.547],[69.297,39.917],[69.543,39.941],[69.529,40.122],[70.055,40.209],[70.544,39.943],[70.959,40.285],[71.766,40.178],[72.159,40.483],[72.417,40.397],[72.354,40.597],[72.655,40.51],[73.203,40.758],[72.172,40.995],[71.721,41.549],[71.396,41.108],[70.781,41.225],[70.722,41.465],[70.173,41.516],[71.249,42.166],[70.866,42.3],[71.266,42.772],[71.887,42.831],[73.467,42.41],[73.55,43.028],[74.202,43.266],[75.668,42.802],[76.971,42.987],[79.199,42.804],[79.502,42.464],[80.143,42.286],[80.199,42.037],[78.156,41.382],[77.765,41.015],[76.866,41.022],[76.34,40.35],[75.7,40.28],[75.601,40.663],[75.239,40.448],[74.838,40.522],[74.862,40.324],[73.934,40.023],[73.949,39.604],[73.638,39.474],[73.6,39.459]]]}},{"type":"Feature","id":"KHM","properties":{"name":"Cambodia","ISO_A3":"KHM"},"geometry":{"type":"Polygon","coordinates":[[[105.181,10.912],[104.869,10.522],[104.498,10.404],[103.887,10.657],[103.608,10.503],[103.491,10.623],[103.712,10.87],[103.553,11.167],[103.425,10.892],[103.123,10.87],[103.139,11.49],[102.711,12.149],[102.787,12.415],[102.511,12.67],[102.334,13.541],[102.623,13.608],[102.952,14.206],[103.581,14.428],[104.809,14.437],[106.105,13.91],[106.002,14.372],[106.544,14.593],[106.968,14.315],[107.557,14.686],[107.334,14.101],[107.618,13.528],[107.537,12.352],[106.414,11.973],[106.453,11.672],[106.061,11.783],[105.811,11.617],[106.191,10.79],[105.779,11.031],[105.196,10.911],[105.278,11.326],[104.953,11.566],[104.987,11.74],[104.948,11.548],[105.253,11.386],[105.179,10.959],[105.181,10.912]]]}},{"type":"Feature","id":"KOR","properties":{"name":"Korea, South","ISO_A3":"KOR"},"geometry":{"type":"MultiPolygon","coordinates":[[[[126.559,33.238],[126.183,33.259],[126.324,33.467],[126.891,33.528],[126.829,33.306],[126.572,33.244],[126.559,33.238]]],[[[126.712,37.85],[127.125,38.281],[128.101,38.302],[128.368,38.599],[129.35,37.239],[129.376,36.049],[129.583,36.019],[129.091,35.05],[128.588,35.209],[128.407,34.762],[127.995,35.046],[127.59,34.919],[127.775,34.86],[127.635,34.638],[127.391,34.818],[127.506,34.596],[127.338,34.445],[127.121,34.53],[127.245,34.76],[126.937,34.448],[126.772,34.597],[126.545,34.303],[126.434,34.549],[126.089,34.418],[126.285,34.757],[126.521,34.673],[126.361,34.742],[126.512,34.765],[126.351,34.796],[126.385,35.035],[126.161,35.104],[126.435,35.064],[126.305,35.25],[126.671,35.573],[126.461,35.614],[126.444,35.83],[126.867,36.056],[126.661,36.011],[126.456,36.595],[126.119,36.77],[126.499,37.065],[126.841,36.837],[126.988,36.925],[126.655,37.175],[126.52,37.761],[126.905,37.538],[126.671,37.692],[126.75,37.852],[126.712,37.85]]]]}},{"type":"Feature","id":"KWT","properties":{"name":"Kuwait","ISO_A3":"KWT"},"geometry":{"type":"Polygon","coordinates":[[[48.432,28.534],[47.705,28.524],[47.466,29.0],[46.553,29.101],[47.173,30.017],[47.708,30.104],[48.012,29.99],[48.189,29.536],[47.71,29.361],[48.101,29.352],[48.403,28.571],[48.432,28.534]]]}},{"type":"Feature","id":"LAO","properties":{"name":"Laos","ISO_A3":"LAO"},"geometry":{"type":"Polygon","coordinates":[[[100.085,20.352],[100.254,20.748],[100.648,20.88],[100.509,20.887],[100.723,21.309],[101.143,21.564],[101.286,21.176],[101.839,21.208],[101.549,22.246],[101.728,22.499],[102.129,22.434],[102.676,21.657],[102.837,21.846],[102.975,21.745],[102.808,21.263],[103.11,20.901],[103.685,20.661],[104.104,20.978],[104.636,20.672],[104.375,20.466],[104.667,20.47],[104.613,20.244],[104.99,20.092],[104.837,19.796],[104.642,19.621],[104.077,19.68],[104.116,19.491],[103.876,19.317],[105.134,18.715],[105.184,18.325],[105.501,18.189],[105.751,17.668],[106.55,17.007],[106.674,16.457],[106.862,16.541],[106.97,16.302],[107.461,16.071],[107.211,15.755],[107.621,15.418],[107.45,14.529],[106.839,14.293],[106.544,14.593],[106.002,14.372],[106.105,13.91],[105.363,14.105],[105.206,14.343],[105.535,14.559],[105.467,15.348],[105.635,15.663],[104.735,16.545],[104.725,17.501],[103.973,18.337],[103.403,18.448],[102.682,17.803],[102.088,18.22],[101.116,17.479],[100.978,17.753],[101.355,19.051],[101.187,19.399],[101.288,19.568],[100.513,19.523],[100.404,19.753],[100.576,20.17],[100.331,20.398],[100.099,20.307],[100.085,20.352]]]}},{"type":"Feature","id":"LBN","properties":{"name":"Lebanon","ISO_A3":"LBN"},"geometry":{"type":"Polygon","coordinates":[[[35.976,34.634],[36.462,34.635],[36.335,34.503],[36.623,34.195],[36.277,33.916],[36.391,33.827],[35.975,33.729],[36.047,33.564],[35.504,33.089],[35.104,33.094],[35.654,34.281],[35.987,34.603],[35.976,34.634]]]}},{"type":"Feature","id":"LBR","properties":{"name":"Liberia","ISO_A3":"LBR"},"geometry":{"type":"Polygon","coordinates":[[[-7.533,4.365],[-9.043,4.985],[-10.018,5.931],[-10.818,6.311],[-10.67,6.507],[-10.805,6.39],[-11.493,6.922],[-10.607,7.775],[-10.279,8.485],[-9.747,8.544],[-9.478,8.349],[-9.349,7.749],[-9.467,7.396],[-8.854,7.263],[-8.554,7.696],[-8.275,7.004],[-8.597,6.501],[-7.925,6.291],[-7.765,5.955],[-7.432,5.839],[-7.556,4.377],[-7.533,4.365]]]}},{"type":"Feature","id":"LBY","properties":{"name":"Libya","ISO_A3":"LBY"},"geometry":{"type":"Polygon","coordinates":[[[25.149,31.657],[24.86,31.404],[25.016,30.777],[24.697,30.156],[25.0,29.253],[25.0,20.0],[24.0,20.0],[24.0,19.5],[16.0,23.452],[14.19,22.645],[13.526,23.156],[11.929,23.515],[11.477,24.082],[11.568,24.254],[10.223,24.646],[10.028,25.354],[9.4,26.195],[9.914,26.646],[9.782,27.27],[9.966,27.883],[9.783,29.427],[9.391,30.168],[9.877,30.337],[10.219,30.704],[10.136,31.468],[10.276,31.673],[11.595,32.454],[11.562,33.166],[12.349,32.824],[13.389,32.896],[15.183,32.388],[15.742,31.397],[17.856,30.924],[19.055,30.267],[19.676,30.456],[20.128,30.98],[19.921,31.758],[20.103,32.181],[20.673,32.593],[21.644,32.929],[23.105,32.635],[23.084,32.341],[23.303,32.164],[24.996,31.962],[25.131,31.718],[25.149,31.657]]]}},{"type":"Feature","id":"LKA","properties":{"name":"Sri Lanka","ISO_A3":"LKA"},"geometry":{"type":"Polygon","coordinates":[[[81.704,7.73],[81.578,7.726],[81.782,7.437],[81.778,7.621],[81.878,7.022],[81.694,6.489],[80.587,5.92],[80.127,6.099],[79.693,8.211],[79.836,8.01],[80.09,9.579],[80.586,9.468],[79.907,9.771],[80.252,9.826],[80.792,9.314],[81.686,7.751],[81.704,7.73]]]}},{"type":"Feature","id":"LSO","properties":{"name":"Lesotho","ISO_A3":"LSO"},"geometry":{"type":"Polygon","coordinates":[[[28.703,-28.618],[29.441,-29.275],[29.169,-29.916],[28.398,-30.144],[28.108,-30.678],[27.376,-30.326],[27.02,-29.616],[27.363,-29.484],[27.764,-28.898],[28.682,-28.59],[28.703,-28.618]]]}},{"type":"Feature","id":"LTU","properties":{"name":"Lithuania","ISO_A3":"LTU"},"geometry":{"type":"Polygon","coordinates":[[[21.263,55.246],[21.065,56.069],[21.561,56.316],[22.13,56.432],[24.454,56.258],[24.875,56.45],[25.092,56.186],[25.7,56.119],[26.63,55.681],[26.441,55.348],[26.832,55.307],[25.778,54.853],[25.532,54.342],[25.781,54.16],[25.497,54.31],[24.448,53.905],[23.61,53.925],[23.38,54.229],[22.702,54.453],[22.877,54.834],[22.589,55.07],[21.27,55.245],[21.263,55.246]]]}},{"type":"Feature","id":"LUX","properties":{"name":"Luxembourg","ISO_A3":"LUX"},"geometry":{"type":"Polygon","coordinates":[[[5.819,49.546],[5.736,49.897],[6.119,50.164],[6.506,49.713],[6.368,49.469],[5.846,49.53],[5.819,49.546]]]}},{"type":"Feature","id":"LVA","properties":{"name":"Latvia","ISO_A3":"LVA"},"geometry":{"type":"Polygon","coordinates":[[[20.977,56.328],[21.052,56.824],[21.375,57.003],[21.694,57.563],[22.603,57.755],[23.305,57.064],[24.044,57.051],[24.19,56.902],[24.029,57.064],[24.411,57.269],[24.352,57.877],[25.296,58.081],[26.5,57.525],[27.557,57.538],[27.867,57.296],[27.659,56.834],[27.969,56.836],[28.194,56.443],[28.179,56.179],[27.616,55.787],[27.152,55.852],[26.784,55.678],[25.092,56.186],[24.875,56.45],[24.122,56.249],[22.034,56.425],[21.065,56.069],[20.983,56.308],[20.977,56.328]]]}},{"type":"Feature","id":"MAR","properties":{"name":"Morocco","ISO_A3":"MAR"},"geometry":{"type":"Polygon","coordinates":[[[-12.121,28.081],[-11.474,28.334],[-10.218,29.311],[-9.639,30.197],[-9.604,30.404],[-9.89,30.628],[-9.842,31.391],[-9.271,32.167],[-9.286,32.543],[-8.546,33.244],[-6.808,34.065],[-5.907,35.801],[-5.382,35.912],[-5.244,35.555],[-4.679,35.204],[-3.335,35.186],[-2.956,35.436],[-2.884,35.133],[-1.973,34.936],[-1.74,34.743],[-1.544,32.958],[-1.001,32.506],[-1.246,32.326],[-1.205,32.084],[-2.908,32.118],[-2.823,31.798],[-3.667,31.633],[-3.788,31.237],[-3.543,31.034],[-3.636,30.704],[-4.324,30.531],[-5.277,29.904],[-5.562,29.492],[-5.796,29.617],[-7.148,29.524],[-8.668,28.714],[-8.668,26.001],[-12.001,26.001],[-12.001,23.452],[-13.108,22.935],[-13.001,21.334],[-16.947,21.334],[-17.104,20.847],[-16.807,22.161],[-16.493,22.327],[-15.747,23.777],[-15.783,23.902],[-15.986,23.628],[-15.904,23.818],[-14.883,24.703],[-14.475,26.18],[-13.573,26.733],[-12.956,27.924],[-12.209,28.062],[-12.121,28.081]]]}},{"type":"Feature","id":"MDA","properties":{"name":"Moldova","ISO_A3":"MDA"},"geometry":{"type":"Polygon","coordinates":[[[28.214,45.469],[28.088,46.02],[28.251,46.621],[28.081,46.991],[27.017,48.137],[26.63,48.26],[26.826,48.304],[26.709,48.405],[27.603,48.488],[28.492,48.066],[29.175,47.994],[29.192,47.426],[29.574,47.371],[29.558,46.958],[29.968,46.832],[29.888,46.548],[30.149,46.407],[28.981,46.489],[28.979,46.003],[28.519,45.736],[28.515,45.5],[28.257,45.517],[28.214,45.469]]]}},{"type":"Feature","id":"MDG","properties":{"name":"Madagascar","ISO_A3":"MDG"},"geometry":{"type":"Polygon","coordinates":[[[47.837,-22.82],[47.675,-23.355],[47.233,-23.111],[47.7,-23.348],[47.102,-24.982],[45.162,-25.604],[44.027,-25.0],[43.668,-24.317],[43.767,-23.462],[43.228,-22.325],[43.497,-21.327],[43.791,-21.239],[44.484,-19.98],[43.927,-17.51],[44.424,-16.715],[44.442,-16.198],[44.832,-16.252],[45.248,-15.937],[45.289,-16.132],[45.361,-15.988],[45.588,-16.07],[45.682,-15.78],[46.047,-15.87],[46.187,-15.706],[46.551,-16.215],[46.64,-16.036],[46.325,-15.666],[46.945,-15.199],[47.072,-15.34],[46.896,-15.595],[47.03,-15.633],[47.225,-15.424],[47.047,-15.183],[47.451,-14.677],[47.423,-15.118],[47.797,-14.589],[48.002,-14.775],[47.693,-14.452],[47.908,-14.089],[48.032,-14.265],[47.895,-13.597],[48.061,-13.527],[48.291,-13.804],[48.472,-13.378],[48.809,-13.368],[48.945,-12.829],[48.723,-12.44],[48.939,-12.49],[49.255,-11.954],[49.357,-12.21],[49.192,-12.297],[49.524,-12.37],[49.543,-12.654],[49.931,-13.043],[50.483,-15.333],[50.211,-15.991],[49.9,-15.438],[49.616,-15.555],[49.858,-16.222],[49.79,-16.852],[49.456,-17.198],[49.42,-18.163],[47.834,-22.797],[47.837,-22.82]]]}},{"type":"Feature","id":"MEX","properties":{"name":"Mexico","ISO_A3":"MEX"},"geometry":{"type":"Polygon","coordinates":[[[-87.849,18.186],[-88.07,18.861],[-88.86,17.894],[-90.988,17.816],[-90.988,17.251],[-91.44,17.251],[-90.418,16.424],[-90.442,16.074],[-91.732,16.074],[-92.211,15.261],[-92.06,15.071],[-92.231,14.536],[-94.124,16.223],[-94.443,16.216],[-93.955,15.983],[-94.727,16.211],[-94.581,16.333],[-94.812,16.28],[-94.865,16.432],[-95.066,16.28],[-94.82,16.276],[-95.101,16.232],[-94.762,16.213],[-96.578,15.669],[-101.058,17.269],[-101.955,17.963],[-103.361,18.264],[-104.065,18.972],[-104.95,19.32],[-105.511,20.021],[-105.695,20.408],[-105.245,20.582],[-105.539,20.771],[-105.244,21.048],[-105.188,21.447],[-105.637,21.971],[-105.64,22.182],[-105.47,22.127],[-105.665,22.697],[-105.721,22.492],[-107.144,24.14],[-108.005,24.658],[-108.051,25.071],[-108.748,25.365],[-108.782,25.545],[-109.052,25.47],[-108.932,25.666],[-109.151,25.587],[-109.42,25.776],[-109.288,26.278],[-109.285,26.142],[-109.216,26.333],[-109.09,26.27],[-109.446,26.717],[-109.816,26.748],[-109.987,27.115],[-110.523,27.292],[-110.559,27.873],[-111.174,27.993],[-112.173,28.971],[-113.079,30.668],[-113.106,31.19],[-114.808,31.82],[-114.89,31.171],[-114.664,30.187],[-114.39,29.781],[-113.638,29.284],[-113.525,28.893],[-112.846,28.44],[-112.771,27.863],[-111.953,27.096],[-111.779,26.565],[-111.846,26.882],[-111.562,26.697],[-111.306,25.773],[-110.657,24.807],[-110.607,24.252],[-110.392,24.105],[-110.234,24.344],[-109.468,23.552],[-109.458,23.196],[-109.964,22.872],[-110.327,23.558],[-111.657,24.569],[-111.822,24.516],[-112.104,24.983],[-112.18,24.821],[-112.064,25.582],[-112.192,25.986],[-113.061,26.597],[-113.236,26.788],[-113.154,26.977],[-113.265,26.756],[-113.609,26.714],[-115.024,27.74],[-115.055,27.86],[-114.317,27.874],[-113.957,27.658],[-114.273,27.894],[-114.042,28.021],[-114.05,28.473],[-114.964,29.373],[-115.699,29.755],[-116.063,30.806],[-116.338,30.97],[-116.69,31.566],[-116.612,31.839],[-117.125,32.534],[-114.719,32.719],[-114.814,32.494],[-111.075,31.332],[-108.208,31.333],[-108.208,31.784],[-106.45,31.764],[-104.922,30.603],[-104.524,29.659],[-103.241,28.981],[-102.868,29.224],[-102.677,29.741],[-102.321,29.878],[-101.405,29.772],[-100.673,29.097],[-100.254,28.237],[-99.511,27.565],[-99.446,27.021],[-99.082,26.397],[-97.426,25.841],[-97.147,25.956],[-97.426,25.237],[-97.536,25.47],[-97.53,25.291],[-97.763,25.265],[-97.634,24.927],[-97.857,24.464],[-97.761,23.941],[-97.711,24.276],[-97.899,22.6],[-97.616,21.535],[-97.452,21.315],[-97.379,21.499],[-97.693,21.949],[-97.33,21.569],[-97.421,21.243],[-97.179,20.665],[-95.757,18.793],[-95.91,18.558],[-95.806,18.75],[-95.587,18.664],[-95.741,18.785],[-95.182,18.707],[-94.504,18.153],[-92.369,18.67],[-91.952,18.695],[-91.872,18.578],[-92.208,18.548],[-91.522,18.448],[-91.227,18.627],[-91.384,18.83],[-91.102,19.019],[-91.498,18.792],[-90.741,19.33],[-90.454,19.949],[-90.317,21.025],[-88.152,21.622],[-87.232,21.419],[-87.086,21.589],[-86.849,21.252],[-86.795,21.408],[-86.744,21.134],[-87.424,20.225],[-87.494,19.811],[-87.743,19.66],[-87.673,19.502],[-87.414,19.565],[-87.687,19.235],[-87.452,19.305],[-87.844,18.191],[-87.849,18.186]]]}},{"type":"Feature","id":"MKD","properties":{"name":"North Macedonia","ISO_A3":"MKD"},"geometry":{"type":"Polygon","coordinates":[[[20.98,40.854],[20.515,41.232],[20.561,41.869],[21.104,42.206],[21.251,42.092],[21.445,42.278],[22.294,42.374],[22.867,42.022],[22.966,41.353],[22.73,41.146],[22.067,41.157],[21.593,40.866],[21.121,40.854],[20.98,40.854]]]}},{"type":"Feature","id":"MLI","properties":{"name":"Mali","ISO_A3":"MLI"},"geometry":{"type":"Polygon","coordinates":[[[-4.834,25.001],[1.167,21.114],[1.164,20.739],[1.591,20.6],[1.798,20.298],[2.215,20.319],[2.375,20.028],[2.683,20.099],[3.255,19.835],[3.115,19.15],[3.295,19.003],[4.267,19.146],[4.2,16.395],[3.879,15.706],[3.493,15.358],[1.311,15.278],[0.968,14.982],[0.244,14.914],[-0.725,15.084],[-1.98,14.476],[-1.997,14.193],[-2.474,14.3],[-2.839,14.054],[-2.875,13.654],[-3.262,13.715],[-3.234,13.289],[-3.439,13.161],[-3.972,13.5],[-4.34,13.145],[-4.208,12.817],[-4.473,12.709],[-4.397,12.31],[-4.74,11.999],[-5.404,11.831],[-5.198,11.429],[-5.489,11.082],[-5.513,10.431],[-6.108,10.203],[-6.21,10.724],[-6.427,10.561],[-6.642,10.672],[-6.648,10.371],[-6.947,10.349],[-7.03,10.144],[-7.483,10.456],[-7.939,10.152],[-8.229,10.417],[-8.289,11.021],[-8.674,10.97],[-8.353,11.376],[-8.85,11.655],[-8.781,11.988],[-9.135,12.48],[-9.407,12.464],[-9.318,12.281],[-9.713,12.028],[-10.342,12.223],[-10.658,11.897],[-10.936,12.231],[-11.228,11.998],[-11.455,12.134],[-11.355,12.974],[-12.038,13.624],[-11.975,14.184],[-12.24,14.764],[-11.798,14.896],[-11.744,15.461],[-11.492,15.642],[-10.899,15.107],[-10.721,15.442],[-9.401,15.439],[-9.331,15.703],[-9.331,15.502],[-5.5,15.5],[-5.333,16.333],[-5.609,16.5],[-6.572,25.0],[-5.003,25.001],[-4.834,25.001]]]}},{"type":"Feature","id":"MMR","properties":{"name":"Burma","ISO_A3":"MMR"},"geometry":{"type":"MultiPolygon","coordinates":[[[[95.691,16.377],[95.691,15.987],[95.299,15.712],[95.392,16.297],[95.667,16.386],[95.691,16.377]]],[[[96.293,16.369],[95.879,16.42],[95.859,16.66],[96.19,16.748],[96.318,16.401],[96.293,16.369]]],[[[95.604,16.892],[95.736,16.415],[95.314,16.339],[95.594,16.898],[95.604,16.892]]],[[[95.704,17.062],[96.002,17.019],[96.125,16.762],[95.782,16.627],[95.543,16.941],[95.675,17.064],[95.704,17.062]]],[[[96.939,17.29],[96.879,16.829],[96.491,16.475],[96.011,17.03],[95.636,17.052],[95.486,17.999],[95.083,18.536],[95.159,18.903],[95.062,18.56],[95.69,17.431],[95.592,16.909],[95.222,16.818],[95.092,16.563],[94.712,16.698],[94.676,16.388],[94.24,15.956],[94.253,16.533],[94.597,17.311],[94.397,18.347],[94.027,19.084],[94.083,19.369],[93.774,19.591],[93.756,19.929],[93.456,20.053],[93.257,20.591],[93.151,20.366],[92.962,20.758],[93.004,20.324],[92.645,20.68],[92.728,20.264],[92.176,21.16],[92.381,21.48],[92.68,21.287],[92.697,22.143],[92.903,21.941],[93.199,22.256],[93.094,22.806],[93.127,23.044],[93.387,23.144],[93.328,24.081],[94.157,23.848],[94.714,24.936],[94.632,25.388],[95.186,26.073],[95.167,26.635],[96.606,27.366],[97.138,27.091],[96.893,27.616],[97.379,27.892],[97.349,28.24],[97.568,28.547],[97.912,28.367],[98.317,27.523],[98.44,27.669],[98.698,27.549],[98.782,26.606],[98.72,26.132],[98.573,26.122],[98.703,25.853],[98.302,25.552],[98.168,25.627],[98.137,25.386],[97.723,25.084],[97.798,24.85],[97.549,24.736],[97.528,24.444],[97.768,24.263],[97.527,23.937],[98.878,24.154],[98.681,23.911],[98.891,23.617],[98.884,23.189],[99.566,22.933],[99.314,22.739],[99.179,22.148],[99.962,22.053],[100.168,21.486],[100.668,21.48],[101.088,21.776],[101.161,21.645],[100.723,21.309],[100.509,20.887],[100.648,20.88],[100.224,20.713],[100.085,20.352],[99.472,20.394],[99.537,20.147],[99.077,20.101],[98.991,19.742],[98.035,19.806],[97.666,18.938],[97.768,18.578],[97.344,18.578],[97.639,18.288],[97.793,17.68],[98.533,16.9],[98.666,16.292],[98.913,16.393],[98.851,16.136],[98.567,16.057],[98.56,15.336],[98.184,15.096],[98.597,14.328],[99.105,13.895],[99.1,13.073],[99.659,11.829],[98.78,10.679],[98.557,9.985],[98.465,10.729],[98.712,10.933],[98.735,11.665],[98.912,11.659],[98.618,12.102],[98.872,12.216],[98.615,12.554],[98.69,12.776],[98.231,13.96],[98.132,13.565],[97.977,14.688],[97.789,14.874],[97.558,16.082],[97.621,16.503],[97.951,16.607],[97.662,16.557],[97.605,17.051],[97.618,16.527],[97.348,16.516],[97.195,17.131],[97.089,16.964],[96.952,17.302],[96.939,17.29]]]]}},{"type":"Feature","id":"MNE","properties":{"name":"Montenegro","ISO_A3":"MNE"},"geometry":{"type":"Polygon","coordinates":[[[18.524,42.42],[18.498,42.996],[18.849,43.349],[19.08,43.3],[18.988,43.555],[20.353,42.833],[20.024,42.762],[20.003,42.509],[19.796,42.479],[19.724,42.661],[19.315,42.244],[19.101,42.287],[19.385,42.079],[19.367,41.847],[18.547,42.414],[18.765,42.485],[18.528,42.428],[18.524,42.42]]]}},{"type":"Feature","id":"MNG","properties":{"name":"Mongolia","ISO_A3":"MNG"},"geometry":{"type":"Polygon","coordinates":[[[116.714,49.846],[115.788,48.524],[115.813,48.257],[115.522,48.153],[115.574,47.92],[115.935,47.681],[116.796,47.899],[117.375,47.64],[117.804,48.014],[118.559,47.993],[119.709,47.194],[119.904,46.667],[119.295,46.612],[118.905,46.775],[117.415,46.58],[117.37,46.361],[116.578,46.289],[116.174,45.69],[115.356,45.389],[114.541,45.385],[113.628,44.744],[111.996,45.09],[111.411,44.356],[111.947,43.69],[111.062,43.355],[110.433,42.78],[109.479,42.456],[107.46,42.458],[105.007,41.582],[104.518,41.661],[104.525,41.875],[103.413,41.882],[100.848,42.673],[99.503,42.566],[96.388,42.725],[95.523,44.005],[95.323,44.026],[95.404,44.295],[94.724,44.339],[93.539,44.955],[90.865,45.204],[90.668,45.544],[91.021,46.023],[90.921,46.939],[90.084,47.868],[89.06,47.989],[87.969,48.575],[88.091,48.712],[87.735,48.88],[87.901,48.983],[87.823,49.178],[88.222,49.48],[89.19,49.517],[89.723,49.728],[89.631,49.92],[92.361,50.884],[92.628,50.703],[93.002,50.793],[93.102,50.59],[94.284,50.572],[94.615,50.035],[95.532,49.897],[95.859,50.044],[97.417,49.779],[98.066,50.032],[98.307,50.323],[97.827,51.018],[98.051,51.459],[98.775,51.885],[98.911,52.148],[99.909,51.746],[102.109,51.368],[102.305,50.68],[103.256,50.193],[104.136,50.139],[105.355,50.48],[106.592,50.339],[107.213,49.999],[107.968,49.939],[107.943,49.663],[108.522,49.321],[110.811,49.176],[112.813,49.515],[114.338,50.286],[115.541,49.905],[116.625,49.936],[116.714,49.846]]]}},{"type":"Feature","id":"MOZ","properties":{"name":"Mozambique","ISO_A3":"MOZ"},"geometry":{"type":"Polygon","coordinates":[[[40.446,-11.67],[40.487,-12.388],[40.62,-12.359],[40.473,-12.51],[40.629,-12.772],[40.403,-12.953],[40.59,-12.98],[40.523,-14.176],[40.739,-14.275],[40.613,-14.608],[40.808,-14.412],[40.837,-14.683],[40.513,-15.169],[40.678,-15.248],[40.566,-15.497],[39.774,-16.29],[39.862,-16.442],[39.239,-16.726],[39.075,-17.013],[38.069,-17.192],[37.369,-17.656],[37.254,-17.449],[37.357,-17.65],[36.987,-18.018],[36.853,-17.882],[36.932,-18.052],[36.493,-18.572],[36.152,-18.525],[35.666,-18.027],[36.239,-18.577],[36.232,-18.854],[35.674,-19.12],[34.971,-19.811],[34.638,-19.646],[34.781,-20.138],[34.629,-20.519],[35.003,-20.715],[35.326,-22.185],[35.537,-22.181],[35.599,-22.954],[35.324,-23.95],[35.539,-23.793],[35.5,-24.111],[35.084,-24.624],[32.821,-25.596],[32.471,-25.99],[32.695,-26.275],[32.961,-26.111],[32.894,-26.859],[32.135,-26.84],[31.931,-25.84],[31.985,-24.305],[31.56,-23.481],[31.307,-22.423],[32.497,-21.341],[32.372,-21.133],[32.497,-20.614],[33.028,-20.035],[33.062,-19.776],[32.777,-19.46],[32.885,-19.103],[32.698,-18.937],[33.067,-18.348],[32.938,-18.015],[33.053,-17.345],[32.833,-16.923],[32.99,-16.7],[31.914,-16.408],[31.278,-16.005],[30.422,-16.006],[30.216,-15.069],[33.242,-13.998],[33.679,-14.616],[34.391,-14.395],[34.603,-15.266],[34.259,-15.906],[34.42,-16.25],[35.157,-16.84],[35.08,-17.113],[35.309,-17.124],[35.143,-16.562],[35.406,-16.125],[35.819,-16.022],[35.919,-14.895],[35.09,-13.699],[34.607,-13.483],[34.378,-12.172],[34.637,-11.574],[35.505,-11.581],[35.847,-11.412],[36.221,-11.708],[36.823,-11.57],[37.382,-11.692],[37.914,-11.265],[38.468,-11.418],[39.259,-11.164],[40.449,-10.474],[40.639,-10.688],[40.359,-11.331],[40.445,-11.651],[40.446,-11.67]]]}},{"type":"Feature","id":"MRT","properties":{"name":"Mauritania","ISO_A3":"MRT"},"geometry":{"type":"Polygon","coordinates":[[[-17.05,20.77],[-16.947,21.334],[-13.001,21.334],[-13.108,22.935],[-12.001,23.452],[-12.001,26.001],[-8.668,26.001],[-8.668,27.316],[-4.834,25.001],[-6.572,25.0],[-5.609,16.5],[-5.333,16.333],[-5.5,15.5],[-9.331,15.502],[-9.331,15.703],[-9.401,15.439],[-10.721,15.442],[-10.899,15.107],[-11.492,15.642],[-11.713,15.531],[-11.798,14.896],[-12.057,14.721],[-12.85,15.202],[-13.479,16.145],[-13.845,16.107],[-14.335,16.643],[-16.245,16.527],[-16.509,16.061],[-16.022,17.979],[-16.184,18.921],[-16.538,19.387],[-16.29,19.524],[-16.467,19.439],[-16.2,20.205],[-16.894,21.135],[-17.033,20.843],[-17.05,20.77]]]}},{"type":"Feature","id":"MUS","properties":{"name":"Mauritius","ISO_A3":"MUS"},"geometry":{"type":"Polygon","coordinates":[[[57.591,-19.99],[57.806,-20.226],[57.722,-20.442],[57.308,-20.462],[57.577,-20.008],[57.591,-19.99]]]}},{"type":"Feature","id":"MWI","properties":{"name":"Malawi","ISO_A3":"MWI"},"geometry":{"type":"Polygon","coordinates":[[[33.242,-13.998],[33.039,-14.053],[32.685,-13.623],[33.012,-13.219],[33.046,-12.624],[33.549,-12.372],[33.257,-12.14],[33.238,-11.412],[33.407,-11.157],[33.246,-10.89],[33.709,-10.567],[32.943,-9.421],[33.918,-9.714],[34.038,-9.493],[34.328,-9.759],[34.54,-10.066],[34.64,-11.119],[34.964,-11.558],[34.637,-11.574],[34.378,-12.172],[34.562,-13.348],[35.09,-13.699],[35.872,-14.676],[35.819,-16.022],[35.314,-16.207],[35.143,-16.562],[35.309,-17.124],[35.097,-17.13],[35.157,-16.84],[34.42,-16.25],[34.251,-15.878],[34.603,-15.266],[34.515,-14.554],[34.356,-14.387],[33.679,-14.616],[33.269,-14.028],[33.242,-13.998]]]}},{"type":"Feature","id":"MYS","properties":{"name":"Malaysia","ISO_A3":"MYS"},"geometry":{"type":"MultiPolygon","coordinates":[[[[102.373,6.13],[103.108,5.396],[103.439,4.781],[103.434,2.918],[103.817,2.578],[104.283,1.37],[104.094,1.37],[103.941,1.65],[103.99,1.434],[103.498,1.273],[103.36,1.538],[101.292,2.838],[101.293,3.256],[100.558,4.313],[100.629,4.833],[100.361,5.088],[100.177,6.695],[100.813,6.442],[100.854,6.232],[101.113,6.251],[100.985,5.81],[101.136,5.613],[101.581,5.934],[101.827,5.735],[102.093,6.237],[102.346,6.167],[102.373,6.13]]],[[[111.544,2.769],[111.856,2.685],[111.808,2.233],[111.404,2.51],[111.518,2.754],[111.544,2.769]]],[[[115.032,4.77],[115.09,4.388],[115.356,4.323],[115.157,4.913],[115.375,4.904],[115.589,5.196],[115.365,5.386],[115.594,5.63],[115.873,5.584],[116.754,7.035],[116.765,6.575],[117.152,7.013],[117.291,6.615],[117.742,6.426],[117.489,5.866],[117.983,6.067],[118.131,5.857],[117.952,5.679],[118.353,5.827],[118.551,5.526],[118.632,5.644],[118.887,5.38],[119.209,5.425],[119.267,5.21],[118.125,4.879],[118.618,4.48],[118.548,4.35],[117.979,4.223],[117.651,4.434],[117.53,4.163],[117.248,4.374],[115.877,4.392],[115.566,3.92],[115.563,3.163],[115.09,2.822],[115.243,2.499],[114.741,2.191],[114.883,1.914],[114.585,1.445],[113.975,1.45],[113.627,1.221],[112.976,1.41],[112.99,1.579],[112.5,1.583],[111.819,0.985],[111.232,1.087],[110.575,0.854],[109.837,1.423],[109.553,1.96],[109.648,2.08],[109.922,1.686],[110.326,1.713],[110.734,1.542],[110.649,1.424],[110.804,1.578],[111.391,1.294],[110.995,1.567],[111.144,1.676],[111.468,1.452],[111.086,1.76],[111.207,2.09],[111.82,2.242],[111.859,2.686],[111.68,2.835],[113.03,3.179],[113.933,4.263],[113.974,4.598],[114.703,4.03],[114.88,4.371],[114.783,4.73],[115.042,4.791],[115.032,4.77]]]]}},{"type":"Feature","id":"NAM","properties":{"name":"Namibia","ISO_A3":"NAM"},"geometry":{"type":"Polygon","coordinates":[[[15.572,-27.777],[14.956,-26.317],[14.873,-25.073],[14.452,-24.042],[14.509,-22.554],[13.415,-20.876],[12.568,-19.088],[12.028,-18.493],[11.751,-17.252],[12.564,-17.243],[13.17,-16.964],[13.955,-17.433],[18.422,-17.39],[18.904,-17.82],[20.801,-18.037],[24.25,-17.474],[24.973,-17.554],[25.262,-17.79],[24.578,-18.066],[24.2,-18.018],[23.602,-18.499],[23.297,-18.001],[20.999,-18.317],[20.999,-22.0],[19.999,-22.0],[19.999,-28.428],[19.569,-28.528],[19.156,-28.963],[18.187,-28.918],[17.409,-28.714],[17.381,-28.296],[17.077,-28.034],[16.432,-28.623],[15.591,-27.802],[15.572,-27.777]]]}},{"type":"Feature","id":"NCL","properties":{"name":"New Caledonia","ISO_A3":"NCL"},"geometry":{"type":"Polygon","coordinates":[[[166.171,-22.08],[164.952,-21.357],[164.037,-20.3],[164.032,-20.079],[166.934,-22.085],[166.925,-22.395],[166.148,-22.076],[166.171,-22.08]]]}},{"type":"Feature","id":"NER","properties":{"name":"Niger","ISO_A3":"NER"},"geometry":{"type":"Polygon","coordinates":[[[4.267,19.146],[5.813,19.443],[7.459,20.843],[11.998,23.515],[13.526,23.156],[14.19,22.645],[15.0,23.0],[15.426,20.797],[16.0,20.363],[15.758,19.948],[15.594,18.794],[15.532,16.701],[14.389,15.736],[13.696,14.556],[13.471,14.46],[13.633,13.708],[12.872,13.501],[12.469,13.067],[11.459,13.381],[10.656,13.361],[10.011,13.182],[9.659,12.808],[8.978,12.834],[7.845,13.341],[6.942,13.004],[6.277,13.677],[5.53,13.886],[4.874,13.781],[4.142,13.478],[4.103,12.988],[3.653,12.523],[3.61,11.694],[2.839,12.407],[2.382,12.251],[2.404,11.9],[2.068,12.348],[2.278,12.425],[2.163,12.69],[1.869,12.605],[0.992,13.103],[0.992,13.375],[1.284,13.356],[0.613,13.701],[0.162,14.534],[0.178,14.847],[0.245,14.994],[0.968,14.982],[1.311,15.278],[3.493,15.358],[3.879,15.706],[4.2,16.395],[4.267,18.788],[4.267,19.146]]]}},{"type":"Feature","id":"NGA","properties":{"name":"Nigeria","ISO_A3":"NGA"},"geometry":{"type":"Polygon","coordinates":[[[8.346,4.848],[8.117,5.011],[8.276,4.533],[7.424,4.434],[7.093,4.69],[7.074,4.461],[6.916,4.779],[6.989,4.373],[6.74,4.824],[6.87,4.358],[6.714,4.36],[6.719,4.578],[6.704,4.34],[6.604,4.462],[6.249,4.289],[6.265,4.429],[6.085,4.27],[5.684,4.533],[5.363,5.156],[5.322,5.364],[5.663,5.539],[5.328,5.715],[5.45,5.999],[5.047,5.776],[4.438,6.345],[3.408,6.419],[3.817,6.621],[3.465,6.601],[3.398,6.395],[2.707,6.375],[2.779,9.033],[3.092,9.112],[3.337,9.81],[3.598,9.956],[3.601,10.413],[3.838,10.575],[3.725,11.124],[3.501,11.297],[3.681,11.755],[3.653,12.523],[4.103,12.988],[4.142,13.478],[5.53,13.886],[6.428,13.6],[6.942,13.004],[7.845,13.341],[8.978,12.834],[9.659,12.808],[10.011,13.182],[10.656,13.361],[11.459,13.381],[12.469,13.067],[12.872,13.501],[13.633,13.708],[14.083,13.083],[14.179,12.417],[14.678,12.164],[14.613,11.516],[14.196,11.245],[13.987,11.31],[13.735,11.006],[13.5,10.207],[13.249,10.036],[13.231,9.58],[12.881,9.391],[12.782,8.743],[12.26,8.442],[11.88,7.098],[11.621,6.976],[11.52,6.614],[11.097,6.52],[10.581,7.157],[10.494,6.872],[10.15,7.038],[8.86,5.845],[8.797,5.136],[8.509,4.694],[8.353,4.854],[8.346,4.848]]]}},{"type":"Feature","id":"NIC","properties":{"name":"Nicaragua","ISO_A3":"NIC"},"geometry":{"type":"Polygon","coordinates":[[[-83.698,10.941],[-83.67,10.798],[-83.931,10.708],[-84.681,11.085],[-84.911,10.945],[-85.61,11.22],[-85.758,11.099],[-87.688,12.925],[-86.955,13.039],[-86.909,13.269],[-86.704,13.314],[-86.723,13.787],[-86.334,13.769],[-86.012,14.08],[-85.739,13.842],[-85.186,14.249],[-84.897,14.816],[-84.473,14.616],[-83.141,14.997],[-83.416,14.836],[-83.2,14.326],[-83.534,13.981],[-83.527,13.56],[-83.617,13.674],[-83.486,12.458],[-83.642,12.374],[-83.605,12.821],[-83.778,12.529],[-83.618,12.352],[-83.84,11.882],[-83.648,11.597],[-83.875,11.339],[-83.715,10.945],[-83.698,10.941]]]}},{"type":"Feature","id":"NLD","properties":{"name":"Netherlands","ISO_A3":"NLD"},"geometry":{"type":"Polygon","coordinates":[[[4.079,51.614],[3.683,51.685],[3.96,51.845],[4.847,51.724],[4.093,51.985],[4.493,52.328],[4.73,52.962],[5.287,52.736],[5.017,52.625],[4.98,52.374],[5.131,52.338],[5.651,52.617],[5.669,52.843],[5.356,52.888],[5.483,53.241],[6.881,53.442],[7.208,53.245],[7.213,53.011],[7.042,52.633],[6.681,52.553],[6.994,52.465],[7.066,52.241],[6.696,52.07],[6.722,51.896],[5.945,51.824],[6.224,51.475],[6.175,51.158],[5.887,51.052],[6.082,50.922],[6.021,50.754],[5.639,50.846],[5.824,51.168],[5.226,51.268],[5.033,51.487],[4.104,51.398],[4.006,51.501],[4.215,51.491],[4.027,51.598],[4.079,51.614]]]}},{"type":"Feature","id":"NOR","properties":{"name":"Norway","ISO_A3":"NOR"},"geometry":{"type":"MultiPolygon","coordinates":[[[[15.005,68.301],[15.204,68.572],[15.513,68.62],[15.646,68.963],[16.009,68.779],[15.776,68.552],[16.252,68.737],[16.086,68.822],[16.273,68.913],[16.589,68.644],[14.98,68.274],[15.005,68.301]]],[[[11.036,59.14],[10.588,59.437],[10.583,59.762],[10.785,59.86],[10.639,59.906],[10.477,59.82],[10.576,59.545],[10.244,59.731],[10.525,59.321],[10.207,59.023],[9.559,59.116],[9.751,59.001],[8.215,58.114],[7.046,57.981],[6.825,58.09],[7.017,58.143],[6.553,58.118],[6.808,58.254],[5.693,58.537],[5.493,58.754],[5.685,58.928],[5.581,59.037],[6.247,58.843],[6.132,58.948],[6.691,59.058],[6.072,58.904],[5.889,59.083],[6.433,59.325],[6.045,59.377],[6.624,59.563],[6.27,59.518],[6.306,59.638],[5.946,59.358],[6.192,59.484],[5.844,59.537],[5.891,59.35],[5.6,59.414],[5.518,59.269],[5.349,59.272],[5.246,59.554],[6.214,59.804],[5.68,59.839],[6.28,60.123],[6.083,60.192],[6.353,60.371],[6.668,60.408],[6.539,60.111],[6.687,60.387],[7.082,60.486],[6.15,60.366],[5.779,59.982],[5.579,60.152],[5.768,60.39],[5.399,60.135],[5.171,60.374],[5.845,60.621],[5.682,60.743],[5.231,60.565],[4.962,60.811],[5.383,60.685],[5.295,60.796],[5.574,60.877],[5.095,60.832],[5.041,61.058],[6.337,61.001],[6.632,61.174],[7.006,61.068],[6.823,60.855],[7.051,60.983],[7.146,60.859],[7.038,61.1],[7.717,61.22],[7.313,61.301],[7.727,61.492],[7.294,61.385],[7.325,61.156],[6.597,61.207],[6.761,61.415],[6.476,61.116],[5.23,61.105],[4.949,61.261],[5.389,61.373],[4.977,61.42],[5.814,61.49],[5.009,61.578],[5.285,61.625],[4.973,61.669],[5.222,61.887],[6.763,61.879],[5.18,61.896],[5.356,62.023],[5.099,62.197],[6.249,62.067],[5.988,62.271],[6.347,62.373],[6.606,62.15],[6.402,62.36],[6.747,62.449],[7.008,62.284],[6.869,62.089],[7.074,62.083],[7.034,62.27],[7.401,62.262],[6.81,62.482],[6.115,62.4],[6.701,62.5],[6.254,62.583],[7.086,62.651],[7.541,62.501],[7.75,62.567],[7.397,62.627],[8.144,62.701],[6.982,62.724],[7.199,62.832],[7.001,62.954],[8.038,62.964],[8.526,62.672],[7.889,63.027],[8.11,63.105],[8.633,62.829],[8.422,62.949],[8.648,62.972],[8.158,63.124],[8.938,63.197],[8.49,63.277],[8.658,63.41],[9.084,63.441],[9.097,63.286],[9.486,63.464],[9.172,63.493],[9.746,63.642],[9.978,63.442],[9.821,63.321],[10.894,63.451],[10.753,63.51],[10.9,63.609],[10.632,63.545],[11.423,63.77],[11.362,63.936],[11.07,63.869],[11.489,64.007],[11.248,64.026],[11.377,64.111],[10.684,63.844],[11.045,63.879],[10.956,63.746],[10.121,63.5],[9.805,63.627],[10.031,63.762],[9.555,63.648],[9.712,63.761],[9.558,63.768],[10.201,63.937],[9.952,63.958],[10.027,64.098],[10.633,64.343],[10.485,64.424],[10.819,64.382],[10.664,64.441],[10.983,64.605],[11.338,64.439],[11.217,64.323],[11.691,64.574],[11.382,64.674],[11.848,64.795],[11.694,64.873],[12.447,64.891],[12.055,64.971],[11.25,64.728],[11.356,64.903],[13.017,65.301],[12.493,65.134],[12.319,65.257],[12.435,65.349],[12.062,65.222],[12.292,65.589],[12.628,65.436],[12.35,65.631],[12.645,65.66],[12.662,65.918],[13.191,65.855],[12.703,66.084],[14.129,66.296],[13.006,66.186],[13.519,66.308],[12.999,66.331],[13.159,66.407],[12.986,66.522],[13.753,66.611],[13.224,66.559],[13.553,66.652],[13.218,66.726],[13.982,66.807],[13.519,66.946],[14.569,67.044],[14.32,67.16],[14.798,67.24],[15.452,67.117],[15.156,67.33],[14.309,67.264],[15.063,67.594],[14.961,67.479],[15.611,67.383],[15.542,67.493],[15.856,67.575],[15.184,67.658],[15.909,67.696],[15.4,67.842],[14.844,67.655],[15.101,67.763],[14.754,67.826],[15.84,67.927],[15.514,68.016],[15.924,68.033],[15.283,68.064],[16.009,68.264],[16.415,67.83],[16.195,68.017],[16.445,67.926],[16.319,68.03],[16.53,67.958],[16.354,68.043],[16.566,68.096],[16.28,68.118],[16.512,68.189],[16.181,68.322],[16.803,68.162],[16.278,68.375],[17.173,68.393],[17.357,68.193],[17.301,68.421],[17.889,68.41],[16.447,68.54],[17.548,68.687],[17.254,68.755],[17.418,68.816],[17.797,68.748],[17.472,68.832],[17.842,68.87],[17.474,68.991],[18.152,69.153],[17.975,69.23],[18.133,69.456],[18.941,69.298],[18.45,69.442],[18.826,69.563],[19.507,69.215],[18.939,69.619],[19.733,69.805],[19.572,69.423],[20.298,69.973],[20.348,69.617],[19.904,69.276],[20.398,69.586],[20.715,69.502],[20.487,69.755],[21.058,69.96],[20.857,69.848],[21.174,69.823],[21.242,70.01],[22.13,69.741],[21.887,69.837],[22.008,70.013],[21.776,70.036],[22.003,70.076],[21.189,70.22],[21.565,70.324],[21.786,70.181],[22.299,70.277],[22.213,70.138],[22.96,70.197],[22.315,70.031],[22.98,70.14],[23.065,69.948],[23.478,69.988],[23.133,70.085],[23.38,70.118],[23.201,70.216],[23.853,70.494],[24.315,70.45],[24.09,70.542],[24.298,70.686],[24.696,70.632],[24.242,70.778],[24.624,70.794],[24.623,70.992],[25.905,70.866],[25.099,70.533],[25.247,70.41],[24.913,70.093],[25.136,70.065],[26.562,70.951],[26.731,70.911],[26.379,70.662],[26.641,70.646],[26.517,70.354],[27.541,70.819],[27.115,70.917],[27.234,71.036],[28.246,71.087],[28.191,70.975],[28.526,70.93],[27.814,70.801],[28.142,70.737],[27.731,70.63],[28.287,70.718],[27.815,70.487],[28.357,70.516],[28.187,70.336],[28.508,70.491],[28.514,70.727],[28.954,70.886],[29.365,70.787],[29.304,70.656],[30.083,70.707],[30.335,70.613],[30.05,70.529],[31.053,70.362],[30.006,70.068],[28.62,70.163],[29.629,69.975],[29.405,69.887],[29.778,69.831],[29.5,69.666],[30.058,69.78],[30.188,69.566],[29.291,69.298],[29.057,69.015],[28.805,69.111],[29.336,69.478],[29.134,69.695],[27.616,70.075],[26.467,69.94],[25.896,69.669],[25.777,69.018],[24.903,68.555],[23.871,68.837],[23.168,68.629],[22.375,68.717],[21.627,69.277],[21.279,69.312],[21.003,69.222],[21.058,69.036],[20.06,69.046],[20.336,68.802],[19.938,68.558],[20.227,68.491],[19.921,68.356],[18.126,68.537],[18.151,68.199],[17.9,67.969],[17.282,68.119],[16.158,67.519],[16.388,67.045],[15.377,66.484],[15.485,66.282],[14.516,66.133],[14.507,65.31],[13.654,64.58],[14.114,64.462],[14.071,64.108],[12.927,64.058],[12.15,63.594],[11.975,63.269],[12.218,63.0],[12.056,62.612],[12.299,62.267],[12.138,61.724],[12.871,61.356],[12.683,61.061],[12.224,61.013],[12.606,60.406],[12.449,60.039],[11.84,59.841],[11.94,59.695],[11.698,59.609],[11.83,59.242],[11.652,58.906],[11.071,59.135],[11.036,59.14]]],[[[16.887,69.2],[17.128,69.236],[16.92,69.39],[17.39,69.363],[17.222,69.504],[17.701,69.587],[18.067,69.488],[17.857,69.229],[18.01,69.192],[17.054,69.006],[16.781,69.1],[17.199,69.199],[16.953,69.198],[16.887,69.2]]]]}},{"type":"Feature","id":"NPL","properties":{"name":"Nepal","ISO_A3":"NPL"},"geometry":{"type":"Polygon","coordinates":[[[81.035,30.197],[81.245,30.011],[81.408,30.421],[82.105,30.35],[82.166,30.076],[83.218,29.606],[83.588,29.175],[84.086,29.295],[84.461,28.751],[84.857,28.571],[85.115,28.687],[85.121,28.336],[85.609,28.257],[85.711,28.386],[86.003,27.911],[86.174,28.169],[86.411,27.907],[86.574,28.113],[87.157,27.825],[88.196,27.854],[87.991,27.131],[88.188,26.771],[88.03,26.365],[87.341,26.347],[87.072,26.586],[86.736,26.424],[86.344,26.617],[85.859,26.57],[85.624,26.874],[85.211,26.758],[84.643,27.046],[84.622,27.337],[84.105,27.521],[83.864,27.346],[83.392,27.478],[83.338,27.333],[82.736,27.502],[82.707,27.712],[81.9,27.854],[80.668,28.642],[80.376,28.629],[80.065,28.838],[80.246,29.447],[80.368,29.751],[80.997,30.186],[81.035,30.197]]]}},{"type":"Feature","id":"NZL","properties":{"name":"New Zealand","ISO_A3":"NZL"},"geometry":{"type":"MultiPolygon","coordinates":[[[[168.078,-46.907],[168.199,-47.097],[167.536,-47.29],[167.718,-46.715],[168.123,-46.904],[168.078,-46.907]]],[[[166.466,-46.012],[166.448,-45.817],[166.961,-45.701],[166.736,-45.728],[166.888,-45.53],[166.671,-45.575],[166.807,-45.311],[167.116,-45.431],[166.975,-45.137],[167.331,-44.844],[167.424,-44.966],[167.359,-44.822],[167.75,-44.581],[167.927,-44.667],[167.816,-44.496],[168.006,-44.369],[168.08,-44.51],[168.006,-44.338],[168.385,-44.004],[168.709,-44.028],[170.861,-42.83],[171.461,-41.749],[172.056,-41.392],[172.11,-40.883],[172.613,-40.526],[173.026,-40.559],[172.665,-40.661],[173.052,-40.854],[173.185,-41.325],[173.972,-40.893],[173.772,-41.274],[174.097,-41.186],[173.889,-41.199],[173.995,-40.969],[174.278,-41.04],[173.938,-41.268],[174.287,-41.226],[174.031,-41.47],[174.275,-41.743],[173.319,-42.884],[172.766,-43.195],[172.793,-43.595],[172.654,-43.636],[172.978,-43.633],[173.102,-43.831],[172.309,-43.869],[171.326,-44.3],[171.145,-44.943],[170.603,-45.706],[170.571,-45.879],[170.741,-45.878],[170.294,-45.964],[169.699,-46.518],[168.327,-46.624],[168.348,-46.445],[168.129,-46.35],[167.775,-46.386],[167.465,-46.149],[166.692,-46.213],[166.85,-45.969],[166.475,-45.995],[166.466,-46.012]]],[[[175.865,-37.18],[175.994,-37.633],[177.133,-38.037],[177.981,-37.538],[178.551,-37.69],[178.294,-38.523],[177.933,-38.738],[178.002,-39.113],[177.871,-39.262],[177.849,-39.062],[177.039,-39.203],[176.876,-39.464],[177.094,-39.648],[176.622,-40.491],[175.964,-41.246],[175.274,-41.613],[175.201,-41.422],[174.867,-41.409],[174.889,-41.232],[174.613,-41.284],[175.13,-40.71],[175.176,-40.132],[173.916,-39.521],[173.751,-39.277],[174.584,-38.815],[174.678,-38.115],[174.901,-38.084],[174.757,-37.863],[174.952,-37.757],[174.535,-37.059],[174.72,-37.187],[174.905,-37.062],[174.772,-36.925],[174.485,-37.049],[174.16,-36.477],[174.44,-36.605],[174.239,-36.384],[174.398,-36.288],[174.024,-36.141],[174.181,-36.337],[174.022,-36.363],[173.364,-35.546],[173.591,-35.345],[173.355,-35.523],[173.055,-35.191],[173.105,-34.927],[172.657,-34.477],[173.031,-34.398],[172.912,-34.523],[173.281,-34.991],[173.409,-34.795],[173.414,-34.974],[173.894,-35.012],[174.122,-35.314],[174.338,-35.184],[174.59,-35.852],[174.333,-35.797],[174.822,-36.278],[174.694,-36.577],[174.841,-36.602],[174.811,-36.825],[174.663,-36.857],[175.542,-37.166],[175.412,-36.471],[175.79,-36.694],[175.687,-36.852],[175.885,-37.181],[175.865,-37.18]]]]}},{"type":"Feature","id":"OMN","properties":{"name":"Oman","ISO_A3":"OMN"},"geometry":{"type":"MultiPolygon","coordinates":[[[[53.252,16.703],[53.109,16.65],[52.746,17.294],[52.0,19.0],[55.0,20.0],[55.667,22.0],[55.208,22.708],[55.219,23.033],[55.573,23.632],[55.495,23.953],[56.018,24.066],[55.753,24.235],[55.851,24.966],[56.046,24.968],[56.113,24.738],[56.377,24.981],[57.174,23.939],[58.752,23.516],[59.291,22.765],[59.799,22.533],[59.81,22.227],[58.527,20.425],[58.201,20.403],[58.192,20.612],[57.824,20.201],[57.678,19.719],[57.833,18.992],[56.79,18.74],[56.354,17.92],[55.424,17.815],[55.041,17.02],[54.045,16.99],[53.269,16.713],[53.252,16.703]]],[[[56.271,25.626],[56.087,26.051],[56.472,26.326],[56.272,25.673],[56.271,25.626]]]]}},{"type":"Feature","id":"PAK","properties":{"name":"Pakistan","ISO_A3":"PAK"},"geometry":{"type":"Polygon","coordinates":[[[68.511,23.971],[68.196,23.895],[68.191,24.218],[68.027,24.012],[67.666,24.161],[67.478,24.04],[67.463,24.775],[66.666,24.825],[66.736,25.2],[66.343,25.602],[66.514,25.399],[64.763,25.319],[64.582,25.157],[64.099,25.325],[64.113,25.479],[63.494,25.206],[62.548,25.269],[61.726,25.029],[61.677,25.645],[61.889,25.882],[61.889,26.252],[62.215,26.268],[62.44,26.565],[63.195,26.646],[63.332,27.121],[62.777,27.258],[62.793,28.279],[61.91,28.564],[60.873,29.858],[62.469,29.389],[64.128,29.378],[66.25,29.85],[66.392,30.941],[66.729,31.201],[67.773,31.322],[67.571,31.525],[68.171,31.835],[68.576,31.834],[68.908,31.597],[69.324,31.926],[69.24,32.464],[69.5,33.021],[70.328,33.343],[69.905,34.04],[71.083,34.063],[71.173,34.365],[71.011,34.534],[71.681,35.209],[71.553,35.723],[71.197,36.041],[71.637,36.477],[71.807,36.399],[72.653,36.852],[74.048,36.826],[74.695,37.091],[75.4,36.955],[75.452,36.724],[75.911,36.629],[75.957,36.046],[76.165,35.823],[76.583,35.92],[76.993,34.943],[75.785,34.514],[74.448,34.782],[73.932,34.641],[73.751,34.369],[73.991,34.271],[73.896,34.06],[74.282,33.935],[73.961,33.723],[74.192,33.479],[74.017,33.205],[74.485,32.765],[74.705,32.842],[74.685,32.499],[75.027,32.498],[75.373,32.228],[74.571,31.837],[74.51,31.132],[74.696,31.074],[73.935,30.49],[73.973,30.198],[73.397,29.946],[72.946,29.028],[72.355,28.733],[71.898,27.961],[70.872,27.706],[70.372,28.012],[69.587,27.183],[69.51,26.744],[70.174,26.551],[70.1,25.938],[70.269,25.714],[70.66,25.702],[71.12,24.402],[70.714,24.216],[70.573,24.422],[70.025,24.171],[68.808,24.313],[68.753,23.971],[68.544,23.971],[68.511,23.971]]]}},{"type":"Feature","id":"PAN","properties":{"name":"Panama","ISO_A3":"PAN"},"geometry":{"type":"MultiPolygon","coordinates":[[[[-82.904,8.04],[-83.053,8.334],[-82.712,8.922],[-82.936,9.078],[-82.86,9.617],[-82.351,9.416],[-82.246,9.001],[-81.785,8.945],[-81.881,9.184],[-81.35,8.783],[-80.002,9.318],[-80.076,9.042],[-79.881,9.162],[-79.563,8.905],[-79.749,8.838],[-79.765,8.59],[-80.472,8.224],[-79.993,7.513],[-80.438,7.24],[-80.887,7.205],[-81.066,7.875],[-81.222,7.884],[-81.227,7.607],[-81.532,7.716],[-81.756,8.191],[-82.197,8.202],[-82.208,8.345],[-82.842,8.29],[-82.875,8.03],[-82.904,8.04]]],[[[-77.371,8.677],[-77.446,8.481],[-77.159,7.932],[-77.569,7.508],[-77.729,7.696],[-77.883,7.218],[-78.445,8.076],[-78.147,8.418],[-77.848,8.189],[-78.127,8.54],[-78.249,8.384],[-78.221,8.532],[-78.416,8.544],[-78.424,8.361],[-78.932,8.936],[-79.563,8.945],[-79.821,9.335],[-80.004,9.327],[-79.62,9.617],[-78.043,9.244],[-77.388,8.672],[-77.371,8.677]]]]}},{"type":"Feature","id":"PER","properties":{"name":"Peru","ISO_A3":"PER"},"geometry":{"type":"Polygon","coordinates":[[[-80.221,-3.438],[-80.127,-3.895],[-80.447,-3.997],[-80.45,-4.443],[-80.097,-4.294],[-79.645,-4.434],[-79.262,-4.968],[-79.014,-5.014],[-78.66,-4.586],[-78.341,-3.382],[-78.17,-3.491],[-77.844,-2.999],[-76.634,-2.59],[-75.556,-1.549],[-75.387,-0.932],[-75.199,-0.96],[-75.231,-0.55],[-75.61,-0.114],[-75.179,-0.039],[-74.422,-0.5],[-74.274,-0.977],[-73.62,-1.263],[-73.538,-1.701],[-73.148,-1.804],[-73.165,-2.238],[-72.929,-2.456],[-72.142,-2.465],[-71.725,-2.142],[-71.389,-2.408],[-70.873,-2.226],[-70.087,-2.648],[-70.713,-3.793],[-70.28,-3.825],[-69.981,-4.304],[-70.755,-4.156],[-70.946,-4.374],[-71.917,-4.528],[-72.869,-5.146],[-73.25,-6.123],[-73.133,-6.498],[-73.711,-6.84],[-73.696,-7.311],[-73.958,-7.353],[-73.983,-7.536],[-72.941,-8.989],[-73.205,-9.411],[-72.367,-9.49],[-72.177,-10.0],[-71.222,-9.97],[-70.493,-9.425],[-70.618,-11.0],[-69.568,-10.944],[-68.652,-12.498],[-69.067,-13.688],[-68.829,-14.22],[-69.356,-14.812],[-69.132,-15.23],[-69.412,-15.622],[-69.244,-16.141],[-68.813,-16.345],[-69.603,-17.22],[-69.468,-17.498],[-69.797,-17.647],[-69.816,-18.116],[-70.378,-18.352],[-71.375,-17.708],[-71.533,-17.255],[-75.141,-15.407],[-76.29,-14.161],[-76.398,-13.891],[-76.251,-13.854],[-76.207,-13.387],[-77.152,-12.062],[-77.209,-11.649],[-77.648,-11.304],[-77.663,-10.953],[-78.983,-8.216],[-79.981,-6.757],[-81.15,-5.981],[-80.85,-5.664],[-81.192,-5.218],[-81.061,-5.05],[-81.328,-4.683],[-81.253,-4.274],[-80.235,-3.427],[-80.221,-3.438]]]}},{"type":"Feature","id":"PHL","properties":{"name":"Philippines","ISO_A3":"PHL"},"geometry":{"type":"MultiPolygon","coordinates":[[[[119.574,10.682],[119.7,10.494],[119.195,10.047],[118.758,9.931],[118.49,9.295],[117.206,8.332],[117.345,8.724],[119.257,10.485],[119.221,10.945],[119.455,10.72],[119.305,10.999],[119.469,11.401],[119.595,10.711],[119.574,10.682]]],[[[121.13,12.292],[120.651,13.191],[120.299,13.445],[120.966,13.527],[121.55,13.122],[121.442,12.355],[121.127,12.304],[121.13,12.292]]],[[[121.631,14.687],[121.73,14.177],[122.036,13.948],[122.231,13.895],[122.248,14.236],[122.312,14.092],[122.419,14.31],[122.688,14.344],[123.044,14.097],[123.125,13.728],[123.315,13.789],[123.356,14.086],[123.942,13.794],[123.53,13.577],[123.867,13.238],[123.756,13.065],[124.199,13.019],[123.975,12.556],[123.836,12.825],[124.042,12.965],[123.744,12.846],[123.32,13.007],[123.201,13.419],[122.567,13.938],[122.414,13.959],[122.677,13.38],[122.598,13.164],[121.821,13.943],[121.285,13.597],[120.892,13.688],[120.881,13.901],[120.651,13.775],[120.585,14.195],[120.986,14.493],[120.948,14.693],[120.651,14.964],[120.471,14.418],[120.267,14.847],[120.09,14.781],[119.753,16.17],[119.9,16.393],[120.145,16.039],[120.424,16.166],[120.344,17.564],[120.562,18.492],[121.133,18.629],[121.625,18.344],[121.812,16.838],[121.633,18.356],[121.933,18.267],[122.24,18.512],[122.163,17.612],[122.522,17.094],[122.204,16.237],[121.555,15.899],[121.642,15.72],[121.374,15.313],[121.642,14.671],[121.631,14.687]]],[[[122.475,11.554],[122.827,11.611],[122.873,11.421],[123.142,11.592],[123.121,11.165],[121.96,10.414],[122.1,11.705],[121.843,11.764],[121.885,11.895],[122.376,11.738],[122.449,11.546],[122.475,11.554]]],[[[123.13,9.657],[123.312,9.3],[123.015,9.039],[122.382,9.844],[122.866,10.094],[122.795,10.522],[123.195,11.003],[123.569,10.794],[123.149,9.654],[123.13,9.657]]],[[[123.665,10.091],[123.337,9.415],[123.368,9.984],[124.055,11.281],[124.021,10.383],[123.682,10.086],[123.665,10.091]]],[[[123.748,11.984],[123.498,12.218],[123.159,11.907],[123.245,12.6],[123.895,12.209],[124.069,11.721],[123.732,11.981],[123.748,11.984]]],[[[126.578,7.553],[126.35,6.802],[126.168,6.887],[126.191,6.277],[125.849,7.362],[125.49,6.987],[125.373,6.622],[125.713,6.109],[125.376,5.559],[125.175,5.798],[125.271,6.084],[124.957,5.856],[124.185,6.211],[123.957,6.911],[124.26,7.377],[123.692,7.813],[123.426,7.817],[123.406,7.358],[123.116,7.514],[123.118,7.723],[122.825,7.445],[122.837,7.73],[122.636,7.779],[122.159,6.916],[121.923,6.989],[122.222,7.954],[122.921,8.152],[123.026,8.483],[123.303,8.523],[123.381,8.723],[123.838,8.426],[123.674,7.953],[124.232,8.22],[124.385,8.593],[124.738,8.491],[124.798,8.994],[125.087,8.828],[125.192,9.086],[125.519,9.01],[125.436,9.823],[126.054,9.233],[126.204,9.308],[126.335,8.841],[126.088,8.606],[126.388,8.513],[126.361,7.882],[126.573,7.57],[126.578,7.553]]],[[[123.851,9.646],[123.79,9.865],[124.159,10.154],[124.514,10.071],[124.569,9.732],[123.872,9.627],[123.851,9.646]]],[[[125.018,11.132],[125.268,10.3],[125.118,10.171],[124.969,10.374],[125.019,10.029],[124.757,10.159],[124.679,10.942],[124.376,10.923],[124.318,11.563],[124.595,11.304],[124.971,11.416],[125.009,11.165],[125.018,11.132]]],[[[125.518,11.115],[124.98,11.297],[124.831,11.523],[125.044,11.749],[124.39,12.196],[124.262,12.545],[125.29,12.47],[125.516,12.19],[125.537,11.202],[125.838,10.945],[125.52,11.135],[125.518,11.115]]]]}},{"type":"Feature","id":"PNG","properties":{"name":"Papua New Guinea","ISO_A3":"PNG"},"geometry":{"type":"MultiPolygon","coordinates":[[[[144.146,-3.833],[144.538,-3.822],[144.381,-3.979],[143.358,-4.285],[143.022,-4.058],[142.82,-4.267],[141.965,-4.312],[141.692,-3.955],[141.267,-3.94],[141.001,-4.147],[141.002,-2.605],[143.502,-3.437],[144.125,-3.822],[144.146,-3.833]]],[[[143.422,-4.431],[143.468,-4.196],[144.029,-4.146],[144.494,-3.817],[144.684,-4.047],[144.638,-4.33],[144.741,-4.052],[145.805,-4.848],[145.758,-5.476],[147.573,-6.057],[147.853,-6.432],[147.81,-6.692],[146.493,-6.626],[146.958,-6.731],[147.181,-7.466],[148.115,-8.062],[148.59,-9.073],[149.305,-9.022],[149.228,-9.49],[150.057,-9.684],[149.713,-9.809],[149.86,-10.019],[150.865,-10.233],[150.343,-10.34],[150.695,-10.562],[150.402,-10.685],[149.875,-10.553],[150.114,-10.451],[149.752,-10.346],[148.4,-10.207],[148.228,-10.021],[147.732,-10.089],[146.9,-9.269],[146.973,-9.061],[146.593,-8.998],[146.072,-8.095],[144.941,-7.8],[144.742,-7.32],[144.689,-7.469],[144.262,-7.353],[144.144,-7.801],[143.689,-7.374],[143.922,-7.987],[143.315,-7.875],[143.659,-8.235],[142.496,-8.328],[142.353,-8.148],[142.038,-8.189],[141.91,-7.958],[142.056,-8.205],[143.118,-8.462],[143.401,-8.754],[143.373,-9.008],[142.64,-9.332],[142.04,-8.865],[142.045,-9.168],[141.119,-9.226],[141.022,-6.892],[140.847,-6.721],[141.002,-6.324],[141.001,-4.149],[141.28,-3.94],[141.713,-3.964],[142.003,-4.33],[142.833,-4.271],[143.026,-4.063],[143.435,-4.262],[143.406,-4.434],[143.422,-4.431]]],[[[147.293,-2.038],[147.189,-2.206],[146.554,-2.253],[146.636,-1.971],[147.265,-2.018],[147.293,-2.038]]],[[[150.851,-6.026],[150.4,-6.269],[149.608,-6.291],[148.359,-5.743],[148.415,-5.443],[149.859,-5.521],[150.094,-4.998],[150.149,-5.55],[150.892,-5.494],[151.233,-5.006],[151.686,-4.865],[151.494,-4.208],[151.93,-4.34],[152.166,-4.133],[152.162,-4.298],[152.404,-4.336],[152.334,-4.833],[151.952,-4.991],[152.123,-5.391],[151.81,-5.587],[151.471,-5.521],[151.375,-5.808],[150.881,-6.014],[150.851,-6.026]]],[[[150.863,-2.608],[152.038,-3.24],[152.927,-3.976],[153.119,-4.367],[152.873,-4.845],[152.336,-3.635],[150.718,-2.75],[150.849,-2.608],[150.863,-2.608]]],[[[154.967,-6.138],[154.735,-5.92],[154.674,-5.434],[155.044,-5.534],[155.92,-6.507],[155.934,-6.78],[155.341,-6.729],[154.959,-6.145],[154.967,-6.138]]]]}},{"type":"Feature","id":"POL","properties":{"name":"Poland","ISO_A3":"POL"},"geometry":{"type":"Polygon","coordinates":[[[19.639,54.458],[19.247,54.343],[19.397,54.263],[19.804,54.442],[22.888,54.409],[23.486,54.153],[23.939,52.713],[23.178,52.283],[23.654,52.073],[23.636,51.32],[24.136,50.867],[23.958,50.796],[24.035,50.445],[23.279,50.1],[22.641,49.53],[22.891,49.007],[21.631,49.447],[20.926,49.296],[20.325,49.403],[20.088,49.18],[19.795,49.199],[19.791,49.411],[19.467,49.614],[18.971,49.402],[18.575,49.919],[17.778,50.02],[17.593,50.16],[17.721,50.319],[16.908,50.449],[17.028,50.23],[16.706,50.097],[16.221,50.407],[16.445,50.58],[16.343,50.662],[15.374,50.778],[15.172,51.02],[14.823,50.871],[15.033,51.294],[14.591,51.82],[14.758,52.067],[14.535,52.398],[14.639,52.569],[14.124,52.845],[14.45,53.259],[14.297,53.744],[14.626,53.532],[14.555,53.352],[14.71,53.45],[14.557,53.757],[14.804,54.03],[17.922,54.827],[18.784,54.653],[18.394,54.73],[18.725,54.377],[19.562,54.423],[19.639,54.458]]]}},{"type":"Feature","id":"PRK","properties":{"name":"Korea, North","ISO_A3":"PRK"},"geometry":{"type":"Polygon","coordinates":[[[128.363,38.635],[128.074,38.331],[127.122,38.33],[126.583,37.77],[126.089,37.754],[125.602,38.031],[125.613,37.762],[125.334,37.701],[125.482,37.88],[124.979,37.935],[125.246,38.08],[124.665,38.122],[125.107,38.666],[125.636,38.662],[125.536,38.829],[125.602,38.658],[125.131,38.768],[125.438,39.59],[125.109,39.522],[124.758,39.749],[124.616,39.615],[124.31,39.913],[124.402,40.132],[126.021,40.899],[126.697,41.75],[126.947,41.802],[127.341,41.462],[128.202,41.409],[128.311,41.588],[128.031,41.995],[128.908,42.009],[129.36,42.456],[129.697,42.426],[129.913,43.008],[130.261,42.903],[130.686,42.286],[130.4,42.335],[129.762,41.762],[129.715,40.834],[129.225,40.705],[128.326,40.03],[127.618,39.832],[127.566,39.305],[127.372,39.381],[127.446,39.159],[128.346,38.686],[128.363,38.635]]]}},{"type":"Feature","id":"PRT","properties":{"name":"Portugal","ISO_A3":"PRT"},"geometry":{"type":"Polygon","coordinates":[[[-8.899,38.518],[-9.22,38.412],[-9.243,38.674],[-9.014,38.675],[-9.004,38.932],[-9.126,38.709],[-9.487,38.709],[-9.397,39.371],[-9.078,39.587],[-8.641,40.655],[-8.877,41.84],[-8.207,42.141],[-8.165,41.818],[-6.585,41.966],[-6.548,41.686],[-6.189,41.575],[-6.931,41.029],[-6.781,40.364],[-7.011,40.223],[-6.873,39.999],[-7.016,39.67],[-7.531,39.667],[-6.959,39.054],[-7.315,38.514],[-6.935,38.201],[-7.523,37.555],[-7.402,37.168],[-7.888,36.982],[-8.994,37.026],[-8.786,37.534],[-8.901,38.477],[-8.659,38.409],[-8.878,38.518],[-8.899,38.518]]]}},{"type":"Feature","id":"PRY","properties":{"name":"Paraguay","ISO_A3":"PRY"},"geometry":{"type":"Polygon","coordinates":[[[-54.594,-25.592],[-54.788,-26.633],[-55.552,-27.098],[-55.739,-27.445],[-56.097,-27.311],[-56.393,-27.607],[-56.607,-27.432],[-58.607,-27.299],[-58.652,-27.129],[-58.192,-26.639],[-58.117,-26.152],[-57.575,-25.563],[-57.753,-25.182],[-59.12,-24.621],[-60.039,-24.012],[-60.992,-23.808],[-62.64,-22.236],[-62.266,-20.563],[-61.735,-19.634],[-59.069,-19.288],[-58.164,-19.827],[-58.161,-20.261],[-57.818,-20.979],[-57.974,-22.091],[-56.844,-22.301],[-56.419,-22.08],[-55.843,-22.287],[-55.614,-22.655],[-55.42,-23.957],[-54.669,-23.817],[-54.322,-24.005],[-54.259,-24.365],[-54.595,-25.536],[-54.594,-25.592]]]}},{"type":"Feature","id":"QAT","properties":{"name":"Qatar","ISO_A3":"QAT"},"geometry":{"type":"Polygon","coordinates":[[[50.94,25.613],[51.205,26.147],[51.599,25.914],[51.479,25.516],[51.656,25.03],[51.372,24.581],[51.227,24.64],[51.365,24.521],[51.0,24.5],[50.812,24.745],[50.759,25.504],[50.92,25.597],[50.94,25.613]]]}},{"type":"Feature","id":"QX2","properties":{"name":"Bir Tawil","ISO_A3":"QX2"},"geometry":{"type":"Polygon","coordinates":[[[33.172,22.0],[34.081,22.0],[34.003,21.77],[33.348,21.874],[33.172,22.0]]]}},{"type":"Feature","id":"REU","properties":{"name":"Reunion","ISO_A3":"REU"},"geometry":{"type":"Polygon","coordinates":[[[55.453,-20.872],[55.836,-21.161],[55.671,-21.384],[55.293,-21.23],[55.216,-21.038],[55.422,-20.874],[55.453,-20.872]]]}},{"type":"Feature","id":"ROU","properties":{"name":"Romania","ISO_A3":"ROU"},"geometry":{"type":"MultiPolygon","coordinates":[[[[27.1,44.137],[26.148,43.985],[25.396,43.619],[23.057,43.797],[22.837,43.883],[23.04,44.08],[22.468,44.441],[22.71,44.601],[22.418,44.707],[22.125,44.477],[21.391,44.784],[21.56,44.889],[21.36,45.02],[21.516,45.17],[20.771,45.48],[20.823,45.775],[20.264,46.126],[21.17,46.298],[22.024,47.52],[23.177,48.12],[24.583,47.965],[24.883,47.724],[26.188,47.996],[26.63,48.26],[27.017,48.137],[28.081,46.991],[28.258,46.426],[28.089,46.058],[28.207,45.469],[27.996,45.313],[28.195,45.136],[28.068,44.789],[27.857,44.73],[27.928,44.43],[27.129,44.143],[27.1,44.137]]],[[[28.579,43.739],[27.276,44.103],[28.114,44.433],[27.873,44.731],[28.144,44.889],[28.043,45.41],[29.617,44.875],[28.772,44.586],[28.901,44.573],[28.638,44.327],[28.575,43.754],[28.579,43.739]]]]}},{"type":"Feature","id":"RUS","properties":{"name":"Russia","ISO_A3":"RUS"},"geometry":{"type":"MultiPolygon","coordinates":[[[[142.049,47.05],[141.962,47.619],[142.201,47.987],[142.12,48.479],[141.848,48.766],[142.144,49.518],[142.044,50.549],[142.253,51.144],[141.695,51.727],[141.828,51.771],[141.628,51.889],[141.629,52.325],[141.915,53.003],[141.765,53.378],[142.208,53.535],[142.431,53.378],[142.664,53.519],[142.48,53.654],[142.783,53.708],[142.698,53.838],[142.582,53.701],[142.693,53.947],[142.276,54.313],[142.532,54.237],[142.705,54.425],[142.988,54.115],[142.869,53.801],[143.323,52.834],[143.09,52.171],[143.307,51.746],[143.208,51.511],[143.396,51.582],[144.279,49.248],[144.729,48.654],[144.051,49.253],[143.611,49.343],[142.967,49.109],[142.526,47.78],[143.016,47.253],[143.162,46.713],[143.382,46.722],[143.167,46.855],[143.483,46.816],[143.618,46.372],[143.427,46.043],[143.359,46.56],[142.7,46.75],[142.442,46.635],[142.029,45.931],[141.811,46.547],[142.031,47.036],[142.049,47.05]]],[[[-178.942,71.58],[-178.074,71.468],[-177.473,71.164],[-179.454,70.882],[-179.983,70.977],[-180.0,71.532],[-178.989,71.585],[-178.942,71.58]]],[[[20.954,55.281],[20.575,54.935],[21.206,54.919],[21.179,55.197],[21.385,55.294],[22.082,55.024],[22.589,55.07],[22.877,54.834],[22.686,54.591],[22.792,54.363],[19.804,54.442],[20.411,54.682],[19.875,54.647],[19.978,54.961],[20.443,54.952],[20.917,55.246],[20.954,55.281]]],[[[-179.472,68.919],[-178.012,68.418],[-178.046,68.251],[-177.659,68.316],[-177.664,68.152],[-177.327,68.24],[-175.976,67.859],[-176.434,67.676],[-175.479,67.504],[-175.943,67.74],[-175.282,67.668],[-175.172,67.518],[-175.315,67.328],[-174.756,67.309],[-174.911,67.091],[-174.703,66.762],[-174.945,66.659],[-174.439,66.529],[-174.404,66.286],[-173.689,66.426],[-174.221,66.574],[-173.893,66.67],[-174.043,66.98],[-174.478,67.025],[-174.187,67.08],[-174.616,67.06],[-173.644,67.114],[-173.06,67.046],[-173.258,67.044],[-173.286,66.82],[-173.085,66.852],[-173.153,66.977],[-172.383,66.924],[-173.019,67.044],[-171.672,66.941],[-170.407,66.313],[-170.612,66.221],[-169.674,66.132],[-170.533,65.863],[-170.584,65.605],[-171.421,65.834],[-170.981,65.59],[-171.045,65.467],[-172.704,65.685],[-172.126,65.458],[-172.097,65.062],[-173.179,64.754],[-172.909,64.837],[-172.74,64.761],[-173.055,64.66],[-172.829,64.652],[-172.969,64.57],[-172.23,64.404],[-172.957,64.491],[-172.835,64.301],[-173.173,64.249],[-173.372,64.297],[-173.16,64.441],[-173.34,64.593],[-173.3,64.438],[-173.632,64.325],[-174.93,64.866],[-175.416,64.775],[-175.862,64.991],[-175.735,65.134],[-175.916,65.411],[-176.809,65.61],[-178.435,65.468],[-178.425,65.726],[-178.851,65.895],[-178.477,66.135],[-178.47,66.376],[-178.846,66.157],[-179.076,66.366],[-179.379,66.321],[-179.299,66.127],[-179.678,66.168],[-179.748,65.795],[-179.271,65.529],[-180.0,65.04],[-180.0,68.977],[-179.537,68.903],[-179.472,68.919]]],[[[48.674,69.437],[49.266,69.499],[50.052,69.285],[50.307,69.133],[50.158,68.997],[49.053,68.669],[48.339,68.737],[48.236,69.104],[48.561,69.394],[48.674,69.437]]],[[[50.907,80.917],[50.296,80.735],[51.777,80.711],[48.43,80.318],[49.098,80.174],[47.702,80.052],[48.111,80.247],[47.159,80.156],[46.725,80.292],[48.04,80.297],[47.611,80.395],[48.21,80.458],[47.426,80.459],[49.167,80.515],[49.688,80.66],[49.007,80.783],[50.873,80.944],[50.907,80.917]]],[[[55.642,73.312],[56.565,73.136],[55.617,72.943],[56.273,72.947],[56.13,72.784],[55.437,72.751],[55.913,72.657],[55.254,72.432],[55.475,72.431],[55.363,72.286],[55.575,72.176],[55.242,71.923],[55.493,71.899],[56.214,71.184],[57.596,70.721],[56.764,70.67],[57.282,70.545],[56.557,70.737],[56.172,70.68],[56.596,70.58],[56.004,70.562],[54.977,70.766],[55.396,70.684],[55.167,70.55],[54.59,70.765],[53.759,70.778],[53.552,70.857],[53.778,70.932],[53.542,71.075],[54.268,71.095],[53.55,71.197],[53.3,71.426],[53.493,71.542],[52.922,71.382],[52.545,71.737],[52.504,71.538],[51.917,71.457],[51.441,71.779],[51.562,72.061],[52.461,72.055],[52.717,72.474],[53.316,72.561],[52.747,72.63],[53.631,72.639],[52.448,72.727],[53.557,72.871],[53.102,72.952],[53.408,72.993],[53.173,73.093],[53.425,73.231],[54.93,73.424],[55.435,73.311],[55.642,73.312]]],[[[68.802,76.51],[68.081,76.376],[68.419,76.385],[68.307,76.249],[62.331,75.423],[61.822,75.495],[61.949,75.387],[61.464,75.207],[59.944,74.99],[60.629,74.913],[60.155,74.841],[60.244,74.733],[59.418,74.781],[59.764,74.572],[59.084,74.714],[59.216,74.645],[58.977,74.537],[59.108,74.425],[58.248,74.563],[58.663,74.398],[58.533,74.409],[58.679,74.225],[58.145,74.112],[58.154,73.975],[57.381,74.203],[57.541,74.08],[57.267,74.059],[57.865,73.906],[57.724,73.722],[56.679,73.878],[57.62,73.63],[56.608,73.712],[57.24,73.448],[56.712,73.232],[56.127,73.26],[55.836,73.478],[55.959,73.294],[54.917,73.44],[54.218,73.318],[54.071,73.362],[54.487,73.463],[54.234,73.485],[54.376,73.548],[55.439,73.693],[54.242,73.598],[53.676,73.759],[54.865,73.931],[54.606,74.024],[55.175,74.162],[56.33,74.036],[55.11,74.25],[56.169,74.446],[55.577,74.539],[55.82,74.668],[56.906,74.665],[55.827,74.784],[56.546,74.924],[55.836,74.962],[55.799,75.118],[56.58,75.056],[57.057,75.226],[56.714,75.305],[57.028,75.378],[57.905,75.309],[57.562,75.485],[58.385,75.575],[58.03,75.639],[58.885,75.847],[60.449,75.956],[60.045,76.035],[60.525,76.116],[60.782,76.101],[60.467,76.003],[61.095,76.025],[61.211,76.113],[60.905,76.148],[61.153,76.273],[62.577,76.154],[64.849,76.34],[65.484,76.55],[66.047,76.475],[66.233,76.558],[65.822,76.647],[66.021,76.736],[67.572,76.991],[68.816,76.862],[69.049,76.701],[68.819,76.61],[68.946,76.543],[68.802,76.51]]],[[[60.383,69.735],[59.066,69.858],[58.446,70.242],[58.814,70.199],[58.525,70.332],[59.048,70.452],[60.454,69.928],[60.448,69.712],[60.383,69.735]]],[[[61.903,80.865],[62.172,80.762],[62.07,80.599],[61.12,80.369],[59.674,80.388],[59.273,80.479],[59.489,80.697],[61.733,80.867],[61.903,80.865]]],[[[64.668,81.191],[65.292,81.087],[65.128,80.982],[65.369,80.927],[65.171,80.839],[63.053,80.644],[62.546,80.804],[64.08,80.966],[64.535,81.194],[64.668,81.191]]],[[[70.272,73.021],[69.96,73.012],[70.003,73.385],[70.935,73.472],[71.265,73.409],[71.01,73.254],[71.417,73.322],[71.679,73.162],[70.385,73.01],[70.272,73.021]]],[[[92.198,80.049],[93.877,79.91],[91.695,79.646],[91.205,79.74],[92.38,79.756],[91.2,79.838],[91.387,79.914],[91.142,80.063],[92.1,80.054],[92.198,80.049]]],[[[97.612,80.164],[98.073,80.06],[97.74,79.834],[98.432,79.799],[98.712,80.056],[100.093,79.811],[99.894,79.729],[99.809,79.272],[99.143,79.281],[99.987,78.924],[98.403,78.769],[94.934,79.041],[94.277,79.303],[94.388,79.469],[93.085,79.538],[94.71,79.799],[94.366,79.96],[94.946,80.103],[97.361,80.169],[97.612,80.164]]],[[[95.963,81.2],[98.193,80.662],[97.136,80.566],[97.33,80.54],[97.099,80.528],[97.345,80.451],[97.202,80.355],[97.517,80.293],[97.259,80.231],[93.795,79.997],[91.518,80.271],[92.68,80.349],[92.179,80.421],[92.91,80.475],[92.853,80.593],[93.458,80.764],[92.581,80.729],[93.174,80.95],[96.002,81.225],[95.963,81.2]]],[[[30.168,59.886],[29.921,60.147],[28.625,60.354],[28.437,60.547],[28.714,60.439],[28.641,60.675],[27.778,60.492],[30.943,62.306],[31.587,62.909],[29.972,63.757],[30.554,64.102],[30.045,64.402],[30.087,64.774],[29.611,64.927],[29.897,65.105],[29.602,65.26],[29.864,65.56],[29.722,65.637],[30.119,65.752],[29.033,66.926],[30.017,67.674],[29.327,68.075],[28.646,68.196],[28.434,68.54],[28.801,68.869],[28.416,68.915],[30.045,69.43],[30.085,69.658],[30.859,69.537],[30.885,69.791],[31.446,69.688],[31.229,69.574],[31.824,69.652],[31.719,69.798],[32.062,69.782],[31.888,69.905],[32.059,69.943],[33.11,69.729],[32.821,69.568],[32.113,69.742],[32.041,69.572],[32.493,69.507],[32.304,69.42],[33.073,69.452],[32.901,69.286],[33.5,69.4],[33.371,69.276],[33.485,69.169],[33.053,69.066],[32.913,68.842],[33.596,69.301],[35.863,69.184],[40.983,67.695],[41.079,67.253],[41.381,67.105],[41.221,66.83],[40.005,66.256],[38.685,66.066],[34.46,66.541],[33.166,66.822],[32.842,67.076],[31.887,67.131],[33.407,66.584],[32.978,66.519],[33.6,66.473],[33.5,66.39],[33.646,66.336],[33.061,66.261],[34.089,66.23],[35.035,65.75],[34.689,65.767],[34.694,65.428],[34.309,65.365],[34.717,65.193],[34.708,64.96],[34.941,64.861],[34.79,64.727],[35.019,64.74],[34.77,64.525],[35.838,64.318],[36.291,63.981],[37.54,63.798],[38.212,63.855],[37.999,63.951],[38.006,64.294],[37.763,64.441],[37.198,64.371],[36.541,64.719],[36.444,64.926],[36.825,64.966],[36.846,65.152],[38.37,64.844],[38.011,64.756],[38.0,64.599],[38.436,64.808],[40.853,64.434],[40.516,64.533],[40.671,64.678],[39.722,65.338],[39.876,65.627],[41.643,66.16],[42.242,66.516],[43.26,66.413],[43.681,66.238],[43.348,66.048],[43.836,66.193],[44.182,65.867],[44.067,66.234],[44.565,66.646],[44.364,66.762],[44.533,66.903],[43.769,67.237],[44.268,67.901],[44.135,67.908],[44.222,68.267],[43.284,68.665],[45.764,68.48],[46.52,68.132],[46.694,67.808],[45.464,67.739],[44.929,67.432],[46.052,66.828],[47.572,66.888],[47.928,67.429],[47.838,67.582],[49.045,67.641],[48.591,67.913],[49.162,67.85],[50.786,68.362],[52.244,68.578],[52.05,68.478],[52.4,68.326],[52.751,68.47],[52.487,68.574],[52.636,68.636],[52.3,68.6],[53.067,68.809],[52.852,68.686],[53.174,68.592],[53.007,68.699],[53.201,68.673],[53.099,68.811],[53.904,68.963],[54.565,68.983],[53.623,68.897],[53.993,68.837],[53.717,68.617],[53.942,68.406],[53.181,68.216],[54.19,68.287],[53.984,67.984],[54.466,68.29],[54.867,68.147],[54.988,68.413],[55.385,68.547],[56.641,68.619],[57.279,68.461],[57.686,68.732],[57.262,68.719],[58.858,68.974],[59.319,68.965],[58.993,68.914],[59.473,68.692],[59.194,68.663],[59.112,68.419],[59.688,68.312],[59.991,68.449],[59.822,68.65],[61.03,68.878],[60.196,69.553],[60.883,69.856],[64.135,69.532],[64.913,69.31],[64.745,69.167],[65.11,69.264],[67.166,68.819],[68.34,68.177],[69.176,68.909],[68.454,68.987],[68.087,69.252],[68.093,69.536],[67.029,69.693],[66.907,69.476],[66.891,69.959],[67.377,70.097],[67.134,70.19],[67.214,70.366],[67.91,70.322],[67.232,70.517],[67.49,70.71],[67.257,70.82],[66.628,70.855],[67.553,70.966],[66.749,71.103],[66.948,71.278],[67.813,71.358],[67.595,71.429],[68.19,71.623],[68.497,71.571],[68.198,71.623],[69.388,72.938],[71.617,72.892],[72.841,72.696],[72.714,72.692],[72.848,72.256],[71.828,71.456],[72.796,70.873],[72.74,70.398],[72.296,70.314],[72.59,70.131],[72.498,69.983],[72.669,69.824],[72.494,69.643],[72.639,69.499],[72.471,69.407],[72.556,68.946],[73.598,68.433],[73.085,68.213],[73.104,67.726],[72.034,67.288],[72.213,67.143],[71.751,66.905],[71.323,66.946],[71.557,66.866],[71.59,66.635],[70.539,66.518],[69.941,66.858],[69.786,66.767],[70.193,66.536],[69.876,66.468],[69.503,66.726],[68.948,66.784],[69.927,66.391],[71.328,66.467],[71.186,66.375],[72.033,66.179],[72.387,66.329],[72.485,66.597],[73.859,66.991],[73.926,67.295],[74.762,67.707],[74.805,68.015],[74.317,68.36],[74.47,68.697],[74.729,68.776],[76.593,68.966],[76.652,68.745],[77.291,68.492],[77.124,68.275],[77.337,68.226],[77.181,67.987],[77.295,67.888],[77.069,67.805],[77.665,67.607],[77.477,67.315],[77.903,67.56],[79.03,67.549],[77.459,67.768],[77.527,68.119],[78.165,68.246],[77.775,68.521],[77.632,68.897],[76.046,69.24],[74.833,69.075],[73.776,69.17],[73.903,69.409],[73.532,69.739],[73.754,69.959],[73.68,70.114],[74.307,70.57],[73.568,71.21],[73.02,71.421],[73.49,71.79],[75.015,72.183],[75.06,72.47],[74.801,72.827],[75.447,72.749],[75.304,72.693],[75.635,72.544],[75.495,72.493],[75.699,72.247],[75.219,71.854],[75.509,71.525],[75.297,71.333],[76.914,71.167],[76.945,70.962],[76.724,70.891],[77.076,70.67],[76.064,70.557],[77.081,70.669],[76.914,71.062],[77.106,71.173],[78.404,70.89],[79.1,70.982],[78.416,70.906],[78.532,71.051],[77.926,71.234],[77.989,71.371],[77.69,71.265],[76.65,71.468],[75.992,71.888],[76.875,72.054],[77.795,71.812],[78.216,72.0],[77.435,72.064],[77.464,72.208],[78.3,72.349],[79.066,72.06],[78.459,72.349],[79.501,72.348],[80.83,72.074],[81.445,71.736],[83.28,71.706],[83.026,71.408],[82.255,71.25],[82.201,71.001],[82.468,70.592],[82.985,70.999],[83.154,70.746],[82.654,70.172],[83.182,70.05],[83.01,70.315],[83.802,70.441],[83.16,71.241],[83.689,71.618],[83.363,71.839],[82.68,71.884],[82.269,72.111],[82.311,72.316],[80.898,72.425],[80.692,72.708],[80.883,72.939],[80.421,73.152],[80.765,73.206],[80.381,73.288],[80.688,73.428],[80.553,73.553],[87.12,73.858],[85.706,73.403],[86.762,72.973],[85.417,72.842],[85.867,72.333],[85.659,72.285],[85.833,72.3],[85.426,72.83],[85.759,72.977],[86.996,72.925],[89.847,73.21],[86.89,72.936],[85.894,73.342],[85.98,73.503],[87.859,73.815],[87.65,74.027],[85.909,74.331],[86.566,74.478],[87.101,74.298],[87.108,74.442],[86.59,74.517],[86.82,74.56],[85.751,74.649],[86.129,74.834],[86.735,74.611],[87.387,74.947],[87.189,74.979],[87.811,75.005],[86.976,75.127],[88.095,75.096],[89.306,75.512],[94.11,75.913],[92.942,75.898],[93.446,76.116],[96.274,76.095],[95.766,75.829],[96.338,75.995],[96.711,75.97],[96.526,75.866],[97.822,75.977],[97.692,76.071],[98.816,76.256],[99.852,76.027],[99.157,75.581],[99.792,75.353],[99.167,75.534],[99.358,75.771],[99.969,75.813],[99.724,75.83],[99.985,75.957],[99.894,76.091],[98.875,76.479],[100.967,76.513],[102.779,76.313],[101.014,76.518],[101.287,76.727],[100.944,76.862],[102.091,77.34],[104.09,77.717],[105.884,77.545],[106.273,77.346],[104.173,77.081],[107.514,76.923],[106.509,76.5],[107.736,76.502],[108.025,76.735],[111.105,76.754],[112.237,76.444],[111.951,76.2],[111.536,76.171],[112.305,76.44],[112.81,76.316],[112.533,76.226],[112.838,76.05],[113.289,76.253],[113.555,76.015],[113.457,75.937],[113.924,75.844],[113.417,75.537],[113.582,75.653],[112.38,75.837],[112.888,75.713],[112.665,75.704],[112.819,75.544],[113.281,75.661],[113.745,75.473],[112.837,74.961],[109.556,74.314],[109.936,74.317],[109.892,74.195],[108.223,73.67],[106.941,73.631],[107.21,73.536],[106.123,73.272],[105.731,72.887],[103.209,72.415],[102.678,72.072],[103.37,72.407],[104.718,72.513],[106.086,72.941],[108.843,72.57],[106.252,72.958],[106.344,73.184],[107.761,73.153],[109.454,73.412],[109.245,73.554],[110.083,73.488],[110.901,73.764],[109.672,73.674],[109.549,73.818],[109.972,73.998],[111.037,73.905],[111.558,74.048],[111.206,73.967],[111.389,73.827],[112.333,73.703],[112.982,73.772],[112.847,73.996],[113.449,73.638],[113.201,73.445],[113.583,73.316],[113.159,73.252],[113.604,73.119],[113.176,72.841],[113.238,72.731],[114.285,72.5],[113.491,72.341],[113.984,72.029],[113.492,72.332],[114.294,72.516],[113.227,72.809],[113.532,72.917],[113.767,73.321],[114.327,73.303],[113.521,73.508],[115.458,73.711],[118.622,73.562],[118.998,73.471],[118.447,73.428],[118.51,73.179],[121.622,72.775],[123.665,72.067],[121.621,72.789],[119.852,73.014],[124.212,72.717],[125.974,72.336],[127.16,71.81],[127.259,71.24],[127.62,70.811],[127.156,70.623],[127.676,70.798],[127.319,71.238],[127.296,71.73],[127.555,71.831],[126.964,72.054],[126.839,72.413],[127.801,72.323],[128.822,71.748],[129.304,71.893],[129.537,71.727],[128.839,71.646],[129.236,71.602],[129.743,71.064],[129.998,71.072],[129.641,70.799],[130.163,71.073],[131.364,70.737],[131.776,71.118],[132.164,71.084],[131.855,71.166],[132.148,71.213],[131.987,71.257],[132.189,71.562],[132.748,71.946],[133.184,71.586],[134.065,71.381],[135.052,71.385],[134.837,71.469],[135.714,71.642],[136.744,71.574],[135.999,71.316],[136.192,71.15],[135.952,71.126],[136.441,70.928],[136.209,70.776],[135.216,70.65],[135.718,70.649],[136.451,70.915],[135.983,71.131],[136.213,71.137],[136.001,71.308],[136.318,71.476],[136.878,71.533],[137.934,71.107],[138.352,71.271],[137.849,71.381],[138.226,71.626],[139.012,71.68],[139.242,71.402],[140.084,71.463],[139.787,71.673],[139.854,71.852],[139.367,71.944],[140.145,72.214],[139.332,72.125],[139.173,72.288],[139.629,72.502],[140.756,72.513],[141.025,72.675],[140.712,72.863],[140.946,72.872],[146.856,72.354],[144.964,72.431],[144.282,72.274],[144.546,72.152],[146.943,72.312],[146.016,71.893],[146.284,72.126],[145.645,72.241],[145.811,72.216],[145.63,72.086],[145.841,71.937],[145.026,71.94],[145.23,71.837],[144.911,71.765],[145.162,71.637],[146.06,71.773],[147.133,72.304],[149.485,72.164],[150.097,71.832],[149.409,71.888],[148.881,71.679],[150.476,71.513],[150.363,71.277],[151.577,71.31],[151.981,71.08],[151.581,71.063],[152.135,70.985],[150.844,70.872],[151.61,70.983],[152.973,70.814],[156.118,71.076],[159.076,70.837],[159.788,70.585],[160.093,70.258],[159.225,70.003],[159.948,70.074],[159.676,69.872],[159.82,69.774],[160.933,69.61],[160.98,69.083],[161.418,68.912],[161.205,68.65],[160.751,68.608],[158.516,68.799],[158.093,68.621],[158.571,68.786],[158.706,68.41],[158.623,68.689],[159.111,68.745],[159.045,68.642],[159.472,68.577],[161.094,68.508],[161.668,68.886],[161.44,69.203],[161.51,69.377],[162.22,69.635],[164.006,69.754],[164.649,69.574],[166.682,69.513],[166.478,69.412],[166.586,69.194],[166.516,69.463],[167.795,69.793],[168.286,69.546],[168.337,69.207],[169.33,69.08],[169.585,68.773],[170.821,68.726],[170.666,68.931],[170.992,69.04],[170.931,69.273],[170.587,69.592],[170.156,69.594],[170.609,69.762],[170.553,70.123],[172.752,69.965],[173.295,69.763],[173.505,69.794],[173.261,69.898],[173.468,69.936],[176.135,69.868],[178.86,69.378],[179.059,69.313],[178.701,69.282],[180.0,68.976],[180.0,65.039],[178.553,64.561],[178.753,64.674],[177.67,64.696],[177.484,64.917],[177.077,64.762],[175.981,64.897],[176.431,64.692],[176.166,64.552],[177.512,64.741],[177.421,64.48],[177.83,64.244],[178.158,64.184],[178.29,64.396],[178.592,64.068],[178.421,64.012],[178.755,63.816],[178.802,63.63],[178.514,63.581],[178.784,63.475],[178.651,63.393],[178.886,63.424],[178.811,63.599],[178.843,63.347],[179.453,63.115],[179.068,62.99],[179.565,62.839],[179.598,62.628],[178.972,62.538],[179.112,62.276],[177.679,62.656],[177.213,62.545],[177.518,62.808],[177.24,62.697],[177.026,62.857],[176.968,62.648],[177.285,62.56],[173.872,61.663],[173.519,61.739],[173.507,61.556],[173.162,61.392],[172.712,61.427],[172.965,61.285],[172.338,61.203],[172.426,61.013],[172.023,61.083],[172.216,60.967],[172.076,60.841],[171.714,60.94],[171.627,60.716],[170.558,60.433],[170.691,60.314],[170.434,60.28],[170.323,59.931],[169.239,60.611],[167.053,60.402],[166.285,59.809],[166.092,59.804],[166.389,60.409],[166.27,60.473],[165.02,60.096],[165.194,59.984],[164.841,59.783],[164.488,60.1],[164.205,59.853],[164.065,59.894],[164.208,59.989],[163.676,60.023],[163.19,59.528],[163.345,59.356],[163.077,59.253],[163.218,59.036],[162.912,59.124],[163.046,58.964],[162.257,58.637],[161.909,57.969],[162.141,57.751],[162.451,57.783],[162.366,57.675],[162.698,57.95],[163.312,57.727],[162.777,57.345],[162.779,56.773],[163.234,56.739],[163.362,56.183],[162.991,56.01],[162.636,56.222],[163.005,56.54],[162.4,56.376],[162.601,56.262],[162.076,56.079],[161.709,55.461],[162.131,54.751],[161.697,54.502],[160.845,54.56],[160.004,54.165],[159.807,53.664],[159.957,53.498],[159.778,53.506],[160.036,53.098],[159.815,53.276],[158.705,52.885],[158.421,53.016],[158.633,52.915],[158.552,52.629],[158.39,52.647],[158.549,52.291],[157.906,51.627],[156.665,50.865],[156.763,51.056],[156.54,51.3],[156.329,52.498],[156.48,52.515],[156.147,52.846],[155.557,55.211],[155.651,55.966],[155.993,56.686],[156.967,57.376],[156.846,57.794],[158.33,57.973],[159.247,58.472],[160.5,59.558],[161.919,60.208],[161.943,60.42],[163.725,60.869],[163.487,61.006],[164.029,61.346],[163.753,61.468],[164.053,61.691],[164.136,62.253],[165.265,62.483],[164.381,62.694],[163.246,62.512],[163.371,62.339],[163.096,62.228],[163.19,62.054],[162.964,61.812],[163.324,61.659],[163.019,61.513],[162.853,61.709],[162.384,61.661],[160.795,60.72],[160.152,60.576],[160.405,61.033],[159.83,60.933],[160.007,61.103],[159.783,61.262],[160.28,61.554],[160.38,61.938],[159.567,61.659],[159.396,61.877],[159.003,61.922],[157.035,61.648],[156.677,61.523],[156.657,61.202],[156.047,60.975],[155.912,60.714],[154.213,59.879],[154.128,59.459],[154.97,59.497],[155.212,59.348],[155.182,59.174],[154.504,59.221],[154.053,59.049],[153.401,59.238],[152.891,58.918],[152.363,59.042],[151.391,58.842],[151.113,59.108],[152.324,59.226],[151.738,59.299],[151.411,59.603],[150.745,59.436],[150.533,59.498],[150.772,59.563],[149.565,59.758],[149.059,59.623],[149.196,59.462],[148.712,59.453],[148.985,59.378],[148.93,59.234],[148.245,59.408],[147.543,59.236],[146.511,59.465],[146.049,59.141],[145.829,59.25],[145.924,59.422],[143.223,59.397],[142.176,59.083],[140.778,58.303],[140.482,57.839],[138.629,56.967],[138.113,56.578],[138.229,56.426],[135.175,54.848],[135.77,54.562],[136.816,54.64],[136.674,53.918],[136.794,53.761],[137.188,53.841],[137.305,54.027],[137.114,54.165],[137.736,54.299],[137.305,54.085],[137.821,53.954],[137.313,53.536],[137.953,53.583],[138.579,53.995],[138.266,53.564],[138.466,53.524],[138.768,53.981],[138.661,54.283],[139.73,54.296],[140.909,53.428],[141.417,53.294],[141.147,52.991],[139.888,53.255],[139.681,52.998],[139.909,53.214],[140.762,53.103],[141.238,52.861],[141.121,52.404],[141.538,52.204],[140.877,51.628],[140.43,50.713],[140.502,50.166],[140.677,50.098],[140.399,49.874],[140.547,49.565],[140.173,48.445],[139.264,47.802],[138.101,46.236],[135.884,44.412],[135.141,43.505],[133.923,42.867],[133.044,42.674],[132.767,42.908],[132.291,42.878],[132.333,43.309],[131.917,43.066],[132.067,43.311],[131.79,43.361],[131.217,42.556],[130.676,42.676],[130.847,42.487],[130.693,42.298],[130.406,42.729],[131.109,42.913],[131.311,43.395],[131.303,44.044],[130.961,44.853],[131.485,44.966],[131.874,45.341],[132.962,45.023],[133.13,45.128],[133.165,45.469],[133.911,46.263],[134.169,47.318],[134.77,47.715],[134.544,47.985],[134.767,48.371],[133.055,48.107],[132.552,47.715],[131.001,47.693],[130.658,48.094],[130.833,48.298],[130.522,48.615],[130.67,48.876],[130.221,48.867],[129.501,49.422],[127.849,49.574],[127.526,49.815],[127.607,50.224],[127.328,50.335],[127.297,50.743],[126.917,51.057],[126.977,51.319],[126.817,51.281],[126.908,51.405],[126.458,51.943],[126.557,52.125],[125.972,52.608],[126.099,52.773],[125.655,52.871],[125.615,53.077],[124.864,53.093],[123.627,53.544],[120.894,53.286],[120.032,52.779],[120.075,52.583],[120.726,52.54],[120.696,51.982],[120.088,51.681],[119.141,50.41],[119.362,50.34],[119.274,50.105],[117.858,49.51],[116.237,50.036],[115.674,49.886],[114.338,50.286],[112.813,49.515],[110.811,49.176],[108.522,49.321],[107.943,49.663],[107.968,49.939],[107.213,49.999],[106.592,50.339],[105.355,50.48],[104.136,50.139],[103.256,50.193],[102.305,50.68],[102.109,51.368],[99.909,51.746],[98.911,52.148],[98.775,51.885],[98.051,51.459],[97.827,51.018],[98.307,50.323],[98.066,50.032],[97.417,49.779],[95.859,50.044],[95.532,49.897],[94.615,50.035],[94.284,50.572],[93.102,50.59],[93.002,50.793],[92.628,50.703],[92.361,50.884],[89.631,49.92],[89.723,49.728],[89.19,49.517],[88.222,49.48],[87.989,49.183],[87.427,49.07],[86.62,49.57],[86.777,49.795],[86.202,49.466],[85.259,49.588],[85.038,50.049],[84.325,50.229],[83.962,50.801],[83.447,51.01],[82.733,50.927],[82.565,50.746],[81.449,50.756],[81.413,50.976],[81.06,50.948],[81.145,51.212],[80.677,51.316],[80.076,50.738],[77.907,53.291],[76.504,54.032],[76.439,54.167],[76.757,54.162],[76.929,54.458],[75.375,54.07],[75.064,53.8],[74.458,53.691],[74.385,53.458],[73.901,53.651],[73.438,53.435],[73.253,53.675],[73.767,54.054],[73.276,53.943],[72.609,54.137],[72.714,53.951],[72.486,53.901],[72.37,54.083],[72.507,54.14],[72.034,54.366],[72.185,54.121],[71.752,54.254],[71.72,54.106],[71.178,54.095],[70.998,54.336],[71.198,54.312],[71.291,54.668],[71.03,54.779],[71.021,55.085],[70.792,55.289],[70.205,55.146],[68.932,55.443],[69.001,55.286],[68.178,55.199],[68.234,54.969],[65.489,54.655],[65.213,54.532],[65.222,54.334],[63.159,54.191],[62.51,53.913],[61.407,54.087],[61.029,53.955],[61.227,53.796],[60.9,53.629],[61.593,53.526],[61.258,53.508],[61.177,53.312],[62.13,52.99],[61.009,52.978],[60.715,52.663],[61.067,52.347],[59.994,51.965],[60.517,51.798],[60.422,51.647],[61.506,51.407],[61.69,51.256],[61.449,50.806],[60.809,50.657],[60.015,50.822],[59.813,50.535],[59.509,50.495],[59.479,50.641],[58.656,50.809],[58.614,51.047],[58.317,51.154],[57.772,51.138],[57.761,50.922],[57.508,50.876],[57.185,51.115],[56.448,51.057],[55.736,50.55],[54.597,51.031],[54.732,50.621],[54.543,50.527],[54.414,50.621],[54.518,50.855],[53.336,51.51],[52.566,51.456],[52.363,51.772],[51.38,51.476],[51.24,51.563],[51.38,51.641],[50.768,51.773],[50.812,51.585],[50.585,51.646],[50.373,51.332],[49.455,51.126],[49.423,50.85],[48.571,50.632],[48.903,50.018],[48.746,49.921],[48.263,49.858],[47.828,50.327],[47.475,50.421],[47.258,50.192],[47.353,50.094],[46.903,49.864],[46.782,49.34],[47.051,49.166],[46.493,48.433],[47.123,48.269],[47.194,47.761],[48.209,47.692],[49.021,46.76],[48.589,46.766],[48.545,46.563],[49.306,46.263],[48.686,46.122],[48.744,45.841],[48.573,45.971],[47.818,45.608],[47.58,45.771],[47.654,45.559],[47.385,45.75],[47.57,45.574],[47.37,45.186],[46.716,44.639],[46.701,44.446],[47.222,44.231],[47.462,43.86],[47.404,43.511],[47.702,43.874],[47.462,43.021],[48.593,41.843],[47.884,41.219],[47.558,41.198],[46.76,41.863],[45.65,42.186],[45.774,42.489],[44.943,42.751],[43.962,42.548],[42.86,43.179],[41.618,43.221],[40.662,43.563],[40.107,43.57],[39.992,43.385],[38.798,44.277],[37.408,44.74],[37.045,45.064],[37.196,45.152],[36.633,45.142],[36.993,45.296],[36.786,45.442],[37.561,45.401],[37.616,45.664],[38.265,46.254],[38.579,46.039],[37.762,46.671],[38.507,46.643],[38.501,46.88],[39.815,47.224],[38.23,47.12],[38.221,47.327],[38.351,47.617],[38.773,47.685],[38.843,47.864],[39.795,47.87],[40.021,48.254],[39.668,48.621],[40.08,48.87],[39.664,49.001],[40.228,49.26],[40.029,49.454],[40.169,49.569],[38.33,50.085],[38.033,49.9],[37.491,50.457],[36.664,50.222],[36.068,50.451],[35.628,50.355],[35.39,50.58],[35.406,51.048],[35.12,51.231],[34.244,51.264],[34.308,51.515],[34.105,51.667],[34.416,51.826],[33.824,52.364],[32.376,52.337],[32.36,52.14],[32.065,52.035],[31.692,52.192],[31.588,52.794],[31.243,53.029],[31.63,53.23],[32.235,53.099],[32.74,53.46],[32.474,53.554],[32.495,53.712],[31.774,53.811],[31.898,54.083],[31.315,54.246],[31.096,54.5],[31.198,54.659],[30.748,54.805],[31.028,55.062],[30.808,55.308],[30.933,55.624],[30.24,55.872],[29.482,55.708],[29.422,55.97],[28.158,56.144],[27.969,56.836],[27.659,56.834],[27.867,57.296],[27.32,57.579],[27.813,57.86],[27.491,58.225],[27.357,58.787],[28.207,59.368],[28.024,59.745],[28.393,59.666],[28.473,59.828],[28.845,59.783],[29.223,59.991],[30.175,59.874],[30.168,59.886]]],[[[104.779,78.791],[105.27,78.799],[105.463,78.543],[104.896,78.307],[99.404,78.019],[100.476,78.722],[101.271,78.749],[100.821,78.848],[101.035,79.009],[101.815,78.945],[101.075,79.053],[101.647,79.34],[103.222,79.302],[102.446,78.815],[103.661,79.178],[104.765,78.774],[104.779,78.791]]],[[[112.298,74.534],[113.468,74.386],[112.841,74.081],[112.209,74.135],[111.509,74.326],[112.229,74.544],[112.298,74.534]]],[[[126.375,72.595],[126.154,72.507],[125.252,72.969],[123.68,72.991],[123.547,73.163],[123.718,73.193],[123.317,73.428],[123.49,73.401],[123.323,73.546],[123.616,73.697],[123.916,73.584],[124.37,73.798],[125.651,73.528],[125.592,73.371],[126.342,73.542],[126.455,73.435],[126.216,73.369],[126.359,73.228],[125.817,73.089],[126.113,73.112],[125.88,72.869],[126.358,72.641],[126.375,72.595]]],[[[137.39,54.831],[137.626,55.189],[137.917,55.142],[137.878,54.985],[138.217,55.036],[137.982,54.77],[137.701,54.615],[137.423,54.856],[137.39,54.831]]],[[[141.485,73.885],[143.184,73.632],[143.602,73.432],[143.474,73.355],[143.598,73.211],[139.906,73.343],[141.393,73.894],[141.485,73.885]]],[[[143.293,75.816],[145.336,75.533],[144.281,75.524],[144.993,75.474],[144.777,75.391],[144.923,75.269],[144.394,75.053],[142.93,75.141],[142.552,75.394],[143.09,75.675],[142.341,75.727],[141.991,75.66],[142.281,75.645],[142.024,75.619],[142.275,75.305],[143.687,74.932],[142.438,74.801],[141.987,74.914],[142.224,75.009],[141.867,75.0],[140.174,74.804],[139.73,74.987],[139.084,74.634],[138.175,74.757],[136.957,75.26],[137.468,75.343],[137.173,75.432],[137.271,75.613],[136.993,75.588],[137.59,75.776],[137.441,75.908],[138.571,76.169],[139.052,76.194],[140.79,75.631],[141.0,75.639],[141.001,76.03],[141.439,76.166],[143.169,75.799],[143.293,75.816]]],[[[146.512,75.587],[146.911,75.329],[147.62,75.44],[148.582,75.367],[148.689,75.193],[150.893,75.143],[150.629,74.87],[149.73,74.737],[148.163,74.786],[146.334,75.164],[146.118,75.244],[146.435,75.58],[146.512,75.587]]],[[[155.878,50.665],[156.143,50.747],[156.166,50.512],[155.878,50.243],[155.209,50.073],[155.208,50.29],[155.647,50.376],[155.857,50.65],[155.878,50.665]]],[[[164.593,59.225],[164.669,58.891],[163.48,58.458],[163.924,59.024],[164.58,59.234],[164.593,59.225]]],[[[167.835,69.793],[168.152,69.996],[169.061,69.949],[169.455,69.835],[169.185,69.555],[167.88,69.784],[167.835,69.793]]],[[[179.763,70.919],[178.784,70.782],[178.629,71.072],[180.0,71.527],[180.0,70.976],[179.777,70.94],[179.763,70.919]]]]}},{"type":"Feature","id":"RWA","properties":{"name":"Rwanda","ISO_A3":"RWA"},"geometry":{"type":"Polygon","coordinates":[[[30.545,-2.414],[29.97,-2.331],[29.919,-2.702],[29.708,-2.82],[29.371,-2.84],[29.144,-2.595],[29.041,-2.744],[28.862,-2.525],[29.362,-1.509],[29.824,-1.309],[30.052,-1.432],[30.449,-1.048],[30.899,-2.078],[30.817,-2.365],[30.569,-2.419],[30.545,-2.414]]]}},{"type":"Feature","id":"SAU","properties":{"name":"Saudi Arabia","ISO_A3":"SAU"},"geometry":{"type":"Polygon","coordinates":[[[50.204,26.454],[50.22,26.182],[50.139,26.03],[50.033,26.202],[50.001,25.989],[50.769,24.723],[51.099,24.471],[51.483,24.595],[51.296,24.301],[51.591,24.258],[52.581,22.939],[55.208,22.708],[55.667,22.0],[55.0,20.0],[52.0,19.0],[49.117,18.617],[48.183,18.167],[47.183,16.95],[46.75,17.283],[45.217,17.433],[43.832,17.339],[43.355,17.556],[43.152,17.175],[43.235,16.643],[42.831,16.38],[42.549,17.007],[42.384,17.174],[42.369,17.025],[42.313,17.443],[41.67,17.956],[41.253,18.621],[40.775,19.756],[39.732,20.39],[39.19,21.102],[38.936,21.995],[39.143,22.406],[38.44,23.806],[37.426,24.37],[37.155,24.825],[37.25,25.169],[35.221,28.047],[34.571,28.095],[34.959,29.357],[36.071,29.184],[36.754,29.868],[37.5,29.999],[37.997,30.501],[37.005,31.501],[39.201,32.154],[40.413,31.948],[42.086,31.112],[44.722,29.198],[47.466,29.0],[47.705,28.524],[48.432,28.534],[48.883,27.835],[48.844,27.609],[49.221,27.571],[49.307,27.471],[49.135,27.414],[49.376,27.127],[49.577,27.182],[50.201,26.488],[50.204,26.454]]]}},{"type":"Feature","id":"SDN","properties":{"name":"Hala'ib Triangle","ISO_A3":"SDN"},"geometry":{"type":"MultiPolygon","coordinates":[[[[36.88,22.0],[34.081,22.0],[34.15,22.203],[34.688,22.299],[34.948,22.858],[35.209,22.785],[35.619,23.146],[35.848,22.763],[36.893,22.025],[36.88,22.0]]],[[[37.297,19.443],[37.494,18.76],[38.584,18.021],[38.243,17.551],[37.512,17.339],[37.405,17.058],[37.001,17.078],[36.951,16.311],[36.433,15.167],[36.56,14.258],[36.16,12.697],[35.662,12.637],[35.044,11.734],[34.987,10.89],[34.841,10.713],[34.603,10.906],[34.295,10.585],[34.107,9.5],[33.878,9.5],[33.97,10.146],[33.246,10.778],[33.136,11.626],[33.294,12.219],[32.766,12.236],[32.746,11.952],[32.097,11.951],[32.391,11.706],[32.47,11.043],[31.282,9.76],[30.834,9.712],[30.0,10.288],[29.537,10.082],[29.538,9.75],[29.0,9.674],[29.0,10.167],[27.833,10.167],[27.906,9.612],[26.703,9.489],[26.346,9.594],[25.757,10.427],[25.098,10.317],[24.81,9.791],[23.696,9.672],[22.878,10.902],[22.944,11.427],[22.561,11.632],[22.632,12.052],[22.478,12.034],[22.368,12.442],[22.477,12.633],[22.201,12.757],[21.945,12.631],[21.815,12.805],[22.291,13.354],[22.072,13.777],[22.575,14.191],[22.383,14.512],[22.941,15.106],[22.93,15.555],[23.118,15.717],[24.0,15.699],[24.0,20.0],[25.0,20.0],[25.0,22.0],[31.315,22.0],[31.466,22.224],[31.399,22.0],[33.172,22.0],[33.553,21.725],[34.003,21.77],[34.081,22.0],[36.88,22.0],[36.914,21.607],[37.319,21.064],[37.141,21.227],[37.092,21.07],[37.288,19.466],[37.297,19.443]]]]}},{"type":"Feature","id":"SEN","properties":{"name":"Senegal","ISO_A3":"SEN"},"geometry":{"type":"Polygon","coordinates":[[[-15.308,12.871],[-15.63,12.56],[-16.016,12.739],[-15.592,13.004],[-15.928,12.945],[-16.054,12.628],[-16.356,12.703],[-16.264,12.802],[-16.372,12.562],[-16.568,12.888],[-16.355,12.955],[-16.527,12.875],[-16.596,13.046],[-16.775,12.713],[-16.69,13.167],[-15.803,13.167],[-15.803,13.348],[-15.3,13.365],[-15.089,13.597],[-14.143,13.22],[-13.82,13.353],[-13.892,13.558],[-14.32,13.455],[-15.059,13.825],[-15.472,13.591],[-16.545,13.592],[-16.634,13.74],[-16.362,14.11],[-16.582,14.03],[-16.246,14.192],[-16.57,14.069],[-16.569,14.251],[-16.759,13.965],[-17.205,14.669],[-17.525,14.75],[-16.887,15.213],[-16.278,16.517],[-15.706,16.473],[-14.989,16.692],[-14.335,16.643],[-13.845,16.107],[-13.479,16.145],[-13.231,15.618],[-12.24,14.764],[-11.975,14.184],[-12.038,13.624],[-11.364,12.991],[-11.351,12.465],[-12.359,12.307],[-13.061,12.485],[-13.07,12.642],[-15.2,12.687],[-15.68,12.426],[-16.379,12.37],[-16.529,12.591],[-15.627,12.529],[-15.285,12.87],[-15.308,12.871]]]}},{"type":"Feature","id":"SGS","properties":{"name":"South Georgia and the South Sandwich Islands","ISO_A3":"SGS"},"geometry":{"type":"Polygon","coordinates":[[[-37.128,-54.067],[-36.642,-54.121],[-36.529,-54.181],[-36.68,-54.261],[-36.286,-54.279],[-36.047,-54.468],[-36.131,-54.568],[-35.907,-54.567],[-35.801,-54.784],[-36.109,-54.892],[-36.489,-54.51],[-37.403,-54.27],[-37.241,-54.148],[-38.017,-54.065],[-37.148,-54.067],[-37.128,-54.067]]]}},{"type":"Feature","id":"SLB","properties":{"name":"Solomon Islands","ISO_A3":"SLB"},"geometry":{"type":"MultiPolygon","coordinates":[[[[156.714,-6.981],[156.412,-6.738],[156.5,-6.593],[157.538,-7.292],[157.106,-7.351],[156.739,-7.012],[156.714,-6.981]]],[[[157.268,-8.2],[157.588,-8.016],[157.904,-8.481],[157.817,-8.595],[157.522,-8.243],[157.213,-8.309],[157.255,-8.189],[157.268,-8.2]]],[[[158.441,-7.515],[159.618,-8.152],[159.874,-8.568],[158.379,-7.635],[158.433,-7.514],[158.441,-7.515]]],[[[159.709,-9.251],[160.578,-9.549],[160.834,-9.853],[160.628,-9.946],[159.817,-9.798],[159.591,-9.527],[159.686,-9.251],[159.709,-9.251]]],[[[160.702,-8.314],[161.411,-9.557],[160.81,-9.084],[160.559,-8.345],[160.7,-8.331],[160.702,-8.314]]],[[[161.351,-10.192],[162.105,-10.495],[162.379,-10.839],[162.118,-10.842],[161.535,-10.578],[161.273,-10.339],[161.335,-10.191],[161.351,-10.192]]]]}},{"type":"Feature","id":"SLE","properties":{"name":"Sierra Leone","ISO_A3":"SLE"},"geometry":{"type":"Polygon","coordinates":[[[-12.033,7.524],[-12.141,7.306],[-12.462,7.424],[-12.19,7.591],[-12.469,7.561],[-12.452,7.809],[-12.62,7.69],[-12.925,7.868],[-12.932,8.141],[-13.16,8.17],[-13.294,8.493],[-13.067,8.384],[-12.912,8.545],[-13.06,8.656],[-13.173,8.527],[-13.244,8.825],[-13.045,8.929],[-13.301,9.036],[-12.789,9.301],[-12.436,9.882],[-11.208,10.0],[-10.993,9.753],[-10.465,8.679],[-10.692,8.327],[-10.323,8.506],[-10.303,8.198],[-10.606,8.039],[-10.607,7.775],[-11.426,6.942],[-12.501,7.39],[-12.101,7.26],[-12.044,7.5],[-12.033,7.524]]]}},{"type":"Feature","id":"SLV","properties":{"name":"El Salvador","ISO_A3":"SLV"},"geometry":{"type":"Polygon","coordinates":[[[-90.135,13.745],[-89.393,14.451],[-89.096,14.401],[-88.492,13.862],[-87.8,13.921],[-87.718,13.468],[-87.899,13.155],[-88.741,13.228],[-90.047,13.709],[-90.135,13.745]]]}},{"type":"Feature","id":"SOM","properties":{"name":"Somalia","ISO_A3":"SOM"},"geometry":{"type":"Polygon","coordinates":[[[43.348,11.455],[43.914,10.715],[44.591,10.378],[45.805,10.868],[46.432,10.681],[47.418,11.177],[49.433,11.339],[50.278,11.591],[50.803,11.983],[51.287,11.834],[51.083,11.328],[51.113,10.432],[51.414,10.446],[50.9,10.312],[50.829,9.418],[49.82,7.923],[48.912,5.919],[47.962,4.475],[46.004,2.425],[44.601,1.599],[43.5,0.659],[42.178,-0.808],[42.0,-0.812],[41.559,-1.663],[40.994,-0.834],[40.992,2.822],[42.079,4.179],[42.844,4.284],[43.126,4.635],[44.01,4.959],[44.97,4.913],[48.001,8.001],[47.001,8.001],[43.995,9.003],[43.299,9.606],[42.672,10.614],[43.322,11.442],[43.348,11.455]]]}},{"type":"Feature","id":"SRB","properties":{"name":"Serbia","ISO_A3":"SRB"},"geometry":{"type":"Polygon","coordinates":[[[19.224,43.528],[19.532,43.668],[19.235,44.01],[19.623,44.02],[19.103,44.371],[19.371,44.871],[18.989,44.906],[19.143,44.941],[19.087,45.145],[19.447,45.196],[18.97,45.382],[19.098,45.51],[18.85,45.808],[19.568,46.179],[20.182,46.16],[20.823,45.775],[20.771,45.48],[21.516,45.17],[21.36,45.02],[21.56,44.889],[21.391,44.784],[22.125,44.477],[22.464,44.717],[22.764,44.551],[22.457,44.469],[22.684,44.248],[22.357,43.81],[22.534,43.471],[23.006,43.187],[22.439,42.822],[22.559,42.485],[22.432,42.323],[21.601,42.254],[21.79,42.651],[21.393,42.745],[21.137,43.113],[20.728,43.249],[20.353,42.833],[19.228,43.513],[19.224,43.528]]]}},{"type":"Feature","id":"SSD","properties":{"name":"South Sudan","ISO_A3":"SSD"},"geometry":{"type":"Polygon","coordinates":[[[27.446,5.018],[27.165,5.774],[26.448,6.101],[26.53,6.225],[26.284,6.47],[26.417,6.646],[25.202,7.493],[25.22,7.873],[24.861,8.178],[24.194,8.314],[24.262,8.701],[23.522,8.722],[23.589,8.994],[23.441,9.02],[23.696,9.672],[24.81,9.791],[25.098,10.317],[25.757,10.427],[26.346,9.594],[26.703,9.489],[27.906,9.612],[28.039,9.347],[28.744,9.347],[29.047,9.737],[29.538,9.75],[29.537,10.082],[29.941,10.288],[30.834,9.712],[31.282,9.76],[32.47,11.043],[32.391,11.706],[32.097,11.951],[32.746,11.952],[32.732,12.236],[33.294,12.219],[33.136,11.626],[33.246,10.778],[33.97,10.146],[33.878,9.5],[34.107,9.5],[34.146,9.033],[34.101,8.556],[33.768,8.368],[33.245,8.448],[33.006,7.856],[33.898,7.537],[34.194,7.041],[35.009,6.475],[35.006,5.89],[35.302,5.35],[35.86,5.321],[35.949,4.631],[35.597,4.625],[35.561,4.918],[35.245,4.987],[34.377,4.617],[33.512,3.749],[33.029,3.891],[32.415,3.744],[32.203,3.505],[31.807,3.835],[31.529,3.654],[31.16,3.788],[30.85,3.498],[29.62,4.659],[29.221,4.341],[28.788,4.564],[28.382,4.285],[27.45,5.004],[27.446,5.018]]]}},{"type":"Feature","id":"SUR","properties":{"name":"Suriname","ISO_A3":"SUR"},"geometry":{"type":"Polygon","coordinates":[[[-55.199,4.722],[-55.139,4.383],[-54.801,4.837],[-55.066,5.141],[-55.152,5.965],[-54.02,5.828],[-54.03,5.528],[-54.478,4.906],[-54.356,4.047],[-54.012,3.427],[-54.508,2.336],[-54.878,2.434],[-54.941,2.621],[-55.382,2.408],[-55.965,2.524],[-56.138,2.262],[-55.906,2.045],[-55.975,1.846],[-56.685,2.02],[-57.2,2.83],[-57.293,3.367],[-57.654,3.372],[-58.031,3.96],[-57.92,4.828],[-57.286,5.014],[-57.17,5.164],[-57.315,5.348],[-56.963,6.004],[-55.891,5.674],[-55.897,5.975],[-55.136,5.904],[-54.969,5.088],[-55.203,4.73],[-55.199,4.722]]]}},{"type":"Feature","id":"SVK","properties":{"name":"Slovakia","ISO_A3":"SVK"},"geometry":{"type":"Polygon","coordinates":[[[17.161,48.007],[16.841,48.371],[17.115,48.833],[17.885,48.928],[18.546,49.501],[19.153,49.404],[19.449,49.614],[19.791,49.411],[19.795,49.199],[20.088,49.18],[20.325,49.403],[20.926,49.296],[21.631,49.447],[22.566,49.088],[22.136,48.385],[21.764,48.339],[21.439,48.585],[20.547,48.544],[20.052,48.168],[19.634,48.248],[18.833,48.048],[18.848,47.816],[18.289,47.731],[17.707,47.757],[17.202,48.02],[17.161,48.007]]]}},{"type":"Feature","id":"SVN","properties":{"name":"Slovenia","ISO_A3":"SVN"},"geometry":{"type":"Polygon","coordinates":[[[13.722,45.595],[13.919,45.634],[13.48,46.011],[13.667,46.174],[13.375,46.298],[13.714,46.523],[14.573,46.376],[14.956,46.633],[16.038,46.656],[15.986,46.827],[16.348,46.841],[16.597,46.477],[16.366,46.547],[16.302,46.378],[15.647,46.217],[15.706,45.851],[15.263,45.727],[15.346,45.457],[14.817,45.46],[14.58,45.666],[14.323,45.47],[13.676,45.443],[13.566,45.522],[13.742,45.568],[13.722,45.595]]]}},{"type":"Feature","id":"SWE","properties":{"name":"Sweden","ISO_A3":"SWE"},"geometry":{"type":"MultiPolygon","coordinates":[[[[21.474,65.302],[21.254,65.334],[21.55,65.068],[21.02,64.851],[21.615,64.442],[20.971,64.153],[20.663,63.791],[19.65,63.43],[19.445,63.572],[19.528,63.44],[19.262,63.457],[19.031,63.188],[18.729,63.285],[18.885,63.205],[18.269,62.998],[18.543,62.985],[18.447,62.87],[17.863,62.826],[18.06,62.617],[17.724,62.397],[17.336,62.488],[17.659,62.236],[17.337,61.916],[17.488,61.62],[17.097,61.709],[17.257,61.672],[17.089,61.546],[17.247,61.302],[17.139,60.946],[17.352,60.751],[17.228,60.693],[17.669,60.516],[17.989,60.604],[18.593,60.252],[18.452,60.179],[18.837,60.11],[19.083,59.875],[18.858,59.774],[19.081,59.729],[18.111,59.436],[18.698,59.272],[18.313,59.324],[18.463,59.159],[18.039,59.046],[17.932,58.824],[17.677,59.103],[17.511,58.785],[17.023,58.626],[16.268,58.667],[16.949,58.48],[16.437,58.475],[16.89,58.297],[16.651,58.002],[16.772,57.858],[16.495,57.979],[16.717,57.439],[16.487,57.289],[16.481,56.777],[15.864,56.093],[14.683,56.162],[14.751,56.009],[14.222,55.832],[14.36,55.554],[14.186,55.38],[12.819,55.393],[13.062,55.67],[12.485,56.289],[12.801,56.229],[12.618,56.422],[12.936,56.587],[12.356,56.923],[12.11,57.433],[11.94,57.368],[11.704,57.703],[11.886,58.347],[11.511,58.206],[11.629,58.398],[11.209,58.359],[11.127,59.022],[11.34,59.115],[11.461,58.89],[11.652,58.906],[11.83,59.242],[11.698,59.609],[11.94,59.695],[11.84,59.841],[12.542,60.193],[12.607,60.513],[12.224,61.013],[12.683,61.061],[12.871,61.356],[12.138,61.724],[12.299,62.267],[12.056,62.612],[12.218,63.0],[11.975,63.269],[12.15,63.594],[12.927,64.058],[13.968,64.008],[14.157,64.195],[14.114,64.462],[13.654,64.58],[14.507,65.31],[14.516,66.133],[15.485,66.282],[15.377,66.484],[16.388,67.045],[16.09,67.435],[16.738,67.914],[17.282,68.119],[17.9,67.969],[18.151,68.199],[18.126,68.537],[18.406,68.582],[19.921,68.356],[20.227,68.491],[19.938,68.558],[20.336,68.802],[20.06,69.046],[20.775,69.033],[22.046,68.479],[23.07,68.301],[23.665,67.941],[23.394,67.485],[23.759,67.434],[23.551,67.171],[23.995,66.822],[23.646,66.302],[24.15,65.815],[23.074,65.716],[22.351,65.86],[22.387,65.537],[22.088,65.612],[21.83,65.35],[21.458,65.39],[21.739,65.216],[21.478,65.279],[21.474,65.302]]],[[[18.745,57.926],[19.087,57.844],[18.8,57.727],[18.917,57.403],[18.186,56.906],[18.294,57.091],[18.09,57.26],[18.105,57.534],[18.7,57.922],[18.745,57.926]]]]}},{"type":"Feature","id":"SWZ","properties":{"name":"Eswatini","ISO_A3":"SWZ"},"geometry":{"type":"Polygon","coordinates":[[[31.976,-25.953],[32.135,-26.527],[31.977,-27.317],[31.151,-27.202],[30.791,-26.715],[31.315,-25.743],[31.869,-25.999],[31.976,-25.953]]]}},{"type":"Feature","id":"SYR","properties":{"name":"Syria","ISO_A3":"SYR"},"geometry":{"type":"Polygon","coordinates":[[[35.918,35.929],[36.148,35.814],[36.395,36.225],[36.694,36.243],[36.543,36.485],[36.67,36.829],[37.444,36.633],[38.243,36.924],[39.213,36.669],[40.763,37.126],[42.347,37.213],[41.886,36.636],[41.283,36.349],[41.382,35.626],[40.978,34.398],[36.838,32.311],[35.763,32.746],[35.975,33.729],[36.391,33.827],[36.277,33.916],[36.623,34.204],[36.335,34.503],[36.462,34.635],[35.935,34.729],[35.919,35.384],[35.734,35.564],[35.902,35.922],[35.918,35.929]]]}},{"type":"Feature","id":"TCD","properties":{"name":"Chad","ISO_A3":"TCD"},"geometry":{"type":"Polygon","coordinates":[[[15.493,7.528],[15.588,7.778],[15.151,8.606],[13.976,9.645],[14.215,10.008],[15.685,9.996],[15.143,10.54],[15.119,11.786],[14.832,12.634],[14.555,12.777],[14.467,13.083],[14.083,13.083],[13.633,13.708],[13.471,14.46],[13.696,14.556],[14.389,15.736],[15.532,16.701],[15.594,18.794],[15.758,19.948],[16.0,20.363],[15.426,20.797],[15.0,23.0],[16.0,23.452],[24.0,19.5],[24.0,15.699],[23.118,15.717],[22.93,15.555],[22.941,15.106],[22.383,14.512],[22.575,14.191],[22.072,13.777],[22.291,13.354],[21.815,12.805],[21.945,12.631],[22.201,12.757],[22.477,12.633],[22.368,12.442],[22.478,12.034],[22.632,12.052],[22.561,11.632],[22.979,11.306],[22.877,10.937],[21.841,10.851],[21.677,10.24],[20.44,9.152],[18.991,8.98],[18.861,8.858],[19.124,8.67],[18.612,8.055],[17.655,7.981],[16.813,7.536],[16.569,7.876],[15.984,7.493],[15.543,7.511],[15.493,7.528]]]}},{"type":"Feature","id":"TGO","properties":{"name":"Togo","ISO_A3":"TGO"},"geometry":{"type":"Polygon","coordinates":[[[1.664,6.254],[1.083,6.169],[0.532,6.829],[0.588,8.198],[0.729,8.343],[0.374,8.754],[0.567,9.406],[0.23,9.462],[0.383,9.591],[0.392,10.315],[-0.09,10.708],[0.033,10.978],[-0.136,11.14],[0.5,10.932],[0.917,11.0],[0.775,10.381],[1.355,9.992],[1.342,9.554],[1.621,9.05],[1.559,6.975],[1.808,6.288],[1.677,6.253],[1.664,6.254]]]}},{"type":"Feature","id":"THA","properties":{"name":"Thailand","ISO_A3":"THA"},"geometry":{"type":"Polygon","coordinates":[[[102.081,6.227],[101.827,5.735],[101.581,5.934],[101.136,5.613],[100.985,5.81],[101.113,6.251],[100.854,6.232],[100.813,6.442],[100.202,6.725],[100.12,6.423],[99.716,6.859],[99.586,7.355],[99.392,7.316],[98.711,8.312],[98.283,8.217],[98.316,9.199],[98.78,10.679],[99.659,11.829],[99.1,13.073],[99.105,13.895],[98.597,14.328],[98.184,15.096],[98.56,15.336],[98.567,16.057],[98.851,16.136],[98.913,16.393],[98.666,16.292],[98.533,16.9],[97.793,17.68],[97.639,18.288],[97.347,18.544],[97.768,18.578],[97.666,18.938],[98.035,19.806],[98.991,19.742],[99.077,20.101],[99.537,20.147],[99.472,20.394],[99.965,20.463],[100.16,20.244],[100.331,20.398],[100.576,20.17],[100.486,19.543],[101.288,19.568],[101.187,19.399],[101.355,19.051],[101.052,18.426],[101.184,18.065],[100.968,17.571],[101.164,17.47],[102.088,18.22],[102.682,17.803],[103.042,17.982],[103.313,18.434],[103.973,18.337],[104.796,17.402],[104.744,16.529],[105.635,15.663],[105.467,15.348],[105.535,14.559],[105.128,14.225],[104.809,14.437],[103.164,14.335],[102.623,13.608],[102.338,13.557],[102.909,11.651],[102.645,12.175],[102.587,12.046],[102.289,12.19],[102.349,12.363],[101.82,12.675],[100.855,12.649],[100.978,13.483],[100.579,13.559],[99.956,13.302],[100.102,13.056],[100.02,12.189],[99.15,10.349],[99.224,9.257],[99.837,9.303],[100.575,7.222],[100.209,7.786],[100.42,7.161],[100.577,7.227],[101.003,6.857],[101.527,6.865],[102.091,6.238],[102.081,6.227]]]}},{"type":"Feature","id":"TJK","properties":{"name":"Tajikistan","ISO_A3":"TJK"},"geometry":{"type":"Polygon","coordinates":[[[67.786,37.173],[67.876,37.563],[68.405,38.178],[68.067,38.393],[68.194,38.94],[67.356,39.227],[67.402,39.533],[67.714,39.659],[68.524,39.532],[68.637,39.856],[68.888,39.865],[68.845,40.072],[69.024,40.122],[68.533,40.144],[69.299,40.189],[69.348,40.775],[69.72,40.629],[70.446,41.045],[70.795,40.732],[70.342,40.417],[70.632,40.18],[70.984,40.226],[70.545,39.951],[70.007,40.233],[69.529,40.122],[69.543,39.941],[69.358,39.99],[69.264,39.806],[69.363,39.52],[70.535,39.624],[70.828,39.389],[71.497,39.621],[71.797,39.276],[72.048,39.367],[72.231,39.181],[72.484,39.377],[73.59,39.468],[73.538,39.278],[73.843,38.999],[73.699,38.879],[73.804,38.612],[74.696,38.425],[75.01,37.77],[74.932,37.57],[75.149,37.421],[74.915,37.237],[74.375,37.424],[73.759,37.222],[73.617,37.271],[73.776,37.439],[73.306,37.464],[72.678,37.022],[71.676,36.672],[71.43,37.074],[71.592,37.913],[71.257,37.923],[71.374,38.256],[70.997,38.488],[70.171,37.929],[70.303,37.692],[70.174,37.532],[69.537,37.591],[69.321,37.117],[68.91,37.334],[68.016,36.924],[67.792,37.153],[67.786,37.173]]]}},{"type":"Feature","id":"TKM","properties":{"name":"Turkmenistan","ISO_A3":"TKM"},"geometry":{"type":"Polygon","coordinates":[[[61.274,35.605],[61.152,36.637],[60.346,36.629],[60.043,37.022],[59.557,37.132],[59.354,37.529],[57.453,37.939],[57.245,38.273],[55.469,38.094],[54.866,37.766],[54.673,37.437],[53.914,37.348],[53.807,38.032],[53.971,38.934],[53.565,39.345],[53.17,39.352],[53.161,39.18],[53.085,39.4],[53.276,39.665],[53.217,39.525],[53.736,39.518],[53.417,39.65],[53.544,39.974],[52.914,40.022],[52.995,39.78],[52.738,40.054],[52.737,40.485],[52.917,41.085],[53.107,40.774],[53.483,40.737],[53.615,40.892],[53.863,40.626],[54.404,40.674],[54.25,40.891],[54.64,40.839],[54.729,41.101],[54.061,41.503],[53.819,42.124],[52.931,41.955],[52.739,41.629],[52.897,41.669],[52.892,41.057],[52.446,41.761],[52.985,42.121],[54.215,42.377],[54.952,41.906],[55.455,41.267],[57.046,41.242],[57.166,41.359],[56.986,41.898],[57.325,42.145],[57.865,42.172],[58.058,42.508],[58.511,42.278],[58.151,42.629],[58.591,42.648],[58.625,42.798],[59.448,42.29],[60.014,42.223],[59.923,41.994],[60.325,41.768],[60.045,41.753],[60.242,41.331],[61.24,41.145],[61.459,41.297],[61.888,41.105],[62.47,39.958],[65.564,38.288],[66.673,37.975],[66.548,37.349],[65.707,37.539],[65.531,37.238],[64.756,37.113],[64.58,36.352],[64.069,35.997],[63.121,35.863],[63.248,35.681],[63.103,35.428],[62.713,35.24],[62.31,35.132],[62.064,35.434],[61.287,35.614],[61.274,35.605]]]}},{"type":"Feature","id":"TLS","properties":{"name":"Timor-Leste","ISO_A3":"TLS"},"geometry":{"type":"Polygon","coordinates":[[[125.087,-9.463],[124.983,-9.191],[125.184,-9.025],[124.932,-9.028],[125.123,-8.64],[127.001,-8.322],[127.293,-8.436],[126.479,-8.948],[125.108,-9.44],[125.087,-9.463]]]}},{"type":"Feature","id":"TTO","properties":{"name":"Trinidad and Tobago","ISO_A3":"TTO"},"geometry":{"type":"Polygon","coordinates":[[[-60.935,10.842],[-61.001,10.151],[-61.161,10.075],[-61.931,10.051],[-61.459,10.294],[-61.668,10.713],[-60.958,10.834],[-60.935,10.842]]]}},{"type":"Feature","id":"TUN","properties":{"name":"Tunisia","ISO_A3":"TUN"},"geometry":{"type":"Polygon","coordinates":[[[10.171,37.125],[10.354,36.868],[10.2,36.806],[10.41,36.715],[11.075,37.051],[11.119,36.836],[10.468,36.12],[11.047,35.626],[11.159,35.233],[10.034,34.05],[10.387,33.68],[10.734,33.7],[10.7,33.495],[11.049,33.624],[11.186,33.202],[11.562,33.166],[11.595,32.454],[10.276,31.673],[10.136,31.468],[10.272,30.801],[9.944,30.383],[9.556,30.228],[9.075,32.086],[8.357,32.502],[8.144,33.084],[7.808,33.208],[7.528,34.063],[8.262,34.644],[8.473,35.236],[8.258,35.763],[8.406,36.423],[8.162,36.499],[9.217,37.24],[9.742,37.346],[9.815,37.141],[10.061,37.267],[10.145,37.13],[10.171,37.125]]]}},{"type":"Feature","id":"TUR","properties":{"name":"Turkey","ISO_A3":"TUR"},"geometry":{"type":"MultiPolygon","coordinates":[[[[26.031,40.73],[26.36,40.946],[26.325,41.255],[26.627,41.347],[26.368,41.817],[27.069,42.093],[27.56,41.905],[28.03,41.983],[28.206,41.538],[29.116,41.234],[28.838,40.957],[27.513,40.975],[26.189,40.041],[26.238,40.331],[26.838,40.597],[26.055,40.707],[26.031,40.73]]],[[[28.387,36.836],[28.035,36.563],[28.125,36.803],[27.405,36.663],[28.056,36.8],[28.323,37.051],[27.273,36.962],[27.613,37.279],[27.201,37.351],[27.214,37.593],[27.007,37.655],[27.251,37.745],[27.252,37.977],[26.247,38.286],[26.515,38.432],[26.415,38.68],[26.671,38.313],[27.17,38.447],[26.731,38.656],[27.063,38.869],[26.614,39.272],[26.946,39.566],[26.063,39.477],[26.178,39.99],[26.735,40.394],[27.283,40.474],[27.54,40.301],[27.872,40.366],[27.72,40.523],[28.022,40.487],[27.955,40.354],[29.052,40.362],[28.781,40.518],[28.996,40.645],[29.942,40.747],[29.362,40.758],[29.007,41.007],[29.165,41.224],[31.254,41.104],[32.285,41.72],[33.338,42.02],[34.658,41.941],[34.992,42.094],[35.211,42.018],[35.089,41.922],[35.277,41.716],[36.066,41.68],[36.403,41.249],[36.653,41.381],[38.367,40.91],[39.42,41.107],[40.171,40.914],[41.547,41.521],[42.47,41.436],[42.836,41.584],[43.671,40.937],[43.655,40.114],[44.352,40.028],[44.816,39.657],[44.614,39.782],[44.422,39.412],[44.034,39.377],[44.304,38.392],[44.507,38.346],[44.223,37.888],[44.589,37.763],[44.587,37.439],[44.815,37.281],[44.306,36.971],[44.124,37.323],[43.832,37.195],[42.794,37.381],[42.352,37.1],[42.215,37.32],[41.518,37.078],[40.763,37.126],[39.213,36.669],[38.243,36.924],[37.444,36.633],[36.67,36.829],[36.543,36.485],[36.694,36.243],[36.395,36.225],[36.148,35.814],[35.781,36.299],[36.211,36.641],[36.01,36.931],[35.339,36.544],[34.653,36.806],[33.962,36.234],[32.791,36.025],[31.303,36.815],[30.678,36.883],[30.487,36.28],[29.778,36.137],[29.103,36.386],[29.093,36.678],[28.848,36.59],[28.379,36.847],[28.387,36.836]]]]}},{"type":"Feature","id":"TWN","properties":{"name":"Taiwan\ufffd","ISO_A3":"TWN"},"geometry":{"type":"Polygon","coordinates":[[[120.165,23.44],[120.179,23.806],[121.055,25.042],[121.534,25.296],[121.923,25.123],[121.874,24.535],[120.848,21.901],[120.04,23.054],[120.159,23.423],[120.165,23.44]]]}},{"type":"Feature","id":"TZA","properties":{"name":"Tanzania","ISO_A3":"TZA"},"geometry":{"type":"MultiPolygon","coordinates":[[[[39.183,-6.626],[39.545,-6.986],[39.237,-7.837],[39.446,-7.816],[39.268,-8.327],[39.571,-8.914],[39.395,-8.887],[39.479,-9.091],[39.628,-9.063],[39.709,-9.983],[40.41,-10.289],[40.43,-10.464],[39.259,-11.164],[38.468,-11.418],[37.914,-11.265],[37.417,-11.685],[36.823,-11.57],[36.519,-11.761],[35.847,-11.412],[34.959,-11.574],[34.616,-11.048],[34.54,-10.066],[34.038,-9.493],[33.918,-9.714],[33.444,-9.614],[31.988,-9.075],[31.373,-8.588],[31.051,-8.611],[30.311,-7.137],[29.55,-6.295],[29.632,-5.722],[29.34,-4.837],[29.415,-4.444],[30.042,-4.277],[30.837,-3.254],[30.84,-2.976],[30.413,-2.868],[30.545,-2.414],[30.817,-2.365],[30.899,-2.078],[30.839,-1.652],[30.453,-1.103],[30.767,-0.984],[34.027,-1.0],[37.602,-3.012],[37.6,-3.521],[39.221,-4.711],[38.78,-6.027],[38.873,-6.392],[39.172,-6.617],[39.183,-6.626]]],[[[39.355,-5.866],[39.581,-6.384],[39.198,-6.227],[39.184,-5.907],[39.295,-5.723],[39.361,-5.829],[39.355,-5.866]]]]}},{"type":"Feature","id":"UGA","properties":{"name":"Uganda","ISO_A3":"UGA"},"geometry":{"type":"Polygon","coordinates":[[[29.592,-1.388],[29.722,0.075],[29.989,0.845],[31.315,2.117],[30.742,2.445],[30.956,3.668],[31.291,3.794],[31.529,3.654],[31.807,3.835],[32.203,3.505],[32.415,3.744],[33.029,3.891],[33.512,3.749],[33.984,4.224],[34.089,3.861],[34.463,3.667],[34.461,3.171],[34.935,2.513],[35.032,1.915],[34.831,1.267],[34.53,1.116],[33.915,0.109],[33.934,-1.0],[30.767,-0.984],[30.349,-1.07],[29.926,-1.481],[29.824,-1.309],[29.622,-1.392],[29.592,-1.388]]]}},{"type":"Feature","id":"UKR","properties":{"name":"Ukraine","ISO_A3":"UKR"},"geometry":{"type":"Polygon","coordinates":[[[31.89,46.312],[32.005,46.454],[31.548,46.54],[32.371,46.464],[33.621,46.827],[34.153,47.338],[34.043,47.411],[35.2,47.444],[35.341,47.536],[35.169,47.726],[34.955,47.558],[33.972,47.568],[33.961,47.302],[33.573,46.856],[32.385,46.548],[31.982,46.657],[31.899,47.089],[31.895,46.643],[31.446,46.628],[31.58,46.8],[31.41,46.618],[30.781,46.556],[30.519,46.128],[30.142,46.382],[30.459,46.066],[30.157,45.83],[29.98,45.899],[29.72,45.449],[28.721,45.226],[28.214,45.469],[28.515,45.5],[28.519,45.736],[28.979,46.003],[28.931,46.458],[30.149,46.407],[29.888,46.548],[29.968,46.832],[29.558,46.958],[29.574,47.371],[29.192,47.426],[29.175,47.994],[28.492,48.066],[27.583,48.492],[26.725,48.412],[26.826,48.304],[26.188,47.996],[25.311,47.914],[25.041,47.725],[24.583,47.965],[23.177,48.12],[22.896,47.954],[22.384,48.234],[22.161,48.567],[22.566,49.088],[22.891,49.007],[22.641,49.53],[24.07,50.503],[23.958,50.796],[24.136,50.867],[23.649,51.289],[23.678,51.653],[23.996,51.58],[24.392,51.882],[25.782,51.946],[27.201,51.774],[27.738,51.475],[28.268,51.677],[28.766,51.428],[29.119,51.657],[29.316,51.386],[30.18,51.513],[30.538,51.263],[30.56,51.701],[30.932,52.071],[32.065,52.035],[32.36,52.14],[32.376,52.337],[33.824,52.364],[34.416,51.826],[34.105,51.667],[34.308,51.515],[34.244,51.264],[35.12,51.231],[35.406,51.048],[35.39,50.58],[35.628,50.355],[36.068,50.451],[36.664,50.222],[37.491,50.457],[38.033,49.9],[38.33,50.085],[40.169,49.569],[40.029,49.454],[40.228,49.26],[39.664,49.001],[40.08,48.87],[39.668,48.621],[40.021,48.254],[39.738,47.828],[38.843,47.864],[38.773,47.685],[38.311,47.576],[38.149,47.058],[37.538,47.081],[36.829,46.702],[35.906,46.657],[34.987,46.077],[35.318,46.316],[35.187,46.484],[34.55,45.986],[34.395,46.094],[34.549,46.196],[33.737,46.23],[33.886,46.038],[34.64,45.95],[34.522,45.789],[34.778,45.902],[34.66,45.796],[35.382,45.261],[34.826,45.812],[34.684,46.089],[34.82,46.146],[35.464,45.304],[35.835,45.471],[36.597,45.438],[36.425,45.078],[35.527,45.125],[35.08,44.793],[34.73,44.812],[33.741,44.387],[33.379,44.585],[33.597,45.018],[33.032,45.295],[33.157,45.423],[32.48,45.39],[33.681,45.866],[33.611,46.142],[32.538,46.067],[31.898,46.298],[31.89,46.312]]]}},{"type":"Feature","id":"URY","properties":{"name":"Uruguay","ISO_A3":"URY"},"geometry":{"type":"Polygon","coordinates":[[[-53.533,-33.606],[-53.369,-33.744],[-53.783,-34.393],[-54.937,-34.958],[-55.69,-34.762],[-56.162,-34.929],[-57.142,-34.448],[-57.842,-34.476],[-58.432,-33.823],[-58.388,-33.397],[-58.234,-33.345],[-58.418,-33.356],[-58.359,-33.15],[-58.115,-32.969],[-58.205,-31.867],[-57.806,-30.892],[-57.888,-30.502],[-57.648,-30.194],[-57.203,-30.285],[-56.994,-30.086],[-56.187,-30.605],[-56.005,-31.082],[-55.579,-30.84],[-55.246,-31.252],[-54.587,-31.457],[-53.725,-32.096],[-53.583,-32.452],[-53.18,-32.656],[-53.718,-33.187],[-53.537,-33.56],[-53.533,-33.606]]]}},{"type":"Feature","id":"UZB","properties":{"name":"Uzbekistan","ISO_A3":"UZB"},"geometry":{"type":"Polygon","coordinates":[[[66.554,37.355],[66.673,37.975],[65.564,38.288],[62.47,39.958],[61.888,41.105],[61.459,41.297],[61.24,41.145],[60.242,41.331],[60.045,41.753],[60.325,41.768],[59.923,41.994],[60.014,42.223],[59.448,42.29],[58.625,42.798],[58.591,42.648],[58.151,42.629],[58.511,42.278],[58.058,42.508],[57.865,42.172],[57.325,42.145],[56.986,41.898],[57.166,41.359],[57.046,41.242],[55.999,41.319],[55.998,45.0],[58.59,45.59],[61.08,44.377],[62.004,43.506],[65.002,43.715],[65.845,42.859],[66.097,42.938],[65.999,41.937],[66.535,41.877],[66.709,41.141],[67.966,41.148],[68.127,41.032],[67.978,40.831],[68.502,40.58],[68.653,40.613],[68.504,41.0],[68.729,40.97],[69.156,41.434],[70.474,42.109],[71.268,42.205],[70.173,41.516],[70.722,41.465],[70.781,41.225],[71.396,41.108],[71.721,41.549],[72.172,40.995],[73.203,40.758],[72.655,40.51],[72.354,40.597],[72.417,40.397],[72.159,40.483],[71.723,40.171],[71.274,40.343],[70.614,40.192],[70.328,40.455],[70.795,40.732],[70.474,41.041],[69.72,40.629],[69.368,40.788],[69.212,40.541],[69.299,40.189],[68.533,40.144],[69.024,40.122],[68.845,40.072],[68.888,39.865],[68.637,39.856],[68.524,39.532],[67.714,39.659],[67.402,39.533],[67.356,39.227],[68.194,38.94],[68.067,38.393],[68.405,38.178],[67.876,37.563],[67.786,37.173],[66.575,37.369],[66.554,37.355]]]}},{"type":"Feature","id":"VEN","properties":{"name":"Venezuela","ISO_A3":"VEN"},"geometry":{"type":"Polygon","coordinates":[[[-71.334,10.195],[-71.592,10.787],[-71.433,10.796],[-71.492,10.949],[-70.185,11.364],[-70.098,11.54],[-69.725,11.491],[-69.807,11.693],[-70.236,11.632],[-70.291,11.902],[-70.023,12.197],[-69.622,11.467],[-68.83,11.443],[-68.403,11.184],[-68.107,10.48],[-66.234,10.649],[-65.793,10.216],[-65.061,10.061],[-64.176,10.48],[-63.664,10.476],[-64.231,10.504],[-64.268,10.653],[-61.877,10.729],[-63.039,10.453],[-62.949,10.278],[-62.731,10.384],[-62.732,10.056],[-62.498,10.171],[-62.31,9.762],[-62.448,9.575],[-62.195,10.021],[-61.821,9.756],[-61.444,9.822],[-60.789,9.31],[-61.208,8.599],[-62.123,8.725],[-62.655,8.381],[-62.254,8.583],[-61.286,8.39],[-60.722,8.609],[-59.806,8.272],[-60.54,7.816],[-60.714,7.541],[-60.638,7.246],[-60.292,7.069],[-60.711,6.763],[-61.15,6.738],[-61.127,6.188],[-61.411,5.946],[-60.589,4.93],[-61.558,4.252],[-62.751,4.034],[-62.731,3.705],[-62.951,3.611],[-63.398,3.981],[-63.959,3.889],[-64.13,4.102],[-64.8,4.277],[-64.129,3.484],[-64.226,3.132],[-63.983,2.718],[-64.06,2.507],[-63.413,2.452],[-63.361,2.269],[-64.061,1.925],[-64.343,1.382],[-64.395,1.529],[-65.161,1.122],[-65.541,0.649],[-65.558,0.992],[-66.31,0.745],[-66.851,1.226],[-67.217,2.393],[-67.614,2.811],[-67.86,2.786],[-67.311,3.375],[-67.859,4.534],[-67.851,5.3],[-67.624,5.478],[-67.452,6.2],[-69.05,6.223],[-69.288,6.057],[-70.118,6.979],[-71.996,7.009],[-72.187,7.374],[-72.442,7.423],[-72.38,8.31],[-72.766,9.098],[-73.014,9.289],[-73.366,9.172],[-72.945,9.84],[-72.896,10.431],[-71.972,11.644],[-71.343,11.849],[-71.961,11.576],[-71.586,10.669],[-72.127,9.833],[-72.014,9.472],[-71.725,9.376],[-71.718,9.081],[-71.34,9.089],[-71.056,9.322],[-71.026,9.71],[-71.293,10.17],[-71.334,10.195]]]}},{"type":"Feature","id":"VNM","properties":{"name":"Vietnam","ISO_A3":"VNM"},"geometry":{"type":"MultiPolygon","coordinates":[[[[104.439,10.423],[104.869,10.522],[105.117,10.961],[105.346,10.772],[105.348,10.461],[106.185,9.566],[106.158,9.35],[105.507,9.1],[105.106,8.636],[104.737,8.595],[104.897,8.788],[104.888,9.832],[105.102,9.952],[104.453,10.4],[104.439,10.423]]],[[[106.494,20.805],[106.601,20.496],[106.178,20.517],[106.33,20.293],[106.125,19.908],[105.955,19.922],[105.622,18.948],[105.912,18.415],[106.435,18.122],[106.491,17.71],[106.337,17.758],[107.818,16.29],[108.324,16.141],[108.297,15.874],[108.943,15.235],[109.453,12.907],[109.44,12.568],[109.352,12.799],[109.191,12.625],[109.342,12.4],[109.156,12.424],[109.281,11.88],[109.172,12.045],[109.233,11.728],[109.028,11.64],[108.963,11.316],[107.257,10.38],[106.758,10.701],[106.84,10.879],[106.659,10.485],[106.763,10.261],[105.779,10.297],[105.224,10.826],[105.779,11.031],[106.191,10.79],[105.811,11.617],[106.061,11.783],[106.453,11.672],[106.414,11.973],[107.555,12.381],[107.618,13.528],[107.334,14.101],[107.621,15.418],[107.211,15.755],[107.461,16.071],[106.97,16.302],[106.862,16.541],[106.674,16.457],[106.55,17.007],[105.751,17.668],[105.501,18.189],[105.184,18.325],[105.134,18.715],[103.876,19.317],[104.116,19.491],[104.077,19.68],[104.642,19.621],[104.837,19.796],[104.99,20.092],[104.613,20.244],[104.667,20.47],[104.375,20.466],[104.636,20.672],[104.104,20.978],[103.685,20.661],[103.11,20.901],[102.808,21.263],[102.975,21.745],[102.837,21.846],[102.676,21.657],[102.144,22.401],[102.496,22.781],[103.031,22.442],[103.32,22.808],[103.53,22.595],[103.66,22.789],[103.964,22.506],[104.115,22.812],[104.377,22.691],[104.723,22.82],[104.801,23.115],[105.322,23.392],[105.883,22.928],[106.602,22.93],[106.836,22.806],[106.557,22.459],[106.695,21.973],[107.023,21.944],[107.383,21.596],[107.814,21.659],[108.052,21.485],[107.382,21.313],[107.372,21.027],[107.177,20.936],[106.38,21.021],[106.292,21.228],[106.485,20.799],[106.494,20.805]]],[[[105.385,10.571],[106.163,10.188],[106.568,9.737],[106.424,9.523],[105.374,10.57],[105.385,10.571]]]]}},{"type":"Feature","id":"VUT","properties":{"name":"Vanuatu","ISO_A3":"VUT"},"geometry":{"type":"MultiPolygon","coordinates":[[[[166.622,-14.646],[166.841,-15.166],[167.082,-14.943],[167.257,-15.522],[166.821,-15.669],[166.615,-14.644],[166.622,-14.646]]],[[[167.647,-16.269],[167.834,-16.471],[167.473,-16.57],[167.179,-15.903],[167.621,-16.25],[167.647,-16.269]]]]}},{"type":"Feature","id":"WSM","properties":{"name":"Samoa","ISO_A3":"WSM"},"geometry":{"type":"Polygon","coordinates":[[[-172.34,-13.444],[-172.214,-13.791],[-172.529,-13.803],[-172.803,-13.515],[-172.357,-13.44],[-172.34,-13.444]]]}},{"type":"Feature","id":"XKS","properties":{"name":"Kosovo","ISO_A3":"XKS"},"geometry":{"type":"Polygon","coordinates":[[[20.594,41.877],[20.524,42.21],[20.015,42.728],[20.535,42.889],[20.615,43.204],[20.828,43.266],[21.435,42.872],[21.393,42.745],[21.753,42.701],[21.587,42.263],[20.791,42.083],[20.619,41.858],[20.594,41.877]]]}},{"type":"Feature","id":"XQN","properties":{"name":"Abyei","ISO_A3":"XQN"},"geometry":{"type":"Polygon","coordinates":[[[29.0,9.674],[28.744,9.347],[28.039,9.347],[27.833,10.167],[29.0,10.167],[29.0,9.674]]]}},{"type":"Feature","id":"XQO","properties":{"name":"Aksai Chin","ISO_A3":"XQO"},"geometry":{"type":"Polygon","coordinates":[[[77.924,35.497],[78.888,35.958],[79.435,35.973],[79.706,35.639],[80.367,35.525],[80.211,34.895],[79.792,34.481],[79.538,34.479],[79.607,34.238],[79.41,34.01],[78.903,34.002],[79.09,33.637],[78.907,33.62],[78.937,33.387],[78.733,33.569],[78.657,34.074],[79.045,34.325],[78.273,34.63],[78.003,35.243],[78.136,35.487],[77.948,35.478],[77.924,35.497]]]}},{"type":"Feature","id":"XQR","properties":{"name":"Congo River Islands","ISO_A3":"XQR"},"geometry":{"type":"Polygon","coordinates":[[[16.233,-2.615],[16.121,-2.211],[16.781,-1.24],[17.708,-0.587],[16.228,-2.142],[16.247,-2.6],[16.233,-2.615]]]}},{"type":"Feature","id":"XSQ","properties":{"name":"Siachen","ISO_A3":"XSQ"},"geometry":{"type":"Polygon","coordinates":[[[76.767,35.66],[77.823,35.513],[77.006,35.009],[76.893,35.316],[76.767,35.66]]]}},{"type":"Feature","id":"XSV","properties":{"name":"Svalbard","ISO_A3":"XSV"},"geometry":{"type":"MultiPolygon","coordinates":[[[[16.255,80.062],[17.993,79.749],[17.651,79.553],[17.789,79.431],[17.672,79.369],[18.276,79.622],[18.687,79.554],[18.871,79.389],[18.613,79.235],[18.884,79.122],[19.719,79.152],[20.52,78.874],[21.502,78.827],[21.38,78.679],[18.87,78.526],[19.091,78.341],[18.801,78.337],[19.048,78.114],[18.233,77.907],[18.443,77.752],[18.235,77.5],[17.582,77.582],[17.684,77.46],[17.304,77.265],[17.429,77.231],[17.32,77.07],[17.012,77.046],[17.267,76.94],[16.769,76.841],[17.149,76.717],[16.772,76.566],[15.513,76.887],[16.584,77.063],[15.224,77.018],[13.895,77.489],[16.176,77.433],[14.853,77.677],[17.155,77.782],[13.732,77.737],[13.574,78.049],[14.314,77.969],[14.198,78.105],[17.421,78.443],[16.329,78.45],[16.965,78.649],[16.584,78.71],[15.458,78.457],[15.176,78.603],[15.455,78.639],[15.331,78.831],[14.933,78.589],[14.272,78.719],[14.549,78.565],[14.256,78.47],[14.764,78.388],[12.976,78.202],[12.909,78.377],[12.351,78.483],[13.296,78.575],[12.013,78.608],[11.547,78.737],[11.934,78.821],[11.317,78.964],[12.557,78.863],[12.53,78.997],[11.645,79.068],[12.238,79.206],[11.554,79.359],[11.647,79.157],[11.179,79.114],[10.856,79.333],[10.999,79.444],[10.663,79.545],[11.581,79.627],[11.161,79.726],[11.699,79.836],[12.248,79.639],[12.194,79.84],[13.771,79.878],[13.96,79.804],[13.669,79.694],[12.296,79.588],[13.466,79.571],[13.226,79.473],[13.962,79.283],[14.114,79.33],[13.827,79.537],[14.701,79.791],[15.269,79.607],[15.758,79.229],[15.6,79.123],[16.446,78.888],[15.605,79.8],[16.06,79.869],[15.928,79.957],[16.164,80.046],[16.255,80.062]]],[[[23.119,78.207],[23.528,77.927],[24.305,77.926],[23.671,77.504],[22.673,77.242],[22.54,77.288],[22.783,77.459],[22.669,77.517],[23.034,77.541],[22.698,77.635],[20.867,77.443],[21.542,77.929],[20.833,78.117],[23.016,78.22],[23.119,78.207]]],[[[22.849,80.486],[23.316,80.424],[23.095,80.385],[23.304,80.286],[23.042,80.238],[23.104,80.113],[24.864,80.333],[27.197,80.076],[27.136,79.842],[24.0,79.208],[20.733,79.368],[19.668,79.611],[21.142,79.532],[20.47,79.666],[21.842,79.691],[21.587,79.819],[18.749,79.712],[18.084,79.899],[18.79,80.034],[17.796,80.144],[19.379,80.093],[19.561,80.136],[19.004,80.33],[19.685,80.213],[19.865,80.38],[19.456,80.394],[19.613,80.504],[20.808,80.203],[21.83,80.255],[21.609,80.126],[22.251,79.984],[22.511,80.047],[22.37,80.164],[22.584,80.295],[22.327,80.382],[22.682,80.335],[22.746,80.5],[22.849,80.486]]]]}},{"type":"Feature","id":"XWB","properties":{"name":"West Bank","ISO_A3":"XWB"},"geometry":{"type":"Polygon","coordinates":[[[35.476,31.493],[34.88,31.392],[35.242,31.759],[34.984,31.829],[34.957,32.19],[35.224,32.552],[35.555,32.389],[35.48,31.567],[35.476,31.493]]]}},{"type":"Feature","id":"YEM","properties":{"name":"Yemen","ISO_A3":"YEM"},"geometry":{"type":"MultiPolygon","coordinates":[[[[53.548,12.711],[54.527,12.543],[53.677,12.305],[53.309,12.528],[53.524,12.712],[53.548,12.711]]],[[[42.771,16.404],[43.235,16.643],[43.152,17.175],[43.355,17.556],[43.832,17.339],[45.217,17.433],[46.75,17.283],[47.183,16.95],[48.183,18.167],[49.117,18.617],[52.0,19.0],[53.109,16.65],[52.384,16.368],[52.148,15.973],[52.224,15.64],[51.628,15.33],[49.562,14.735],[49.079,14.51],[48.686,14.046],[47.972,14.049],[46.701,13.429],[45.675,13.355],[45.037,12.754],[44.589,12.816],[43.946,12.593],[43.453,12.694],[42.944,14.924],[42.599,15.227],[42.811,15.287],[42.761,16.375],[42.771,16.404]]]]}},{"type":"Feature","id":"ZAF","properties":{"name":"South Africa","ISO_A3":"ZAF"},"geometry":{"type":"Polygon","coordinates":[[[32.07,-28.798],[31.244,-29.497],[29.996,-31.308],[28.508,-32.606],[26.877,-33.623],[25.856,-33.721],[25.634,-33.864],[25.702,-34.032],[25.009,-33.976],[24.831,-34.214],[22.563,-33.997],[21.787,-34.387],[20.489,-34.488],[19.996,-34.835],[19.316,-34.624],[19.271,-34.41],[18.827,-34.388],[18.805,-34.098],[18.439,-34.132],[18.468,-34.359],[18.316,-34.145],[18.43,-33.679],[17.848,-32.833],[18.314,-32.565],[18.279,-31.894],[16.455,-28.632],[16.775,-28.449],[16.9,-28.074],[17.343,-28.238],[17.43,-28.723],[19.282,-28.91],[19.569,-28.528],[19.999,-28.428],[19.999,-24.762],[20.384,-25.034],[20.813,-25.869],[20.862,-26.127],[20.604,-26.52],[20.687,-26.903],[21.695,-26.861],[22.549,-26.226],[23.013,-25.298],[23.466,-25.277],[23.925,-25.636],[24.686,-25.823],[25.5,-25.69],[25.858,-24.756],[26.409,-24.646],[26.866,-24.24],[27.0,-23.651],[27.742,-23.23],[28.346,-22.572],[28.918,-22.461],[29.036,-22.217],[29.653,-22.126],[31.31,-22.422],[31.56,-23.481],[31.985,-24.305],[31.976,-25.953],[31.315,-25.743],[30.831,-26.411],[30.803,-26.825],[31.494,-27.315],[31.977,-27.317],[32.03,-26.806],[32.894,-26.859],[32.413,-28.496],[32.091,-28.794],[32.07,-28.798]],[[28.703,-28.618],[27.764,-28.898],[27.363,-29.484],[27.011,-29.649],[27.376,-30.326],[28.108,-30.678],[28.207,-30.291],[29.169,-29.916],[29.446,-29.378],[28.699,-28.645],[28.703,-28.618]]]}},{"type":"Feature","id":"ZMB","properties":{"name":"Zambia","ISO_A3":"ZMB"},"geometry":{"type":"Polygon","coordinates":[[[23.434,-17.638],[22.0,-16.207],[22.004,-13.0],[24.058,-13.001],[23.894,-12.841],[24.077,-12.381],[24.065,-10.889],[24.391,-11.101],[24.28,-11.388],[24.439,-11.466],[25.354,-11.201],[25.332,-11.627],[25.98,-11.948],[26.876,-11.985],[27.208,-11.569],[27.65,-12.286],[28.438,-12.514],[29.006,-13.423],[29.586,-13.204],[29.815,-13.444],[29.815,-12.15],[29.483,-12.25],[29.483,-12.458],[29.04,-12.383],[28.386,-11.587],[28.698,-10.668],[28.577,-10.222],[28.697,-9.801],[28.38,-9.253],[28.912,-8.767],[28.891,-8.477],[30.773,-8.203],[31.051,-8.611],[31.373,-8.588],[31.679,-8.917],[32.437,-9.119],[33.22,-9.622],[33.709,-10.567],[33.246,-10.89],[33.407,-11.157],[33.238,-11.412],[33.257,-12.14],[33.549,-12.372],[33.046,-12.624],[33.012,-13.219],[32.685,-13.623],[33.039,-14.053],[33.242,-13.998],[30.22,-14.997],[30.422,-15.621],[29.564,-15.645],[28.942,-15.941],[28.801,-16.5],[27.829,-16.959],[27.042,-17.961],[25.919,-17.997],[24.728,-17.5],[23.623,-17.6],[23.434,-17.638]]]}},{"type":"Feature","id":"ZWE","properties":{"name":"Zimbabwe","ISO_A3":"ZWE"},"geometry":{"type":"Polygon","coordinates":[[[29.375,-22.195],[29.04,-22.004],[28.999,-21.771],[28.022,-21.576],[27.693,-21.087],[27.73,-20.523],[27.289,-20.499],[27.206,-20.082],[26.165,-19.539],[25.952,-18.913],[25.238,-17.913],[25.687,-17.809],[25.919,-17.997],[26.217,-17.884],[26.693,-18.077],[27.042,-17.961],[27.829,-16.959],[28.801,-16.5],[28.851,-16.039],[29.222,-15.768],[30.422,-15.621],[30.422,-16.006],[31.278,-16.005],[31.914,-16.408],[32.99,-16.7],[32.833,-16.923],[33.053,-17.345],[32.938,-18.015],[33.067,-18.348],[32.698,-18.937],[32.885,-19.103],[32.777,-19.46],[33.062,-19.776],[33.028,-20.035],[32.497,-20.614],[32.372,-21.133],[32.497,-21.341],[31.31,-22.422],[29.424,-22.171],[29.375,-22.195]]]}}]}